ISO-10303-21;
HEADER;
FILE_DESCRIPTION (( 'STEP AP203' ),
    '1' );
FILE_NAME ('D5 - Motor Holder.STEP',
    '2026-05-07T09:35:27',
    ( '' ),
    ( '' ),
    'SwSTEP 2.0',
    'SolidWorks 2025',
    '' );
FILE_SCHEMA (( 'CONFIG_CONTROL_DESIGN' ));
ENDSEC;

DATA;
#1 = EDGE_CURVE ( 'NONE', #543, #1465, #419, .T. ) ;
#2 =( NAMED_UNIT ( * ) PLANE_ANGLE_UNIT ( ) SI_UNIT ( $, .RADIAN. ) );
#3 = LOCAL_TIME ( 11, 35, 27.00000000000000000, #1298 ) ;
#4 = VECTOR ( 'NONE', #434, 1000.000000000000000 ) ;
#5 = EDGE_LOOP ( 'NONE', ( #1784, #742, #973, #772 ) ) ;
#6 = FACE_OUTER_BOUND ( 'NONE', #1232, .T. ) ;
#7 = ORIENTED_EDGE ( 'NONE', *, *, #1081, .F. ) ;
#8 = DIRECTION ( 'NONE',  ( -0.000000000000000000, -1.000000000000000000, 0.000000000000000000 ) ) ;
#9 = VERTEX_POINT ( 'NONE', #1091 ) ;
#10 = LINE ( 'NONE', #20, #226 ) ;
#11 = CARTESIAN_POINT ( 'NONE',  ( -3.000000000000000000, 0.000000000000000000, 32.70000000000000284 ) ) ;
#12 = ORIENTED_EDGE ( 'NONE', *, *, #1434, .T. ) ;
#13 = ORIENTED_EDGE ( 'NONE', *, *, #1007, .F. ) ;
#14 = FACE_OUTER_BOUND ( 'NONE', #1989, .T. ) ;
#15 = PRODUCT_DEFINITION_SHAPE ( 'NONE', 'NONE',  #620 ) ;
#16 = CARTESIAN_POINT ( 'NONE',  ( 24.30000000000000071, 1.999999999999999556, 32.70000000000000284 ) ) ;
#17 = CARTESIAN_POINT ( 'NONE',  ( -3.000000000000002220, 2.000000000000000000, 28.67999999999999972 ) ) ;
#18 = EDGE_CURVE ( 'NONE', #927, #30, #786, .T. ) ;
#19 = ORIENTED_EDGE ( 'NONE', *, *, #1334, .F. ) ;
#20 = CARTESIAN_POINT ( 'NONE',  ( 23.79999999999998650, -5.000000000000000000, 30.20000000000000284 ) ) ;
#21 = CARTESIAN_POINT ( 'NONE',  ( -3.000000000000000000, 0.000000000000000000, 2.930000000000001936 ) ) ;
#22 = VERTEX_POINT ( 'NONE', #940 ) ;
#23 = VERTEX_POINT ( 'NONE', #443 ) ;
#24 = DIRECTION ( 'NONE',  ( 1.000000000000000000, 1.398970545142586048E-16, 0.000000000000000000 ) ) ;
#25 = DIRECTION ( 'NONE',  ( 1.000000000000000000, 0.000000000000000000, 0.000000000000000000 ) ) ;
#26 = ORIENTED_EDGE ( 'NONE', *, *, #1909, .T. ) ;
#27 = EDGE_CURVE ( 'NONE', #328, #543, #146, .T. ) ;
#28 = DIRECTION ( 'NONE',  ( 0.000000000000000000, -1.000000000000000000, 0.000000000000000000 ) ) ;
#29 = DIRECTION ( 'NONE',  ( 0.000000000000000000, 0.000000000000000000, -1.000000000000000000 ) ) ;
#30 = VERTEX_POINT ( 'NONE', #1827 ) ;
#31 = VECTOR ( 'NONE', #1774, 1000.000000000000000 ) ;
#32 = VECTOR ( 'NONE', #1213, 1000.000000000000000 ) ;
#33 = VECTOR ( 'NONE', #931, 1000.000000000000000 ) ;
#34 = VECTOR ( 'NONE', #1595, 1000.000000000000000 ) ;
#35 = CARTESIAN_POINT ( 'NONE',  ( 21.80000000000000426, 25.44999999999999574, 0.000000000000000000 ) ) ;
#36 = PLANE ( 'NONE',  #490 ) ;
#37 = CARTESIAN_POINT ( 'NONE',  ( 20.80000000000000426, 11.17999999999999972, 3.930000000000000160 ) ) ;
#38 = DIRECTION ( 'NONE',  ( 1.000000000000000000, 0.000000000000000000, 0.000000000000000000 ) ) ;
#39 = AXIS2_PLACEMENT_3D ( 'NONE', #1966, #440, #1489 ) ;
#40 = EDGE_LOOP ( 'NONE', ( #453, #58, #1570, #70 ) ) ;
#41 = CARTESIAN_POINT ( 'NONE',  ( 18.80000000000000426, 0.000000000000000000, 32.70000000000000284 ) ) ;
#42 = LINE ( 'NONE', #994, #228 ) ;
#43 = EDGE_CURVE ( 'NONE', #251, #216, #1234, .T. ) ;
#44 = ORIENTED_EDGE ( 'NONE', *, *, #832, .T. ) ;
#45 = AXIS2_PLACEMENT_3D ( 'NONE', #1652, #280, #1822 ) ;
#46 = DIRECTION ( 'NONE',  ( 0.000000000000000000, 0.000000000000000000, -1.000000000000000000 ) ) ;
#47 = ORIENTED_EDGE ( 'NONE', *, *, #1031, .T. ) ;
#48 = CARTESIAN_POINT ( 'NONE',  ( 21.80000000000000782, -5.000000000000000000, 28.69999999999999929 ) ) ;
#49 = CARTESIAN_POINT ( 'NONE',  ( 0.000000000000000000, 0.000000000000000000, 32.70000000000000284 ) ) ;
#50 = VERTEX_POINT ( 'NONE', #614 ) ;
#51 = DIRECTION ( 'NONE',  ( 0.000000000000000000, -1.000000000000000000, 0.000000000000000000 ) ) ;
#52 = APPROVAL_STATUS ( 'not_yet_approved' ) ;
#53 = ADVANCED_FACE ( 'NONE', ( #1675 ), #96, .F. ) ;
#54 = DIRECTION ( 'NONE',  ( 1.000000000000000000, 0.000000000000000000, 0.000000000000000000 ) ) ;
#55 = VERTEX_POINT ( 'NONE', #1203 ) ;
#56 = FACE_OUTER_BOUND ( 'NONE', #441, .T. ) ;
#57 = DIRECTION ( 'NONE',  ( 0.7071067811865473507, 8.659560562354937789E-17, 0.7071067811865477948 ) ) ;
#58 = ORIENTED_EDGE ( 'NONE', *, *, #589, .F. ) ;
#59 = DIRECTION ( 'NONE',  ( -0.000000000000000000, -0.000000000000000000, -1.000000000000000000 ) ) ;
#60 = CALENDAR_DATE ( 2026, 7, 5 ) ;
#61 = VECTOR ( 'NONE', #1051, 1000.000000000000000 ) ;
#62 = VECTOR ( 'NONE', #687, 1000.000000000000000 ) ;
#63 = EDGE_CURVE ( 'NONE', #495, #571, #1819, .T. ) ;
#64 = VECTOR ( 'NONE', #1249, 1000.000000000000000 ) ;
#65 = VECTOR ( 'NONE', #1430, 1000.000000000000000 ) ;
#66 = DIRECTION ( 'NONE',  ( 0.000000000000000000, -1.000000000000000000, 0.000000000000000000 ) ) ;
#67 = DIRECTION ( 'NONE',  ( -0.000000000000000000, -0.000000000000000000, -1.000000000000000000 ) ) ;
#68 = CIRCLE ( 'NONE', #1975, 2.500000000000015987 ) ;
#69 = DIRECTION ( 'NONE',  ( 0.000000000000000000, 0.000000000000000000, 1.000000000000000000 ) ) ;
#70 = ORIENTED_EDGE ( 'NONE', *, *, #1970, .F. ) ;
#71 = CARTESIAN_POINT ( 'NONE',  ( 20.80000000000000426, 11.17999999999999972, 3.930000000000000160 ) ) ;
#72 = PLANE ( 'NONE',  #1513 ) ;
#73 = VECTOR ( 'NONE', #960, 1000.000000000000000 ) ;
#74 = ORIENTED_EDGE ( 'NONE', *, *, #1897, .T. ) ;
#75 = CARTESIAN_POINT ( 'NONE',  ( 23.79999999999998650, -5.000000000000000000, 15.19999999999999751 ) ) ;
#76 = APPROVAL_ROLE ( '' ) ;
#77 = EDGE_CURVE ( 'NONE', #765, #806, #912, .T. ) ;
#78 = CARTESIAN_POINT ( 'NONE',  ( -3.000000000000000000, 0.000000000000000000, 0.000000000000000000 ) ) ;
#79 = ORIENTED_EDGE ( 'NONE', *, *, #1209, .T. ) ;
#80 = DIRECTION ( 'NONE',  ( 1.000000000000000000, -0.000000000000000000, -0.000000000000000000 ) ) ;
#81 = DIRECTION ( 'NONE',  ( 1.000000000000000000, 0.000000000000000000, 0.000000000000000000 ) ) ;
#82 = EDGE_CURVE ( 'NONE', #1527, #1669, #1518, .T. ) ;
#83 = ORIENTED_EDGE ( 'NONE', *, *, #741, .F. ) ;
#84 = CARTESIAN_POINT ( 'NONE',  ( 24.30000000000000071, -10.00000000000000000, 32.70000000000000284 ) ) ;
#85 = APPROVAL_DATE_TIME ( #351, #432 ) ;
#86 = EDGE_LOOP ( 'NONE', ( #825, #516, #1927, #776 ) ) ;
#87 = LINE ( 'NONE', #1936, #261 ) ;
#88 = ORIENTED_EDGE ( 'NONE', *, *, #708, .T. ) ;
#89 = DIRECTION ( 'NONE',  ( -1.000000000000000000, 0.000000000000000000, 0.000000000000000000 ) ) ;
#90 = LINE ( 'NONE', #1182, #2002 ) ;
#91 = ORIENTED_EDGE ( 'NONE', *, *, #439, .T. ) ;
#92 = EDGE_CURVE ( 'NONE', #469, #291, #1714, .T. ) ;
#93 = CARTESIAN_POINT ( 'NONE',  ( 23.79999999999998650, -5.000000000000000000, 15.19999999999999751 ) ) ;
#94 = AXIS2_PLACEMENT_3D ( 'NONE', #744, #545, #896 ) ;
#95 = DIRECTION ( 'NONE',  ( 1.000000000000000000, -0.000000000000000000, -0.000000000000000000 ) ) ;
#96 = CONICAL_SURFACE ( 'NONE', #1483, 1.500000000000001332, 0.7853981633974485010 ) ;
#97 = AXIS2_PLACEMENT_3D ( 'NONE', #758, #528, #29 ) ;
#98 = CARTESIAN_POINT ( 'NONE',  ( 0.000000000000000000, 2.000000000000000000, 0.000000000000000000 ) ) ;
#99 = CARTESIAN_POINT ( 'NONE',  ( -3.000000000000003109, 25.44999999999999218, 0.000000000000000000 ) ) ;
#100 = ORIENTED_EDGE ( 'NONE', *, *, #1044, .F. ) ;
#101 = VECTOR ( 'NONE', #935, 1000.000000000000000 ) ;
#102 = AXIS2_PLACEMENT_3D ( 'NONE', #1346, #753, #275 ) ;
#103 = EDGE_CURVE ( 'NONE', #488, #251, #482, .T. ) ;
#104 = CARTESIAN_POINT ( 'NONE',  ( -1.999999999999994449, 11.18000000000000149, 10.92999999999999794 ) ) ;
#105 = EDGE_LOOP ( 'NONE', ( #897, #1110, #1224, #1385, #1671, #1403, #1131, #198, #1958, #917 ) ) ;
#106 = PLANE ( 'NONE',  #102 ) ;
#107 = CARTESIAN_POINT ( 'NONE',  ( 24.80000000000000426, -5.000000000000000000, 26.19999999999998508 ) ) ;
#108 = EDGE_CURVE ( 'NONE', #491, #1585, #1676, .T. ) ;
#109 = ORIENTED_EDGE ( 'NONE', *, *, #1407, .F. ) ;
#110 = DIRECTION ( 'NONE',  ( 0.000000000000000000, -1.000000000000000000, 0.000000000000000000 ) ) ;
#111 = CARTESIAN_POINT ( 'NONE',  ( 21.80000000000000782, -5.000000000000000000, 15.19999999999999751 ) ) ;
#112 = PERSON ( 'UNSPECIFIED', 'UNSPECIFIED', 'UNSPECIFIED', ('UNSPECIFIED'), ('UNSPECIFIED'), ('UNSPECIFIED') ) ;
#113 = EDGE_CURVE ( 'NONE', #1505, #968, #1510, .T. ) ;
#114 = DIRECTION ( 'NONE',  ( 0.000000000000000000, 1.000000000000000000, 0.000000000000000000 ) ) ;
#115 = CARTESIAN_POINT ( 'NONE',  ( 21.80000000000000782, -6.302828629382400950E-15, 12.69999999999999929 ) ) ;
#116 = DIRECTION ( 'NONE',  ( 1.000000000000000000, -2.891205793294678326E-16, 0.000000000000000000 ) ) ;
#117 = ORIENTED_EDGE ( 'NONE', *, *, #427, .T. ) ;
#118 = ORIENTED_EDGE ( 'NONE', *, *, #1789, .T. ) ;
#119 = DIRECTION ( 'NONE',  ( 1.000000000000000000, -0.000000000000000000, -0.000000000000000000 ) ) ;
#120 = EDGE_CURVE ( 'NONE', #735, #1285, #126, .T. ) ;
#121 = VECTOR ( 'NONE', #1816, 1000.000000000000000 ) ;
#122 = ORIENTED_EDGE ( 'NONE', *, *, #1650, .T. ) ;
#123 = DIRECTION ( 'NONE',  ( -0.000000000000000000, -0.000000000000000000, -1.000000000000000000 ) ) ;
#124 = ORIENTED_EDGE ( 'NONE', *, *, #1311, .T. ) ;
#125 = VECTOR ( 'NONE', #849, 1000.000000000000000 ) ;
#126 = LINE ( 'NONE', #1059, #32 ) ;
#127 = VERTEX_POINT ( 'NONE', #764 ) ;
#128 = VECTOR ( 'NONE', #302, 1000.000000000000000 ) ;
#129 = FACE_BOUND ( 'NONE', #751, .T. ) ;
#130 = VECTOR ( 'NONE', #1329, 1000.000000000000000 ) ;
#131 = VECTOR ( 'NONE', #1497, 1000.000000000000000 ) ;
#132 = EDGE_CURVE ( 'NONE', #1632, #1553, #929, .T. ) ;
#133 = DIRECTION ( 'NONE',  ( 0.000000000000000000, -1.000000000000000000, 0.000000000000000000 ) ) ;
#134 =( BOUNDED_CURVE ( )  B_SPLINE_CURVE ( 3, ( #787, #311, #1991, #637 ),
 .UNSPECIFIED., .F., .F. ) 
 B_SPLINE_CURVE_WITH_KNOTS ( ( 4, 4 ),
 ( 1.570796326794896558, 3.141592653589793116 ),
 .UNSPECIFIED. ) 
 CURVE ( )  GEOMETRIC_REPRESENTATION_ITEM ( )  RATIONAL_B_SPLINE_CURVE ( ( 1.000000000000000000, 0.8047378541243649375, 0.8047378541243649375, 1.000000000000000000 ) ) 
 REPRESENTATION_ITEM ( '' )  );
#135 = VERTEX_POINT ( 'NONE', #168 ) ;
#136 = LINE ( 'NONE', #247, #822 ) ;
#137 = EDGE_CURVE ( 'NONE', #1259, #1052, #326, .T. ) ;
#138 = VERTEX_POINT ( 'NONE', #1528 ) ;
#139 = DIRECTION ( 'NONE',  ( 1.000000000000000000, -0.000000000000000000, -0.000000000000000000 ) ) ;
#140 = VERTEX_POINT ( 'NONE', #1850 ) ;
#141 = EDGE_CURVE ( 'NONE', #1099, #1465, #616, .T. ) ;
#142 = CARTESIAN_POINT ( 'NONE',  ( 21.80000000000000426, 11.18000000000000149, 11.92999999999999261 ) ) ;
#143 = AXIS2_PLACEMENT_3D ( 'NONE', #1868, #1549, #24 ) ;
#144 = ORIENTED_EDGE ( 'NONE', *, *, #538, .T. ) ;
#145 = LINE ( 'NONE', #643, #566 ) ;
#146 = LINE ( 'NONE', #1212, #1229 ) ;
#147 = DIRECTION ( 'NONE',  ( 0.000000000000000000, 0.000000000000000000, -1.000000000000000000 ) ) ;
#148 = ORIENTED_EDGE ( 'NONE', *, *, #1396, .T. ) ;
#149 = LINE ( 'NONE', #1046, #645 ) ;
#150 = DIRECTION ( 'NONE',  ( 1.000000000000000000, -0.000000000000000000, -0.000000000000000000 ) ) ;
#151 = EDGE_CURVE ( 'NONE', #291, #1043, #1538, .T. ) ;
#152 = ORIENTED_EDGE ( 'NONE', *, *, #1054, .T. ) ;
#153 = DIRECTION ( 'NONE',  ( 0.000000000000000000, 1.000000000000000000, 7.758155080397172067E-17 ) ) ;
#154 = EDGE_LOOP ( 'NONE', ( #894, #1806, #26, #746, #1010, #1093 ) ) ;
#155 = CARTESIAN_POINT ( 'NONE',  ( 23.79999999999998650, -5.000000000000000000, 18.19999999999999929 ) ) ;
#156 = DIRECTION ( 'NONE',  ( 1.000000000000000000, 0.000000000000000000, 0.000000000000000000 ) ) ;
#157 = VERTEX_POINT ( 'NONE', #1082 ) ;
#158 = CARTESIAN_POINT ( 'NONE',  ( -8.500000000000000000, 2.000000000000000000, 27.67999999999999972 ) ) ;
#159 = AXIS2_PLACEMENT_3D ( 'NONE', #1341, #923, #570 ) ;
#160 = CARTESIAN_POINT ( 'NONE',  ( -3.000000000000000000, 0.000000000000000000, 32.70000000000000284 ) ) ;
#161 = AXIS2_PLACEMENT_3D ( 'NONE', #527, #1920, #1792 ) ;
#162 = ORIENTED_EDGE ( 'NONE', *, *, #933, .T. ) ;
#163 = ADVANCED_FACE ( 'NONE', ( #1399 ), #1223, .F. ) ;
#164 = AXIS2_PLACEMENT_3D ( 'NONE', #1362, #293, #1378 ) ;
#165 = ORIENTED_EDGE ( 'NONE', *, *, #1684, .T. ) ;
#166 = CARTESIAN_POINT ( 'NONE',  ( -10.89999999999999680, 11.18000000000000149, 10.92999999999999972 ) ) ;
#167 = ORIENTED_EDGE ( 'NONE', *, *, #1871, .T. ) ;
#168 = CARTESIAN_POINT ( 'NONE',  ( -3.000000000000001332, 11.17999999999999972, 2.930000000000003713 ) ) ;
#169 = ORIENTED_EDGE ( 'NONE', *, *, #600, .F. ) ;
#170 = CARTESIAN_POINT ( 'NONE',  ( 16.80000000000000071, 20.44999999999999574, 0.000000000000000000 ) ) ;
#171 = DIRECTION ( 'NONE',  ( 1.000000000000000000, -0.000000000000000000, -0.000000000000000000 ) ) ;
#172 = ORIENTED_EDGE ( 'NONE', *, *, #1684, .F. ) ;
#173 = DIRECTION ( 'NONE',  ( -1.192835396054779323E-16, 1.000000000000000000, 7.758155080397172067E-17 ) ) ;
#174 = ADVANCED_FACE ( 'NONE', ( #1708 ), #1699, .T. ) ;
#175 = ORIENTED_EDGE ( 'NONE', *, *, #1381, .T. ) ;
#176 = CARTESIAN_POINT ( 'NONE',  ( 21.80000000000000782, -5.000000000000000000, 30.20000000000000284 ) ) ;
#177 = ORIENTED_EDGE ( 'NONE', *, *, #729, .T. ) ;
#178 = DIRECTION ( 'NONE',  ( -0.000000000000000000, 1.000000000000000000, -0.000000000000000000 ) ) ;
#179 = CARTESIAN_POINT ( 'NONE',  ( 24.80000000000000426, -5.000000000000000000, 28.69999999999999929 ) ) ;
#180 = EDGE_LOOP ( 'NONE', ( #1705, #1336, #633, #1829 ) ) ;
#181 = CARTESIAN_POINT ( 'NONE',  ( 18.80000000000000071, 22.44999999999999929, 32.70000000000000284 ) ) ;
#182 = ORIENTED_EDGE ( 'NONE', *, *, #1919, .F. ) ;
#183 = DIRECTION ( 'NONE',  ( 1.000000000000000000, -0.000000000000000000, -0.000000000000000000 ) ) ;
#184 = EDGE_CURVE ( 'NONE', #1285, #349, #134, .T. ) ;
#185 = EDGE_CURVE ( 'NONE', #22, #1244, #1246, .T. ) ;
#186 = DIRECTION ( 'NONE',  ( -0.000000000000000000, -0.000000000000000000, -1.000000000000000000 ) ) ;
#187 = ORIENTED_EDGE ( 'NONE', *, *, #1216, .T. ) ;
#188 = CARTESIAN_POINT ( 'NONE',  ( 21.80000000000000426, 0.000000000000000000, 2.930000000000005489 ) ) ;
#189 = CARTESIAN_POINT ( 'NONE',  ( 21.80000000000000426, 0.000000000000000000, 11.92999999999999616 ) ) ;
#190 = ORIENTED_EDGE ( 'NONE', *, *, #1344, .T. ) ;
#191 = AXIS2_PLACEMENT_3D ( 'NONE', #1002, #1770, #1621 ) ;
#192 = AXIS2_PLACEMENT_3D ( 'NONE', #858, #1926, #1615 ) ;
#193 = DIRECTION ( 'NONE',  ( 0.000000000000000000, 0.000000000000000000, 1.000000000000000000 ) ) ;
#194 = DIRECTION ( 'NONE',  ( 1.000000000000000000, 0.000000000000000000, 0.000000000000000000 ) ) ;
#195 = DIRECTION ( 'NONE',  ( 0.000000000000000000, 0.000000000000000000, 1.000000000000000000 ) ) ;
#196 = LOCAL_TIME ( 11, 35, 27.00000000000000000, #521 ) ;
#197 = AXIS2_PLACEMENT_3D ( 'NONE', #983, #532, #1148 ) ;
#198 = ORIENTED_EDGE ( 'NONE', *, *, #1256, .T. ) ;
#199 = CARTESIAN_POINT ( 'NONE',  ( 21.80000000000000426, 0.000000000000000000, 32.70000000000000284 ) ) ;
#200 = DIRECTION ( 'NONE',  ( 0.000000000000000000, -1.000000000000000000, 0.000000000000000000 ) ) ;
#201 = VERTEX_POINT ( 'NONE', #1837 ) ;
#202 = EDGE_CURVE ( 'NONE', #1934, #735, #360, .T. ) ;
#203 = DIRECTION ( 'NONE',  ( 0.000000000000000000, 0.000000000000000000, -1.000000000000000000 ) ) ;
#204 = DATE_TIME_ROLE ( 'classification_date' ) ;
#205 = FACE_OUTER_BOUND ( 'NONE', #722, .T. ) ;
#206 = EDGE_LOOP ( 'NONE', ( #478, #1175, #1779, #1952 ) ) ;
#207 = DIRECTION ( 'NONE',  ( 0.000000000000000000, -1.000000000000000000, -7.758155080397172067E-17 ) ) ;
#208 = CARTESIAN_POINT ( 'NONE',  ( -8.499999999999996447, 0.000000000000000000, 11.92999999999999972 ) ) ;
#209 = ORIENTED_EDGE ( 'NONE', *, *, #503, .T. ) ;
#210 = ADVANCED_BREP_SHAPE_REPRESENTATION ( 'D5 - Motor Holder', ( #673, #400 ), #979 ) ;
#211 = EDGE_CURVE ( 'NONE', #346, #416, #452, .T. ) ;
#212 = DIRECTION ( 'NONE',  ( 0.000000000000000000, 0.000000000000000000, 1.000000000000000000 ) ) ;
#213 = LINE ( 'NONE', #1766, #1665 ) ;
#214 = CARTESIAN_POINT ( 'NONE',  ( 0.000000000000000000, 22.44999999999999929, 32.70000000000000284 ) ) ;
#215 = DIRECTION ( 'NONE',  ( -1.545410669021654585E-16, 1.000000000000000000, 0.000000000000000000 ) ) ;
#216 = VERTEX_POINT ( 'NONE', #629 ) ;
#217 = FACE_OUTER_BOUND ( 'NONE', #1969, .T. ) ;
#218 = CARTESIAN_POINT ( 'NONE',  ( -6.250000000000001776, 2.000000000000000000, 12.92499999999999183 ) ) ;
#219 = EDGE_CURVE ( 'NONE', #140, #1376, #1102, .T. ) ;
#220 = ORIENTED_EDGE ( 'NONE', *, *, #989, .T. ) ;
#221 = EDGE_CURVE ( 'NONE', #234, #985, #1452, .T. ) ;
#222 = CARTESIAN_POINT ( 'NONE',  ( 24.80000000000000426, -5.000000000000000000, 16.69999999999999929 ) ) ;
#223 = APPROVAL_DATE_TIME ( #1610, #1061 ) ;
#224 = VECTOR ( 'NONE', #1487, 1000.000000000000000 ) ;
#225 = VECTOR ( 'NONE', #1759, 1000.000000000000000 ) ;
#226 = VECTOR ( 'NONE', #1276, 1000.000000000000000 ) ;
#227 = EDGE_CURVE ( 'NONE', #1623, #1788, #597, .T. ) ;
#228 = VECTOR ( 'NONE', #200, 1000.000000000000000 ) ;
#229 = DIRECTION ( 'NONE',  ( 0.000000000000000000, 0.000000000000000000, -1.000000000000000000 ) ) ;
#230 = ORIENTED_EDGE ( 'NONE', *, *, #1558, .T. ) ;
#231 = DIRECTION ( 'NONE',  ( 0.000000000000000000, -3.103262032158867841E-16, -1.000000000000000000 ) ) ;
#232 = CARTESIAN_POINT ( 'NONE',  ( 24.30000000000000071, 1.999999999999999556, 32.70000000000000284 ) ) ;
#233 = AXIS2_PLACEMENT_3D ( 'NONE', #1654, #266, #114 ) ;
#234 = VERTEX_POINT ( 'NONE', #1449 ) ;
#235 = DIRECTION ( 'NONE',  ( 0.000000000000000000, 0.000000000000000000, -1.000000000000000000 ) ) ;
#236 = DIRECTION ( 'NONE',  ( -1.000000000000000000, 0.000000000000000000, 0.000000000000000000 ) ) ;
#237 = EDGE_CURVE ( 'NONE', #135, #251, #818, .T. ) ;
#238 = EDGE_LOOP ( 'NONE', ( #1033, #118 ) ) ;
#239 = PLANE ( 'NONE',  #615 ) ;
#240 = CARTESIAN_POINT ( 'NONE',  ( -1.739999999999999991, 11.17999999999998373, 18.09499999999999886 ) ) ;
#241 = ORIENTED_EDGE ( 'NONE', *, *, #907, .T. ) ;
#242 = CARTESIAN_POINT ( 'NONE',  ( 18.80000000000000071, 22.44999999999999929, 0.000000000000000000 ) ) ;
#243 = EDGE_LOOP ( 'NONE', ( #884, #117, #1339, #1600 ) ) ;
#244 = CARTESIAN_POINT ( 'NONE',  ( -3.000000000000000000, 0.000000000000000000, 32.70000000000000284 ) ) ;
#245 = ORIENTED_EDGE ( 'NONE', *, *, #909, .F. ) ;
#246 = EDGE_CURVE ( 'NONE', #1788, #508, #984, .T. ) ;
#247 = CARTESIAN_POINT ( 'NONE',  ( -6.250000000000001776, 2.000000000000000000, 22.67499999999999361 ) ) ;
#248 = LINE ( 'NONE', #1640, #655 ) ;
#249 = ORIENTED_EDGE ( 'NONE', *, *, #1022, .T. ) ;
#250 = CARTESIAN_POINT ( 'NONE',  ( -3.000000000000002220, 0.000000000000000000, 28.67999999999999972 ) ) ;
#251 = VERTEX_POINT ( 'NONE', #1882 ) ;
#252 = CIRCLE ( 'NONE', #579, 1.504999999999999449 ) ;
#253 = AXIS2_PLACEMENT_3D ( 'NONE', #1593, #371, #520 ) ;
#254 = ADVANCED_FACE ( 'NONE', ( #205 ), #1141, .F. ) ;
#255 = LINE ( 'NONE', #720, #1488 ) ;
#256 = AXIS2_PLACEMENT_3D ( 'NONE', #860, #680, #703 ) ;
#257 = EDGE_LOOP ( 'NONE', ( #1049, #1692, #1204, #792 ) ) ;
#258 = DIRECTION ( 'NONE',  ( 0.000000000000000000, -1.000000000000000000, 0.000000000000000000 ) ) ;
#259 = CARTESIAN_POINT ( 'NONE',  ( 21.80000000000000782, -6.302828629382400950E-15, 12.69999999999999929 ) ) ;
#260 = ORIENTED_EDGE ( 'NONE', *, *, #600, .T. ) ;
#261 = VECTOR ( 'NONE', #381, 1000.000000000000000 ) ;
#262 = AXIS2_PLACEMENT_3D ( 'NONE', #1990, #1646, #1499 ) ;
#263 = EDGE_CURVE ( 'NONE', #765, #23, #2005, .T. ) ;
#264 = CARTESIAN_POINT ( 'NONE',  ( -8.500000000000000000, 0.000000000000000000, 28.67999999999999972 ) ) ;
#265 = DIRECTION ( 'NONE',  ( 1.000000000000000000, 0.000000000000000000, 0.000000000000000000 ) ) ;
#266 = DIRECTION ( 'NONE',  ( 1.000000000000000000, -2.891205793294678326E-16, 0.000000000000000000 ) ) ;
#267 = ORIENTED_EDGE ( 'NONE', *, *, #1875, .F. ) ;
#268 = DIRECTION ( 'NONE',  ( 0.000000000000000000, -0.000000000000000000, -1.000000000000000000 ) ) ;
#269 = CARTESIAN_POINT ( 'NONE',  ( 4.800000000000002487, -5.000000000000000000, 27.19999999999999929 ) ) ;
#270 = EDGE_LOOP ( 'NONE', ( #1529, #1159, #1055, #642 ) ) ;
#271 = CARTESIAN_POINT ( 'NONE',  ( 0.000000000000000000, 0.000000000000000000, 0.000000000000000000 ) ) ;
#272 = ADVANCED_FACE ( 'NONE', ( #837 ), #504, .F. ) ;
#273 = CARTESIAN_POINT ( 'NONE',  ( -3.000000000000000000, 0.000000000000000000, 11.92999999999999972 ) ) ;
#274 = ORIENTED_EDGE ( 'NONE', *, *, #1946, .T. ) ;
#275 = DIRECTION ( 'NONE',  ( 0.000000000000000000, 0.000000000000000000, 1.000000000000000000 ) ) ;
#276 = DIRECTION ( 'NONE',  ( 8.659560562354925463E-17, 0.7071067811865482389, -0.7071067811865469066 ) ) ;
#277 = ORIENTED_EDGE ( 'NONE', *, *, #92, .T. ) ;
#278 = CC_DESIGN_PERSON_AND_ORGANIZATION_ASSIGNMENT ( #1127, #1745, ( #1236 ) ) ;
#279 = FACE_OUTER_BOUND ( 'NONE', #1700, .T. ) ;
#280 = DIRECTION ( 'NONE',  ( 0.000000000000000000, 1.000000000000000000, -0.000000000000000000 ) ) ;
#281 = VERTEX_POINT ( 'NONE', #176 ) ;
#282 = CARTESIAN_POINT ( 'NONE',  ( -3.000000000000003109, 25.44999999999999218, 32.70000000000000284 ) ) ;
#284 = EDGE_CURVE ( 'NONE', #234, #2000, #493, .T. ) ;
#283 = VECTOR ( 'NONE', #1963, 1000.000000000000000 ) ;
#285 = VECTOR ( 'NONE', #1643, 1000.000000000000000 ) ;
#286 = ORIENTED_EDGE ( 'NONE', *, *, #1694, .F. ) ;
#287 = CARTESIAN_POINT ( 'NONE',  ( 21.80000000000000782, -6.302828629382400950E-15, 12.69999999999999929 ) ) ;
#288 = ORIENTED_EDGE ( 'NONE', *, *, #151, .F. ) ;
#289 = AXIS2_PLACEMENT_3D ( 'NONE', #1308, #80, #1928 ) ;
#290 = CARTESIAN_POINT ( 'NONE',  ( -6.250000000000001776, 2.000000000000000000, 17.93500000000000583 ) ) ;
#291 = VERTEX_POINT ( 'NONE', #374 ) ;
#292 = VECTOR ( 'NONE', #1853, 1000.000000000000000 ) ;
#293 = DIRECTION ( 'NONE',  ( -1.000000000000000000, 0.000000000000000000, 0.000000000000000000 ) ) ;
#294 = VECTOR ( 'NONE', #123, 1000.000000000000000 ) ;
#295 = VECTOR ( 'NONE', #66, 1000.000000000000000 ) ;
#296 = PLANE ( 'NONE',  #1944 ) ;
#297 = ORIENTED_EDGE ( 'NONE', *, *, #933, .F. ) ;
#298 = DIRECTION ( 'NONE',  ( 1.000000000000000000, 0.000000000000000000, 0.000000000000000000 ) ) ;
#299 = DIRECTION ( 'NONE',  ( 0.000000000000000000, 0.000000000000000000, -1.000000000000000000 ) ) ;
#300 = DIRECTION ( 'NONE',  ( 1.000000000000000000, -0.000000000000000000, -0.000000000000000000 ) ) ;
#301 = EDGE_CURVE ( 'NONE', #584, #488, #1289, .T. ) ;
#302 = DIRECTION ( 'NONE',  ( 1.000000000000000000, -0.000000000000000000, -0.000000000000000000 ) ) ;
#303 = EDGE_LOOP ( 'NONE', ( #182, #190, #1433, #1310 ) ) ;
#304 = CARTESIAN_POINT ( 'NONE',  ( -6.250000000000001776, 2.000000000000000000, 15.42999999999999972 ) ) ;
#305 = CARTESIAN_POINT ( 'NONE',  ( 21.80000000000000782, -5.000000000000000000, 27.19999999999999929 ) ) ;
#306 = ORIENTED_EDGE ( 'NONE', *, *, #221, .F. ) ;
#307 = VECTOR ( 'NONE', #1706, 1000.000000000000000 ) ;
#308 = ORIENTED_EDGE ( 'NONE', *, *, #43, .T. ) ;
#309 = CARTESIAN_POINT ( 'NONE',  ( 18.80000000000000426, 0.000000000000000000, 32.70000000000000284 ) ) ;
#310 = DIRECTION ( 'NONE',  ( 0.000000000000000000, 0.000000000000000000, 1.000000000000000000 ) ) ;
#311 = CARTESIAN_POINT ( 'NONE',  ( 24.80000000000000071, 1.792893218813452094, 12.90710678118654720 ) ) ;
#312 = VERTEX_POINT ( 'NONE', #847 ) ;
#313 = ADVANCED_FACE ( 'NONE', ( #1917 ), #1120, .T. ) ;
#314 = DIRECTION ( 'NONE',  ( -1.000000000000000000, 0.000000000000000000, 0.000000000000000000 ) ) ;
#315 = PLANE ( 'NONE',  #164 ) ;
#316 = ORIENTED_EDGE ( 'NONE', *, *, #944, .T. ) ;
#317 = ADVANCED_FACE ( 'NONE', ( #1908 ), #365, .F. ) ;
#318 = ORIENTED_EDGE ( 'NONE', *, *, #1569, .F. ) ;
#319 = FACE_OUTER_BOUND ( 'NONE', #397, .T. ) ;
#320 = DIRECTION ( 'NONE',  ( 0.000000000000000000, 1.000000000000000000, 0.000000000000000000 ) ) ;
#321 = DIRECTION ( 'NONE',  ( 0.000000000000000000, 0.000000000000000000, 1.000000000000000000 ) ) ;
#322 = ORIENTED_EDGE ( 'NONE', *, *, #1303, .T. ) ;
#323 = CARTESIAN_POINT ( 'NONE',  ( -6.250000000000001776, 0.9999999999999902300, 16.93499999999999872 ) ) ;
#324 = CIRCLE ( 'NONE', #1130, 1.000000000000000888 ) ;
#325 = CYLINDRICAL_SURFACE ( 'NONE', #1582, 1.500000000000001332 ) ;
#326 = CIRCLE ( 'NONE', #1619, 0.5000000000000004441 ) ;
#327 = AXIS2_PLACEMENT_3D ( 'NONE', #338, #974, #821 ) ;
#328 = VERTEX_POINT ( 'NONE', #964 ) ;
#329 = VECTOR ( 'NONE', #348, 1000.000000000000000 ) ;
#330 = ADVANCED_FACE ( 'NONE', ( #678 ), #1583, .F. ) ;
#331 = PLANE ( 'NONE',  #1355 ) ;
#332 = APPLICATION_CONTEXT ( 'configuration controlled 3d designs of mechanical parts and assemblies' ) ;
#333 = APPROVAL_PERSON_ORGANIZATION ( #1157, #432, #667 ) ;
#334 = ORIENTED_EDGE ( 'NONE', *, *, #1044, .T. ) ;
#335 = LINE ( 'NONE', #1537, #1683 ) ;
#336 = CARTESIAN_POINT ( 'NONE',  ( -3.000000000000000000, 2.000000000000000000, 11.92999999999999972 ) ) ;
#337 = ORIENTED_EDGE ( 'NONE', *, *, #390, .T. ) ;
#338 = CARTESIAN_POINT ( 'NONE',  ( -10.89999999999999680, 11.17999999999999972, 3.930000000000000160 ) ) ;
#339 = CARTESIAN_POINT ( 'NONE',  ( 18.80000000000000426, 11.18000000000000149, 7.430000000000000604 ) ) ;
#340 = ORIENTED_EDGE ( 'NONE', *, *, #864, .F. ) ;
#341 = EDGE_CURVE ( 'NONE', #783, #216, #1547, .T. ) ;
#342 = CARTESIAN_POINT ( 'NONE',  ( 23.79999999999998650, -5.000000000000000000, 16.69999999999999929 ) ) ;
#343 = ORIENTED_EDGE ( 'NONE', *, *, #108, .T. ) ;
#344 = CARTESIAN_POINT ( 'NONE',  ( 24.80000000000000071, 1.792893218813452094, 32.49289321881344961 ) ) ;
#345 = DIRECTION ( 'NONE',  ( 0.000000000000000000, -0.000000000000000000, 1.000000000000000000 ) ) ;
#346 = VERTEX_POINT ( 'NONE', #352 ) ;
#347 = DIRECTION ( 'NONE',  ( 0.000000000000000000, 0.000000000000000000, -1.000000000000000000 ) ) ;
#348 = DIRECTION ( 'NONE',  ( 1.192835396054779323E-16, -1.000000000000000000, 3.103262032158867841E-16 ) ) ;
#349 = VERTEX_POINT ( 'NONE', #971 ) ;
#350 = EDGE_CURVE ( 'NONE', #445, #1623, #1733, .T. ) ;
#351 = DATE_AND_TIME ( #60, #363 ) ;
#352 = CARTESIAN_POINT ( 'NONE',  ( 21.80000000000000426, 0.000000000000000000, 11.92999999999999616 ) ) ;
#353 = ADVANCED_FACE ( 'NONE', ( #1281 ), #1899, .F. ) ;
#354 = ORIENTED_EDGE ( 'NONE', *, *, #1216, .F. ) ;
#355 = LINE ( 'NONE', #1122, #1350 ) ;
#356 = CARTESIAN_POINT ( 'NONE',  ( -1.999999999999993117, 1.061623502488754041E-15, 10.93000000000000149 ) ) ;
#357 = ORIENTED_EDGE ( 'NONE', *, *, #184, .T. ) ;
#358 = VECTOR ( 'NONE', #59, 1000.000000000000000 ) ;
#359 = VECTOR ( 'NONE', #1377, 1000.000000000000000 ) ;
#360 = CIRCLE ( 'NONE', #394, 0.5000000000000004441 ) ;
#361 = DIRECTION ( 'NONE',  ( -1.000000000000000000, 0.000000000000000000, 0.000000000000000000 ) ) ;
#362 = SECURITY_CLASSIFICATION_LEVEL ( 'unclassified' ) ;
#363 = LOCAL_TIME ( 11, 35, 27.00000000000000000, #854 ) ;
#364 = AXIS2_PLACEMENT_3D ( 'NONE', #1719, #773, #1079 ) ;
#365 = PLANE ( 'NONE',  #1264 ) ;
#366 = ORIENTED_EDGE ( 'NONE', *, *, #1764, .T. ) ;
#367 = EDGE_CURVE ( 'NONE', #412, #393, #512, .T. ) ;
#368 = DIRECTION ( 'NONE',  ( 1.000000000000000000, 0.000000000000000000, 0.000000000000000000 ) ) ;
#369 = DIRECTION ( 'NONE',  ( 0.7071067811865500152, 0.000000000000000000, 0.7071067811865451302 ) ) ;
#370 = ORIENTED_EDGE ( 'NONE', *, *, #855, .T. ) ;
#371 = DIRECTION ( 'NONE',  ( 1.000000000000000000, 1.192835396054779323E-16, -0.000000000000000000 ) ) ;
#372 = CALENDAR_DATE ( 2026, 7, 5 ) ;
#373 = DIRECTION ( 'NONE',  ( 0.000000000000000000, -1.000000000000000000, 0.000000000000000000 ) ) ;
#374 = CARTESIAN_POINT ( 'NONE',  ( -3.000000000000002665, 20.44999999999999218, 32.70000000000000284 ) ) ;
#375 = CARTESIAN_POINT ( 'NONE',  ( -1.739999999999999991, 0.000000000000000000, 16.17999999999999972 ) ) ;
#376 = LINE ( 'NONE', #1269, #1101 ) ;
#377 = EDGE_CURVE ( 'NONE', #1536, #469, #1767, .T. ) ;
#378 = ORIENTED_EDGE ( 'NONE', *, *, #1392, .T. ) ;
#379 = EDGE_CURVE ( 'NONE', #1820, #1791, #1907, .T. ) ;
#380 = APPROVAL_STATUS ( 'not_yet_approved' ) ;
#381 = DIRECTION ( 'NONE',  ( -0.000000000000000000, -0.000000000000000000, 1.000000000000000000 ) ) ;
#382 = CARTESIAN_POINT ( 'NONE',  ( -4.000000000000000888, 2.000000000000001776, 29.68000000000000327 ) ) ;
#383 = ORIENTED_EDGE ( 'NONE', *, *, #1, .F. ) ;
#384 = CARTESIAN_POINT ( 'NONE',  ( 24.80000000000000426, 1.499999999999999556, 13.19999999999999929 ) ) ;
#385 = PLANE ( 'NONE',  #1064 ) ;
#386 = ORIENTED_EDGE ( 'NONE', *, *, #263, .T. ) ;
#387 = CONICAL_SURFACE ( 'NONE', #1508, 2.505000000000006999, 0.7853981633974473908 ) ;
#388 = CARTESIAN_POINT ( 'NONE',  ( -3.000000000000002665, 20.44999999999999218, 0.000000000000000000 ) ) ;
#389 = PERSON_AND_ORGANIZATION ( #112, #1624 ) ;
#390 = EDGE_CURVE ( 'NONE', #682, #839, #1195, .T. ) ;
#391 = VECTOR ( 'NONE', #444, 1000.000000000000114 ) ;
#392 = AXIS2_PLACEMENT_3D ( 'NONE', #1410, #662, #1554 ) ;
#393 = VERTEX_POINT ( 'NONE', #78 ) ;
#394 = AXIS2_PLACEMENT_3D ( 'NONE', #1388, #8, #1869 ) ;
#395 = DIRECTION ( 'NONE',  ( 1.000000000000000000, 0.000000000000000000, 0.000000000000000000 ) ) ;
#396 = CIRCLE ( 'NONE', #1814, 1.000000000000000888 ) ;
#397 = EDGE_LOOP ( 'NONE', ( #592, #641, #1771, #1636 ) ) ;
#398 = DIRECTION ( 'NONE',  ( -0.000000000000000000, -0.000000000000000000, -1.000000000000000000 ) ) ;
#399 = DIRECTION ( 'NONE',  ( 1.192835396054779323E-16, -1.000000000000000000, 0.000000000000000000 ) ) ;
#400 = AXIS2_PLACEMENT_3D ( 'NONE', #835, #193, #844 ) ;
#401 = ORIENTED_EDGE ( 'NONE', *, *, #524, .T. ) ;
#402 = DIRECTION ( 'NONE',  ( 0.000000000000000000, 0.000000000000000000, 1.000000000000000000 ) ) ;
#403 = ADVANCED_FACE ( 'NONE', ( #1306, #1460, #129 ), #948, .F. ) ;
#404 = FACE_OUTER_BOUND ( 'NONE', #1556, .T. ) ;
#405 = VECTOR ( 'NONE', #928, 1000.000000000000000 ) ;
#406 = DIRECTION ( 'NONE',  ( 0.000000000000000000, -1.000000000000000000, 0.000000000000000000 ) ) ;
#407 = CARTESIAN_POINT ( 'NONE',  ( 24.80000000000000426, -10.00000000000000000, 13.19999999999999929 ) ) ;
#408 = EDGE_LOOP ( 'NONE', ( #1798, #1686, #1688, #429 ) ) ;
#409 = CC_DESIGN_PERSON_AND_ORGANIZATION_ASSIGNMENT ( #1467, #502, ( #784 ) ) ;
#410 = LINE ( 'NONE', #1653, #716 ) ;
#411 = CARTESIAN_POINT ( 'NONE',  ( 22.30000000000000426, 2.499999999999999556, 32.70000000000000284 ) ) ;
#412 = VERTEX_POINT ( 'NONE', #21 ) ;
#413 = LINE ( 'NONE', #1211, #4 ) ;
#414 = FACE_BOUND ( 'NONE', #1151, .T. ) ;
#415 = ADVANCED_FACE ( 'NONE', ( #1679, #607, #1215 ), #315, .F. ) ;
#416 = VERTEX_POINT ( 'NONE', #142 ) ;
#417 = LINE ( 'NONE', #865, #121 ) ;
#418 = EDGE_LOOP ( 'NONE', ( #679, #763, #436, #1649 ) ) ;
#419 = CIRCLE ( 'NONE', #1319, 2.505000000000006999 ) ;
#420 = VECTOR ( 'NONE', #706, 1000.000000000000000 ) ;
#421 = CARTESIAN_POINT ( 'NONE',  ( -9.500000000000001776, 0.000000000000000000, 27.67999999999999972 ) ) ;
#422 = ORIENTED_EDGE ( 'NONE', *, *, #487, .F. ) ;
#423 = AXIS2_PLACEMENT_3D ( 'NONE', #17, #1375, #1982 ) ;
#424 = DIRECTION ( 'NONE',  ( 0.000000000000000000, 1.000000000000000000, 0.000000000000000000 ) ) ;
#425 = FACE_OUTER_BOUND ( 'NONE', #86, .T. ) ;
#426 = EDGE_LOOP ( 'NONE', ( #727, #1967, #1760, #1307 ) ) ;
#427 = EDGE_CURVE ( 'NONE', #1096, #1244, #1239, .T. ) ;
#428 = DIRECTION ( 'NONE',  ( -1.000000000000000000, -0.000000000000000000, -0.000000000000000000 ) ) ;
#429 = ORIENTED_EDGE ( 'NONE', *, *, #1586, .F. ) ;
#430 = CARTESIAN_POINT ( 'NONE',  ( -10.89999999999999680, 11.18000000000000149, 7.430000000000000604 ) ) ;
#431 = APPLICATION_CONTEXT ( 'configuration controlled 3d designs of mechanical parts and assemblies' ) ;
#432 = APPROVAL ( #540, 'UNSPECIFIED' ) ;
#433 = VERTEX_POINT ( 'NONE', #455 ) ;
#434 = DIRECTION ( 'NONE',  ( 1.000000000000000000, 0.000000000000000000, 0.000000000000000000 ) ) ;
#435 = VERTEX_POINT ( 'NONE', #305 ) ;
#436 = ORIENTED_EDGE ( 'NONE', *, *, #1573, .T. ) ;
#437 = CARTESIAN_POINT ( 'NONE',  ( -10.89999999999999680, 11.18000000000000149, 10.92999999999999972 ) ) ;
#438 = ORIENTED_EDGE ( 'NONE', *, *, #1840, .F. ) ;
#439 = EDGE_CURVE ( 'NONE', #1834, #1113, #1062, .T. ) ;
#440 = DIRECTION ( 'NONE',  ( 0.000000000000000000, 1.000000000000000000, 0.000000000000000000 ) ) ;
#441 = EDGE_LOOP ( 'NONE', ( #526, #1642, #803, #1154 ) ) ;
#442 = DIRECTION ( 'NONE',  ( -1.000000000000000000, 0.000000000000000000, -2.071311613106635399E-16 ) ) ;
#443 = CARTESIAN_POINT ( 'NONE',  ( 23.79999999999998650, -5.000000000000000000, 30.20000000000000284 ) ) ;
#444 = DIRECTION ( 'NONE',  ( -0.7071067811865500152, 0.000000000000000000, 0.7071067811865451302 ) ) ;
#445 = VERTEX_POINT ( 'NONE', #932 ) ;
#446 = LINE ( 'NONE', #1402, #454 ) ;
#447 = LINE ( 'NONE', #437, #1178 ) ;
#448 = EDGE_CURVE ( 'NONE', #140, #534, #1691, .T. ) ;
#449 = CONICAL_SURFACE ( 'NONE', #1290, 1.500000000000001332, 0.7853981633974485010 ) ;
#450 = ORIENTED_EDGE ( 'NONE', *, *, #1447, .F. ) ;
#451 = CARTESIAN_POINT ( 'NONE',  ( -9.500000000000001776, 2.000000000000000000, 28.67999999999999972 ) ) ;
#452 = LINE ( 'NONE', #1367, #908 ) ;
#453 = ORIENTED_EDGE ( 'NONE', *, *, #390, .F. ) ;
#454 = VECTOR ( 'NONE', #1670, 1000.000000000000000 ) ;
#455 = CARTESIAN_POINT ( 'NONE',  ( 18.80000000000000426, 11.18000000000000149, 10.92999999999999972 ) ) ;
#456 = VECTOR ( 'NONE', #1087, 1000.000000000000000 ) ;
#457 = CARTESIAN_POINT ( 'NONE',  ( 0.000000000000000000, 22.44999999999999929, 0.000000000000000000 ) ) ;
#458 = EDGE_CURVE ( 'NONE', #1113, #661, #1417, .T. ) ;
#459 = ORIENTED_EDGE ( 'NONE', *, *, #708, .F. ) ;
#460 = LINE ( 'NONE', #309, #405 ) ;
#461 = DIRECTION ( 'NONE',  ( 1.000000000000000000, -0.000000000000000000, -0.000000000000000000 ) ) ;
#462 = CARTESIAN_POINT ( 'NONE',  ( -3.000000000000002665, 20.44999999999999218, 32.70000000000000284 ) ) ;
#463 = ORIENTED_EDGE ( 'NONE', *, *, #1496, .T. ) ;
#464 = FACE_OUTER_BOUND ( 'NONE', #1744, .T. ) ;
#465 = LINE ( 'NONE', #768, #977 ) ;
#466 = VERTEX_POINT ( 'NONE', #11 ) ;
#467 = EDGE_CURVE ( 'NONE', #30, #1505, #465, .T. ) ;
#468 =( NAMED_UNIT ( * ) SI_UNIT ( $, .STERADIAN. ) SOLID_ANGLE_UNIT ( ) );
#469 = VERTEX_POINT ( 'NONE', #1393 ) ;
#470 = LINE ( 'NONE', #1526, #307 ) ;
#471 = DIRECTION ( 'NONE',  ( 0.000000000000000000, 0.000000000000000000, -1.000000000000000000 ) ) ;
#472 = CARTESIAN_POINT ( 'NONE',  ( -6.250000000000001776, 0.9999999999999902300, 25.17999999999999972 ) ) ;
#473 = VERTEX_POINT ( 'NONE', #476 ) ;
#474 = EDGE_CURVE ( 'NONE', #412, #135, #778, .T. ) ;
#475 = FACE_OUTER_BOUND ( 'NONE', #1275, .T. ) ;
#476 = CARTESIAN_POINT ( 'NONE',  ( 24.80000000000000426, -5.000000000000000000, 14.19999999999998330 ) ) ;
#477 = EDGE_LOOP ( 'NONE', ( #1983, #529, #1563, #274 ) ) ;
#478 = ORIENTED_EDGE ( 'NONE', *, *, #1054, .F. ) ;
#479 = DIRECTION ( 'NONE',  ( 0.000000000000000000, -1.000000000000000000, 0.000000000000000000 ) ) ;
#480 = DIRECTION ( 'NONE',  ( 0.000000000000000000, 1.000000000000000000, -3.103262032158867841E-16 ) ) ;
#481 = ORIENTED_EDGE ( 'NONE', *, *, #970, .F. ) ;
#482 = CIRCLE ( 'NONE', #1616, 3.499999999999999556 ) ;
#483 = LINE ( 'NONE', #790, #1842 ) ;
#484 = CONICAL_SURFACE ( 'NONE', #1617, 3.499999999999999556, 0.7853981633974450594 ) ;
#485 = CARTESIAN_POINT ( 'NONE',  ( -10.89999999999999680, 11.17999999999999972, 3.930000000000000160 ) ) ;
#486 = ADVANCED_FACE ( 'NONE', ( #599 ), #1703, .F. ) ;
#487 = EDGE_CURVE ( 'NONE', #328, #1099, #1231, .T. ) ;
#488 = VERTEX_POINT ( 'NONE', #1541 ) ;
#489 = VECTOR ( 'NONE', #1431, 1000.000000000000000 ) ;
#490 = AXIS2_PLACEMENT_3D ( 'NONE', #625, #1242, #1404 ) ;
#491 = VERTEX_POINT ( 'NONE', #632 ) ;
#492 = LINE ( 'NONE', #1245, #1072 ) ;
#493 = LINE ( 'NONE', #1891, #225 ) ;
#494 = EDGE_CURVE ( 'NONE', #1262, #1585, #1873, .T. ) ;
#495 = VERTEX_POINT ( 'NONE', #914 ) ;
#496 = DIRECTION ( 'NONE',  ( 1.000000000000000000, 0.000000000000000000, 0.000000000000000000 ) ) ;
#497 = CARTESIAN_POINT ( 'NONE',  ( -3.000000000000000000, 3.103262032158859952E-16, 11.92999999999999972 ) ) ;
#498 = ORIENTED_EDGE ( 'NONE', *, *, #377, .T. ) ;
#499 = ADVANCED_FACE ( 'NONE', ( #1522 ), #325, .F. ) ;
#500 = AXIS2_PLACEMENT_3D ( 'NONE', #1881, #1561, #1386 ) ;
#501 = LINE ( 'NONE', #35, #1382 ) ;
#502 = PERSON_AND_ORGANIZATION_ROLE ( 'design_owner' ) ;
#503 = EDGE_CURVE ( 'NONE', #606, #50, #446, .T. ) ;
#504 = CYLINDRICAL_SURFACE ( 'NONE', #583, 1.000000000000000000 ) ;
#505 = ORIENTED_EDGE ( 'NONE', *, *, #1650, .F. ) ;
#506 = CARTESIAN_POINT ( 'NONE',  ( -9.500000000000001776, 2.000000000000000000, 28.67999999999999972 ) ) ;
#507 = FACE_OUTER_BOUND ( 'NONE', #270, .T. ) ;
#508 = VERTEX_POINT ( 'NONE', #1509 ) ;
#509 = DIRECTION ( 'NONE',  ( 0.000000000000000000, 1.000000000000000000, -3.103262032158867841E-16 ) ) ;
#510 = APPLICATION_PROTOCOL_DEFINITION ( 'international standard', 'config_control_design', 1994, #431 ) ;
#511 = ADVANCED_FACE ( 'NONE', ( #279 ), #903, .F. ) ;
#512 = LINE ( 'NONE', #1438, #1716 ) ;
#513 = ORIENTED_EDGE ( 'NONE', *, *, #1496, .F. ) ;
#514 = CARTESIAN_POINT ( 'NONE',  ( 21.80000000000000426, 2.499999999999999556, 32.70000000000000284 ) ) ;
#515 = DIRECTION ( 'NONE',  ( 1.000000000000000000, 0.000000000000000000, -0.000000000000000000 ) ) ;
#516 = ORIENTED_EDGE ( 'NONE', *, *, #1946, .F. ) ;
#517 = AXIS2_PLACEMENT_3D ( 'NONE', #530, #1728, #509 ) ;
#518 = CLOSED_SHELL ( 'NONE', ( #1773, #898, #499, #486, #1011, #890, #511, #915, #1994, #403, #1821, #1444, #254, #1984, #1097, #838, #353, #1599, #1530, #163, #1280, #1783, #878, #1251, #1930, #1205, #961, #1370, #766, #781, #626, #1270, #1038, #1191, #809, #1956, #982, #636, #1243, #1486, #174, #1352, #1605, #330, #1117, #1543, #313, #1125, #272, #794, #951, #415, #1663, #317, #1701, #1722, #739, #1504, #1321, #1727, #573, #53 ) ) ;
#519 = VECTOR ( 'NONE', #621, 1000.000000000000000 ) ;
#520 = DIRECTION ( 'NONE',  ( -1.192835396054779323E-16, 1.000000000000000000, 0.000000000000000000 ) ) ;
#521 = COORDINATED_UNIVERSAL_TIME_OFFSET ( 1, 0, .AHEAD. ) ;
#522 = VECTOR ( 'NONE', #1729, 1000.000000000000000 ) ;
#523 = EDGE_CURVE ( 'NONE', #312, #1113, #1115, .T. ) ;
#524 = EDGE_CURVE ( 'NONE', #1244, #346, #1576, .T. ) ;
#525 = CARTESIAN_POINT ( 'NONE',  ( -4.000000000000003553, 25.44999999999999218, 29.68000000000000327 ) ) ;
#526 = ORIENTED_EDGE ( 'NONE', *, *, #1641, .F. ) ;
#527 = CARTESIAN_POINT ( 'NONE',  ( 16.80000000000000071, 20.44999999999999574, 32.70000000000000284 ) ) ;
#528 = DIRECTION ( 'NONE',  ( 0.000000000000000000, -1.000000000000000000, 0.000000000000000000 ) ) ;
#529 = ORIENTED_EDGE ( 'NONE', *, *, #1108, .F. ) ;
#530 = CARTESIAN_POINT ( 'NONE',  ( -10.89999999999999680, 0.000000000000000000, 10.93000000000000149 ) ) ;
#531 = MECHANICAL_CONTEXT ( 'NONE', #332, 'mechanical' ) ;
#532 = DIRECTION ( 'NONE',  ( 1.000000000000000000, -0.000000000000000000, -0.000000000000000000 ) ) ;
#533 = CARTESIAN_POINT ( 'NONE',  ( -8.499999999999996447, 2.000000000000000000, 12.92999999999999972 ) ) ;
#534 = VERTEX_POINT ( 'NONE', #1302 ) ;
#535 = CARTESIAN_POINT ( 'NONE',  ( -6.250000000000001776, 0.000000000000000000, 15.42999999999999972 ) ) ;
#536 = CARTESIAN_POINT ( 'NONE',  ( -1.739999999999999991, 0.000000000000000000, 16.17999999999999972 ) ) ;
#537 = EDGE_LOOP ( 'NONE', ( #1164, #1207, #1867, #1060 ) ) ;
#538 = EDGE_CURVE ( 'NONE', #1240, #1188, #1277, .T. ) ;
#539 = LINE ( 'NONE', #873, #31 ) ;
#540 = APPROVAL_STATUS ( 'not_yet_approved' ) ;
#541 = LINE ( 'NONE', #214, #1317 ) ;
#542 = CARTESIAN_POINT ( 'NONE',  ( 21.80000000000000426, 25.44999999999999574, 32.70000000000000284 ) ) ;
#543 = VERTEX_POINT ( 'NONE', #218 ) ;
#544 = PLANE ( 'NONE',  #748 ) ;
#545 = DIRECTION ( 'NONE',  ( 0.000000000000000000, 1.000000000000000000, -0.000000000000000000 ) ) ;
#546 = ORIENTED_EDGE ( 'NONE', *, *, #1558, .F. ) ;
#547 = EDGE_CURVE ( 'NONE', #9, #1731, #1736, .T. ) ;
#548 = VECTOR ( 'NONE', #314, 1000.000000000000000 ) ;
#549 = CARTESIAN_POINT ( 'NONE',  ( 18.80000000000000426, 0.000000000000000000, 0.000000000000000000 ) ) ;
#550 = CIRCLE ( 'NONE', #1680, 1.500000000000000444 ) ;
#551 = ORIENTED_EDGE ( 'NONE', *, *, #1519, .F. ) ;
#552 = AXIS2_PLACEMENT_3D ( 'NONE', #660, #38, #69 ) ;
#553 = CYLINDRICAL_SURFACE ( 'NONE', #689, 3.499999999999999556 ) ;
#554 = EDGE_LOOP ( 'NONE', ( #422, #1768, #438, #1914 ) ) ;
#555 = AXIS2_PLACEMENT_3D ( 'NONE', #451, #442, #911 ) ;
#556 = LINE ( 'NONE', #375, #125 ) ;
#557 = LINE ( 'NONE', #269, #585 ) ;
#558 = CIRCLE ( 'NONE', #233, 1.500000000000000444 ) ;
#559 = EDGE_CURVE ( 'NONE', #995, #1900, #376, .T. ) ;
#560 = ORIENTED_EDGE ( 'NONE', *, *, #1655, .T. ) ;
#561 = CARTESIAN_POINT ( 'NONE',  ( -3.000000000000000888, 11.18000000000000149, 7.430000000000000604 ) ) ;
#562 = ORIENTED_EDGE ( 'NONE', *, *, #1655, .F. ) ;
#563 = EDGE_CURVE ( 'NONE', #1036, #1376, #42, .T. ) ;
#564 = DIRECTION ( 'NONE',  ( 0.000000000000000000, 0.000000000000000000, -1.000000000000000000 ) ) ;
#565 = EDGE_LOOP ( 'NONE', ( #343, #1823, #562, #877 ) ) ;
#566 = VECTOR ( 'NONE', #479, 1000.000000000000000 ) ;
#567 = LINE ( 'NONE', #1366, #1755 ) ;
#568 = CYLINDRICAL_SURFACE ( 'NONE', #1935, 1.915000000000000036 ) ;
#569 = ORIENTED_EDGE ( 'NONE', *, *, #448, .T. ) ;
#570 = DIRECTION ( 'NONE',  ( -1.000000000000000000, 0.000000000000000000, 0.000000000000000000 ) ) ;
#571 = VERTEX_POINT ( 'NONE', #831 ) ;
#572 = DIRECTION ( 'NONE',  ( 0.000000000000000000, 0.000000000000000000, -1.000000000000000000 ) ) ;
#573 = ADVANCED_FACE ( 'NONE', ( #987 ), #1353, .F. ) ;
#574 = EDGE_LOOP ( 'NONE', ( #949, #1214, #988, #1282, #1690 ) ) ;
#575 = DIRECTION ( 'NONE',  ( 0.000000000000000000, 0.000000000000000000, 1.000000000000000000 ) ) ;
#576 = DIRECTION ( 'NONE',  ( -0.000000000000000000, -0.000000000000000000, -1.000000000000000000 ) ) ;
#577 = ORIENTED_EDGE ( 'NONE', *, *, #1396, .F. ) ;
#578 = CARTESIAN_POINT ( 'NONE',  ( 21.80000000000000782, -6.302828629382400950E-15, 32.70000000000000284 ) ) ;
#579 = AXIS2_PLACEMENT_3D ( 'NONE', #1660, #110, #737 ) ;
#580 = EDGE_CURVE ( 'NONE', #135, #584, #853, .T. ) ;
#581 = VECTOR ( 'NONE', #461, 1000.000000000000000 ) ;
#582 = DIRECTION ( 'NONE',  ( 1.000000000000000000, 0.000000000000000000, 0.000000000000000000 ) ) ;
#583 = AXIS2_PLACEMENT_3D ( 'NONE', #525, #1273, #25 ) ;
#584 = VERTEX_POINT ( 'NONE', #1105 ) ;
#585 = VECTOR ( 'NONE', #876, 1000.000000000000000 ) ;
#586 = DIRECTION ( 'NONE',  ( 0.000000000000000000, -1.000000000000000000, -7.758155080397172067E-17 ) ) ;
#587 = DIRECTION ( 'NONE',  ( 0.000000000000000000, 0.000000000000000000, -1.000000000000000000 ) ) ;
#588 = EDGE_LOOP ( 'NONE', ( #513, #297, #816, #1252 ) ) ;
#589 = EDGE_CURVE ( 'NONE', #1791, #682, #651, .T. ) ;
#590 = LOCAL_TIME ( 11, 35, 27.00000000000000000, #981 ) ;
#591 = CARTESIAN_POINT ( 'NONE',  ( 23.79999999999998650, -5.000000000000000000, 16.69999999999999929 ) ) ;
#592 = ORIENTED_EDGE ( 'NONE', *, *, #867, .T. ) ;
#593 = CARTESIAN_POINT ( 'NONE',  ( 18.80000000000000426, 0.000000000000000000, 0.000000000000000000 ) ) ;
#594 = ORIENTED_EDGE ( 'NONE', *, *, #1919, .T. ) ;
#595 = DIRECTION ( 'NONE',  ( 0.000000000000000000, 1.000000000000000000, 0.000000000000000000 ) ) ;
#596 = DIRECTION ( 'NONE',  ( 0.000000000000000000, -1.000000000000000000, 0.000000000000000000 ) ) ;
#597 = LINE ( 'NONE', #336, #1512 ) ;
#598 = ORIENTED_EDGE ( 'NONE', *, *, #1634, .T. ) ;
#599 = FACE_OUTER_BOUND ( 'NONE', #537, .T. ) ;
#600 = EDGE_CURVE ( 'NONE', #1505, #1412, #850, .T. ) ;
#601 = DIRECTION ( 'NONE',  ( 0.000000000000000000, 0.000000000000000000, -1.000000000000000000 ) ) ;
#602 = ORIENTED_EDGE ( 'NONE', *, *, #754, .F. ) ;
#603 = LINE ( 'NONE', #1337, #1169 ) ;
#604 = DIRECTION ( 'NONE',  ( 1.000000000000000000, 0.000000000000000000, 0.000000000000000000 ) ) ;
#605 = CARTESIAN_POINT ( 'NONE',  ( -1.739999999999999991, 0.000000000000000000, 20.01000000000000156 ) ) ;
#606 = VERTEX_POINT ( 'NONE', #1894 ) ;
#607 = FACE_BOUND ( 'NONE', #1192, .T. ) ;
#608 = CARTESIAN_POINT ( 'NONE',  ( 16.80000000000000071, 25.44999999999999574, 0.000000000000000000 ) ) ;
#609 = EDGE_CURVE ( 'NONE', #584, #1623, #1293, .T. ) ;
#610 =( LENGTH_UNIT ( ) NAMED_UNIT ( * ) SI_UNIT ( .MILLI., .METRE. ) );
#611 = CIRCLE ( 'NONE', #1906, 2.500000000000015987 ) ;
#612 = ORIENTED_EDGE ( 'NONE', *, *, #996, .F. ) ;
#613 = DIRECTION ( 'NONE',  ( 0.000000000000000000, 0.000000000000000000, 1.000000000000000000 ) ) ;
#614 = CARTESIAN_POINT ( 'NONE',  ( 20.80000000000000426, 0.000000000000000000, 3.929999999999999272 ) ) ;
#615 = AXIS2_PLACEMENT_3D ( 'NONE', #1023, #1939, #207 ) ;
#616 = LINE ( 'NONE', #290, #652 ) ;
#617 = ORIENTED_EDGE ( 'NONE', *, *, #1068, .T. ) ;
#618 = AXIS2_PLACEMENT_3D ( 'NONE', #472, #1720, #147 ) ;
#619 = DIRECTION ( 'NONE',  ( 0.000000000000000000, 1.000000000000000000, 0.000000000000000000 ) ) ;
#620 = PRODUCT_DEFINITION ( 'UNKNOWN', '', #1236, #969 ) ;
#621 = DIRECTION ( 'NONE',  ( -1.192835396054779323E-16, 1.000000000000000000, 7.758155080397172067E-17 ) ) ;
#622 = EDGE_LOOP ( 'NONE', ( #169, #505, #1019, #340 ) ) ;
#623 = CC_DESIGN_APPROVAL ( #432, ( #1236 ) ) ;
#624 = VECTOR ( 'NONE', #183, 1000.000000000000000 ) ;
#625 = CARTESIAN_POINT ( 'NONE',  ( 18.80000000000000426, 0.000000000000000000, 32.70000000000000284 ) ) ;
#626 = ADVANCED_FACE ( 'NONE', ( #507 ), #72, .F. ) ;
#627 = ORIENTED_EDGE ( 'NONE', *, *, #1672, .F. ) ;
#628 = CARTESIAN_POINT ( 'NONE',  ( -6.250000000000001776, 2.000000000000000000, 16.93499999999999872 ) ) ;
#629 = CARTESIAN_POINT ( 'NONE',  ( 0.000000000000000000, 11.17999999999999972, 3.930000000000000160 ) ) ;
#630 = ORIENTED_EDGE ( 'NONE', *, *, #341, .F. ) ;
#631 = DIRECTION ( 'NONE',  ( 1.000000000000000000, 0.000000000000000000, 0.000000000000000000 ) ) ;
#632 = CARTESIAN_POINT ( 'NONE',  ( 21.80000000000000426, 11.17999999999999972, 2.930000000000007265 ) ) ;
#633 = ORIENTED_EDGE ( 'NONE', *, *, #301, .F. ) ;
#634 = VERTEX_POINT ( 'NONE', #49 ) ;
#635 = CARTESIAN_POINT ( 'NONE',  ( 21.80000000000000426, 0.000000000000000000, 0.000000000000000000 ) ) ;
#636 = ADVANCED_FACE ( 'NONE', ( #695 ), #1912, .T. ) ;
#637 = CARTESIAN_POINT ( 'NONE',  ( 24.30000000000000071, 1.999999999999999556, 12.69999999999999929 ) ) ;
#638 = EDGE_LOOP ( 'NONE', ( #594, #1456, #1291, #732 ) ) ;
#639 = CARTESIAN_POINT ( 'NONE',  ( 21.80000000000000426, 20.44999999999999574, 32.70000000000000284 ) ) ;
#640 = DIRECTION ( 'NONE',  ( 0.000000000000000000, -1.000000000000000000, 3.103262032158867841E-16 ) ) ;
#641 = ORIENTED_EDGE ( 'NONE', *, *, #1694, .T. ) ;
#642 = ORIENTED_EDGE ( 'NONE', *, *, #1108, .T. ) ;
#643 = CARTESIAN_POINT ( 'NONE',  ( -6.250000000000001776, 2.000000000000000000, 13.92500000000000071 ) ) ;
#644 = CARTESIAN_POINT ( 'NONE',  ( -3.000000000000001332, 11.18000000000000149, 11.92999999999999794 ) ) ;
#645 = VECTOR ( 'NONE', #1034, 1000.000000000000000 ) ;
#646 = EDGE_LOOP ( 'NONE', ( #1470, #756, #7, #318 ) ) ;
#647 = EDGE_CURVE ( 'NONE', #1262, #433, #946, .T. ) ;
#648 = AXIS2_PLACEMENT_3D ( 'NONE', #1860, #920, #1999 ) ;
#649 = DIRECTION ( 'NONE',  ( -0.000000000000000000, 1.000000000000000000, -0.000000000000000000 ) ) ;
#650 = CIRCLE ( 'NONE', #161, 5.000000000000000888 ) ;
#651 = LINE ( 'NONE', #663, #489 ) ;
#652 = VECTOR ( 'NONE', #1520, 1000.000000000000000 ) ;
#653 = ORIENTED_EDGE ( 'NONE', *, *, #1155, .F. ) ;
#654 = EDGE_CURVE ( 'NONE', #806, #127, #68, .T. ) ;
#655 = VECTOR ( 'NONE', #1929, 1000.000000000000000 ) ;
#656 = FACE_OUTER_BOUND ( 'NONE', #638, .T. ) ;
#657 = FACE_OUTER_BOUND ( 'NONE', #588, .T. ) ;
#658 = VECTOR ( 'NONE', #770, 1000.000000000000000 ) ;
#659 = CARTESIAN_POINT ( 'NONE',  ( 0.000000000000000000, 0.000000000000000000, 32.70000000000000284 ) ) ;
#660 = CARTESIAN_POINT ( 'NONE',  ( 23.79999999999998650, -5.000000000000000000, 28.69999999999999929 ) ) ;
#661 = VERTEX_POINT ( 'NONE', #208 ) ;
#662 = DIRECTION ( 'NONE',  ( -0.000000000000000000, -0.000000000000000000, -1.000000000000000000 ) ) ;
#663 = CARTESIAN_POINT ( 'NONE',  ( -4.000000000000000888, 2.000000000000000000, 28.67999999999999972 ) ) ;
#664 = ORIENTED_EDGE ( 'NONE', *, *, #1330, .T. ) ;
#665 = EDGE_CURVE ( 'NONE', #1666, #1834, #396, .T. ) ;
#666 = VECTOR ( 'NONE', #153, 1000.000000000000000 ) ;
#667 = APPROVAL_ROLE ( '' ) ;
#668 = CARTESIAN_POINT ( 'NONE',  ( 0.000000000000000000, 11.18000000000000149, 7.430000000000000604 ) ) ;
#669 = VERTEX_POINT ( 'NONE', #841 ) ;
#670 = DIRECTION ( 'NONE',  ( 1.000000000000000000, -2.891205793294678326E-16, 0.000000000000000000 ) ) ;
#671 = CARTESIAN_POINT ( 'NONE',  ( 22.30000000000000426, 1.999999999999999556, 32.70000000000000284 ) ) ;
#672 = ORIENTED_EDGE ( 'NONE', *, *, #702, .F. ) ;
#673 = MANIFOLD_SOLID_BREP ( 'Chamfer4', #518 ) ;
#674 = EDGE_CURVE ( 'NONE', #1043, #393, #1441, .T. ) ;
#675 = DIRECTION ( 'NONE',  ( 0.000000000000000000, 0.000000000000000000, -1.000000000000000000 ) ) ;
#676 = DATE_TIME_ROLE ( 'creation_date' ) ;
#677 = DIRECTION ( 'NONE',  ( -0.000000000000000000, -0.000000000000000000, -1.000000000000000000 ) ) ;
#678 = FACE_OUTER_BOUND ( 'NONE', #1825, .T. ) ;
#679 = ORIENTED_EDGE ( 'NONE', *, *, #944, .F. ) ;
#680 = DIRECTION ( 'NONE',  ( 0.000000000000000000, 0.000000000000000000, -1.000000000000000000 ) ) ;
#681 = CARTESIAN_POINT ( 'NONE',  ( 23.79999999999998650, -5.000000000000000000, 18.19999999999999929 ) ) ;
#682 = VERTEX_POINT ( 'NONE', #1309 ) ;
#683 = CC_DESIGN_DATE_AND_TIME_ASSIGNMENT ( #707, #676, ( #620 ) ) ;
#684 = VECTOR ( 'NONE', #369, 1000.000000000000114 ) ;
#685 = AXIS2_PLACEMENT_3D ( 'NONE', #694, #89, #1144 ) ;
#686 = VECTOR ( 'NONE', #576, 1000.000000000000000 ) ;
#687 = DIRECTION ( 'NONE',  ( -0.000000000000000000, -0.000000000000000000, -1.000000000000000000 ) ) ;
#688 = PERSON_AND_ORGANIZATION_ROLE ( 'classification_officer' ) ;
#689 = AXIS2_PLACEMENT_3D ( 'NONE', #1614, #1171, #1790 ) ;
#690 = FACE_OUTER_BOUND ( 'NONE', #788, .T. ) ;
#691 = DIRECTION ( 'NONE',  ( 0.000000000000000000, -1.000000000000000000, 0.000000000000000000 ) ) ;
#692 = EDGE_CURVE ( 'NONE', #138, #1036, #1455, .T. ) ;
#693 = EDGE_LOOP ( 'NONE', ( #1864, #1201, #241, #1812, #889, #902, #249, #1638, #1014, #1895, #177, #1314 ) ) ;
#694 = CARTESIAN_POINT ( 'NONE',  ( 24.80000000000000426, -5.000000000000000000, 28.69999999999999929 ) ) ;
#695 = FACE_OUTER_BOUND ( 'NONE', #574, .T. ) ;
#696 = ORIENTED_EDGE ( 'NONE', *, *, #767, .F. ) ;
#697 = CARTESIAN_POINT ( 'NONE',  ( -6.250000000000001776, 2.000000000000000000, 25.17999999999999972 ) ) ;
#698 = APPROVAL_DATE_TIME ( #1626, #736 ) ;
#699 = DIRECTION ( 'NONE',  ( -1.545410669021654585E-16, 1.000000000000000000, -3.103262032158867841E-16 ) ) ;
#700 = DIRECTION ( 'NONE',  ( -1.000000000000000000, -1.398970545142586048E-16, 0.000000000000000000 ) ) ;
#701 = ORIENTED_EDGE ( 'NONE', *, *, #729, .F. ) ;
#702 = EDGE_CURVE ( 'NONE', #349, #1934, #1941, .T. ) ;
#703 = DIRECTION ( 'NONE',  ( -1.000000000000000000, 0.000000000000000000, -0.000000000000000000 ) ) ;
#704 = CARTESIAN_POINT ( 'NONE',  ( 0.000000000000000000, 0.000000000000000000, 16.17999999999999972 ) ) ;
#705 = VERTEX_POINT ( 'NONE', #704 ) ;
#706 = DIRECTION ( 'NONE',  ( 1.000000000000000000, -0.000000000000000000, -0.000000000000000000 ) ) ;
#707 = DATE_AND_TIME ( #1602, #196 ) ;
#708 = EDGE_CURVE ( 'NONE', #606, #1900, #248, .T. ) ;
#709 = DIRECTION ( 'NONE',  ( 0.000000000000000000, 1.000000000000000000, 0.000000000000000000 ) ) ;
#710 = DIRECTION ( 'NONE',  ( 0.000000000000000000, 0.000000000000000000, -1.000000000000000000 ) ) ;
#711 = ORIENTED_EDGE ( 'NONE', *, *, #559, .T. ) ;
#712 = LINE ( 'NONE', #1781, #65 ) ;
#713 = DIRECTION ( 'NONE',  ( 1.000000000000000000, 0.000000000000000000, 0.000000000000000000 ) ) ;
#714 = ORIENTED_EDGE ( 'NONE', *, *, #1573, .F. ) ;
#715 = EDGE_CURVE ( 'NONE', #435, #765, #557, .T. ) ;
#716 = VECTOR ( 'NONE', #265, 1000.000000000000000 ) ;
#717 = PLANE ( 'NONE',  #904 ) ;
#718 = AXIS2_PLACEMENT_3D ( 'NONE', #1564, #178, #1248 ) ;
#719 = ORIENTED_EDGE ( 'NONE', *, *, #467, .F. ) ;
#720 = CARTESIAN_POINT ( 'NONE',  ( -0.000000000000000000, -10.00000000000000000, 32.70000000000000284 ) ) ;
#721 = CIRCLE ( 'NONE', #1785, 1.504999999999999449 ) ;
#722 = EDGE_LOOP ( 'NONE', ( #1662, #1238, #1419, #1606, #711, #459, #761, #955 ) ) ;
#723 = VECTOR ( 'NONE', #586, 1000.000000000000000 ) ;
#724 = CARTESIAN_POINT ( 'NONE',  ( 0.000000000000000000, 22.44999999999999929, 0.000000000000000000 ) ) ;
#725 = FACE_BOUND ( 'NONE', #1368, .T. ) ;
#726 = VECTOR ( 'NONE', #1219, 1000.000000000000000 ) ;
#727 = ORIENTED_EDGE ( 'NONE', *, *, #1007, .T. ) ;
#728 = DIRECTION ( 'NONE',  ( -0.000000000000000000, 1.000000000000000000, -0.000000000000000000 ) ) ;
#729 = EDGE_CURVE ( 'NONE', #634, #1376, #1960, .T. ) ;
#730 = ORIENTED_EDGE ( 'NONE', *, *, #1256, .F. ) ;
#731 = DIRECTION ( 'NONE',  ( -0.000000000000000000, 1.000000000000000000, -0.000000000000000000 ) ) ;
#732 = ORIENTED_EDGE ( 'NONE', *, *, #1764, .F. ) ;
#733 = DIRECTION ( 'NONE',  ( 0.000000000000000000, 1.000000000000000000, -0.000000000000000000 ) ) ;
#734 = FACE_OUTER_BOUND ( 'NONE', #565, .T. ) ;
#735 = VERTEX_POINT ( 'NONE', #407 ) ;
#736 = APPROVAL ( #52, 'UNSPECIFIED' ) ;
#737 = DIRECTION ( 'NONE',  ( 0.000000000000000000, 0.000000000000000000, -1.000000000000000000 ) ) ;
#738 = CARTESIAN_POINT ( 'NONE',  ( 0.000000000000000000, 1.999999999999999556, 12.69999999999999929 ) ) ;
#739 = ADVANCED_FACE ( 'NONE', ( #887 ), #1480, .T. ) ;
#740 = DIRECTION ( 'NONE',  ( 0.000000000000000000, -1.000000000000000000, 0.000000000000000000 ) ) ;
#741 = EDGE_CURVE ( 'NONE', #1327, #495, #1016, .T. ) ;
#742 = ORIENTED_EDGE ( 'NONE', *, *, #547, .T. ) ;
#743 = LINE ( 'NONE', #1968, #723 ) ;
#744 = CARTESIAN_POINT ( 'NONE',  ( 24.30000000000000071, 0.000000000000000000, 32.20000000000000284 ) ) ;
#745 = VERTEX_POINT ( 'NONE', #1190 ) ;
#746 = ORIENTED_EDGE ( 'NONE', *, *, #132, .F. ) ;
#747 = AXIS2_PLACEMENT_3D ( 'NONE', #814, #1118, #1147 ) ;
#748 = AXIS2_PLACEMENT_3D ( 'NONE', #1911, #368, #1315 ) ;
#749 = DIRECTION ( 'NONE',  ( 0.000000000000000000, 0.000000000000000000, -1.000000000000000000 ) ) ;
#750 = AXIS2_PLACEMENT_3D ( 'NONE', #533, #1112, #46 ) ;
#751 = EDGE_LOOP ( 'NONE', ( #172, #881 ) ) ;
#752 = VECTOR ( 'NONE', #57, 1000.000000000000000 ) ;
#753 = DIRECTION ( 'NONE',  ( -1.000000000000000000, 0.000000000000000000, 0.000000000000000000 ) ) ;
#754 = EDGE_CURVE ( 'NONE', #1240, #1887, #1951, .T. ) ;
#755 = DIRECTION ( 'NONE',  ( 0.000000000000000000, 9.912705577010326536E-16, -1.000000000000000000 ) ) ;
#756 = ORIENTED_EDGE ( 'NONE', *, *, #1772, .F. ) ;
#757 = CIRCLE ( 'NONE', #856, 2.505000000000006999 ) ;
#758 = CARTESIAN_POINT ( 'NONE',  ( -6.250000000000001776, 2.000000000000000000, 15.42999999999999972 ) ) ;
#759 = DIRECTION ( 'NONE',  ( 1.000000000000000000, 0.000000000000000000, 0.000000000000000000 ) ) ;
#760 = DIRECTION ( 'NONE',  ( -0.7071067811865500152, 0.000000000000000000, -0.7071067811865451302 ) ) ;
#761 = ORIENTED_EDGE ( 'NONE', *, *, #1330, .F. ) ;
#762 = CYLINDRICAL_SURFACE ( 'NONE', #1943, 5.000000000000000888 ) ;
#763 = ORIENTED_EDGE ( 'NONE', *, *, #589, .T. ) ;
#764 = CARTESIAN_POINT ( 'NONE',  ( 24.80000000000000426, -5.000000000000000000, 31.20000000000001705 ) ) ;
#765 = VERTEX_POINT ( 'NONE', #1793 ) ;
#766 = ADVANCED_FACE ( 'NONE', ( #1161 ), #568, .F. ) ;
#767 = EDGE_CURVE ( 'NONE', #669, #1666, #1500, .T. ) ;
#768 = CARTESIAN_POINT ( 'NONE',  ( 4.800000000000002487, -5.000000000000000000, 18.19999999999999929 ) ) ;
#769 = PLANE ( 'NONE',  #45 ) ;
#770 = DIRECTION ( 'NONE',  ( 1.000000000000000000, 0.000000000000000000, 0.000000000000000000 ) ) ;
#771 = EDGE_CURVE ( 'NONE', #393, #1629, #90, .T. ) ;
#772 = ORIENTED_EDGE ( 'NONE', *, *, #1758, .T. ) ;
#773 = DIRECTION ( 'NONE',  ( 0.000000000000000000, 0.000000000000000000, -1.000000000000000000 ) ) ;
#774 = CARTESIAN_POINT ( 'NONE',  ( 18.80000000000000071, 22.44999999999999929, 32.70000000000000284 ) ) ;
#775 = CARTESIAN_POINT ( 'NONE',  ( 21.80000000000000426, 11.17999999999999972, 2.930000000000007265 ) ) ;
#776 = ORIENTED_EDGE ( 'NONE', *, *, #1274, .T. ) ;
#777 = FACE_OUTER_BOUND ( 'NONE', #1498, .T. ) ;
#778 = LINE ( 'NONE', #1085, #519 ) ;
#779 = VERTEX_POINT ( 'NONE', #232 ) ;
#780 = DIRECTION ( 'NONE',  ( -0.7071067811865500152, 0.000000000000000000, 0.7071067811865451302 ) ) ;
#781 = ADVANCED_FACE ( 'NONE', ( #425 ), #385, .F. ) ;
#782 = AXIS2_PLACEMENT_3D ( 'NONE', #259, #116, #1347 ) ;
#783 = VERTEX_POINT ( 'NONE', #1024 ) ;
#784 = PRODUCT ( 'D5 - Motor Holder', 'D5 - Motor Holder', '', ( #531 ) ) ;
#785 = PLANE ( 'NONE',  #980 ) ;
#786 = CIRCLE ( 'NONE', #1580, 1.500000000000000444 ) ;
#787 = CARTESIAN_POINT ( 'NONE',  ( 24.80000000000000426, 1.499999999999999556, 13.19999999999999929 ) ) ;
#788 = EDGE_LOOP ( 'NONE', ( #1903, #1089, #577, #978, #938, #1478, #1726, #945, #1713, #1751 ) ) ;
#789 = AXIS2_PLACEMENT_3D ( 'NONE', #1993, #1711, #1830 ) ;
#790 = CARTESIAN_POINT ( 'NONE',  ( 24.80000000000000426, -10.00000000000000000, 12.69999999999999929 ) ) ;
#791 = DIRECTION ( 'NONE',  ( 0.000000000000000000, 0.000000000000000000, -1.000000000000000000 ) ) ;
#792 = ORIENTED_EDGE ( 'NONE', *, *, #120, .T. ) ;
#793 = LOCAL_TIME ( 11, 35, 27.00000000000000000, #990 ) ;
#794 = ADVANCED_FACE ( 'NONE', ( #725, #414, #1032 ), #1647, .F. ) ;
#795 = DIRECTION ( 'NONE',  ( -1.000000000000000000, 0.000000000000000000, 0.000000000000000000 ) ) ;
#796 = ORIENTED_EDGE ( 'NONE', *, *, #820, .T. ) ;
#797 = DIRECTION ( 'NONE',  ( 1.000000000000000000, 0.000000000000000000, -0.000000000000000000 ) ) ;
#798 = CARTESIAN_POINT ( 'NONE',  ( 23.79999999999998650, -5.000000000000000000, 28.69999999999999929 ) ) ;
#799 = CARTESIAN_POINT ( 'NONE',  ( 21.80000000000000426, -10.00000000000000000, 12.69999999999999929 ) ) ;
#800 = ORIENTED_EDGE ( 'NONE', *, *, #458, .T. ) ;
#801 = LINE ( 'NONE', #811, #1133 ) ;
#802 = DIRECTION ( 'NONE',  ( 0.000000000000000000, 0.000000000000000000, -1.000000000000000000 ) ) ;
#803 = ORIENTED_EDGE ( 'NONE', *, *, #350, .T. ) ;
#804 = CC_DESIGN_PERSON_AND_ORGANIZATION_ASSIGNMENT ( #1757, #1446, ( #620 ) ) ;
#805 = CARTESIAN_POINT ( 'NONE',  ( -3.000000000000003109, 25.44999999999999218, 29.68000000000000327 ) ) ;
#806 = VERTEX_POINT ( 'NONE', #107 ) ;
#807 = PLANE ( 'NONE',  #143 ) ;
#808 = CARTESIAN_POINT ( 'NONE',  ( -6.250000000000001776, 2.000000000000000000, 15.42999999999999972 ) ) ;
#809 = ADVANCED_FACE ( 'NONE', ( #734 ), #1153, .T. ) ;
#810 = ORIENTED_EDGE ( 'NONE', *, *, #27, .F. ) ;
#811 = CARTESIAN_POINT ( 'NONE',  ( -0.000000000000000000, 1.999999999999999556, 32.70000000000000284 ) ) ;
#812 = DIRECTION ( 'NONE',  ( -1.000000000000000000, 0.000000000000000000, 0.000000000000000000 ) ) ;
#813 = ORIENTED_EDGE ( 'NONE', *, *, #82, .T. ) ;
#814 = CARTESIAN_POINT ( 'NONE',  ( -6.250000000000001776, 2.000000000000000000, 25.17999999999999972 ) ) ;
#815 = CARTESIAN_POINT ( 'NONE',  ( 24.30000000000000071, -10.00000000000000000, 12.69999999999999929 ) ) ;
#816 = ORIENTED_EDGE ( 'NONE', *, *, #237, .F. ) ;
#817 = DIRECTION ( 'NONE',  ( 0.000000000000000000, -1.000000000000000000, 0.000000000000000000 ) ) ;
#818 = LINE ( 'NONE', #1418, #34 ) ;
#819 = ORIENTED_EDGE ( 'NONE', *, *, #1871, .F. ) ;
#820 = EDGE_CURVE ( 'NONE', #1645, #1278, #1544, .T. ) ;
#821 = DIRECTION ( 'NONE',  ( 0.000000000000000000, -1.000000000000000000, -7.758155080397172067E-17 ) ) ;
#822 = VECTOR ( 'NONE', #875, 1000.000000000000000 ) ;
#823 = DIRECTION ( 'NONE',  ( 1.000000000000000000, 0.000000000000000000, 0.000000000000000000 ) ) ;
#824 = AXIS2_PLACEMENT_3D ( 'NONE', #1258, #1985, #2003 ) ;
#825 = ORIENTED_EDGE ( 'NONE', *, *, #1932, .T. ) ;
#826 = CIRCLE ( 'NONE', #1422, 1.500000000000000444 ) ;
#827 = FACE_OUTER_BOUND ( 'NONE', #1351, .T. ) ;
#828 = CARTESIAN_POINT ( 'NONE',  ( -9.499999999999998224, 2.000000000000000000, 11.92999999999999972 ) ) ;
#829 = ORIENTED_EDGE ( 'NONE', *, *, #1786, .T. ) ;
#830 = FACE_OUTER_BOUND ( 'NONE', #862, .T. ) ;
#831 = CARTESIAN_POINT ( 'NONE',  ( 18.80000000000000426, 0.000000000000000000, 32.70000000000000284 ) ) ;
#832 = EDGE_CURVE ( 'NONE', #1327, #1405, #541, .T. ) ;
#833 = ORIENTED_EDGE ( 'NONE', *, *, #1155, .T. ) ;
#834 = CIRCLE ( 'NONE', #1953, 1.500000000000001332 ) ;
#835 = CARTESIAN_POINT ( 'NONE',  ( 0.000000000000000000, 0.000000000000000000, 0.000000000000000000 ) ) ;
#836 = DIRECTION ( 'NONE',  ( 0.000000000000000000, 0.000000000000000000, 1.000000000000000000 ) ) ;
#837 = FACE_OUTER_BOUND ( 'NONE', #40, .T. ) ;
#838 = ADVANCED_FACE ( 'NONE', ( #690 ), #1149, .F. ) ;
#839 = VERTEX_POINT ( 'NONE', #1905 ) ;
#840 = LINE ( 'NONE', #71, #1511 ) ;
#841 = CARTESIAN_POINT ( 'NONE',  ( -8.500000000000000000, 2.000000000000000000, 28.67999999999999972 ) ) ;
#842 = ORIENTED_EDGE ( 'NONE', *, *, #771, .T. ) ;
#843 = FACE_OUTER_BOUND ( 'NONE', #206, .T. ) ;
#844 = DIRECTION ( 'NONE',  ( 1.000000000000000000, 0.000000000000000000, 0.000000000000000000 ) ) ;
#845 = EDGE_CURVE ( 'NONE', #968, #473, #1915, .T. ) ;
#846 = LINE ( 'NONE', #1448, #295 ) ;
#847 = CARTESIAN_POINT ( 'NONE',  ( -9.499999999999998224, 2.000000000000000000, 12.92999999999999972 ) ) ;
#848 = ORIENTED_EDGE ( 'NONE', *, *, #1471, .T. ) ;
#849 = DIRECTION ( 'NONE',  ( 1.000000000000000000, -0.000000000000000000, -0.000000000000000000 ) ) ;
#850 = LINE ( 'NONE', #681, #752 ) ;
#851 = ORIENTED_EDGE ( 'NONE', *, *, #284, .F. ) ;
#852 = VECTOR ( 'NONE', #957, 1000.000000000000000 ) ;
#853 = CIRCLE ( 'NONE', #1879, 4.499999999999999112 ) ;
#854 = COORDINATED_UNIVERSAL_TIME_OFFSET ( 1, 0, .AHEAD. ) ;
#855 = EDGE_CURVE ( 'NONE', #445, #312, #324, .T. ) ;
#856 = AXIS2_PLACEMENT_3D ( 'NONE', #1673, #1187, #1987 ) ;
#857 = CYLINDRICAL_SURFACE ( 'NONE', #197, 1.500000000000001332 ) ;
#858 = CARTESIAN_POINT ( 'NONE',  ( -4.000000000000000000, 0.000000000000000000, 29.68000000000000327 ) ) ;
#859 = ORIENTED_EDGE ( 'NONE', *, *, #523, .T. ) ;
#860 = CARTESIAN_POINT ( 'NONE',  ( -9.499999999999998224, 2.000000000000000000, 11.92999999999999972 ) ) ;
#861 = CARTESIAN_POINT ( 'NONE',  ( 0.000000000000000000, 0.000000000000000000, 32.70000000000000284 ) ) ;
#862 = EDGE_LOOP ( 'NONE', ( #719, #1874, #1476, #122 ) ) ;
#863 = CARTESIAN_POINT ( 'NONE',  ( 22.30000000000000426, 2.499999999999999556, 12.69999999999999929 ) ) ;
#864 = EDGE_CURVE ( 'NONE', #1412, #473, #611, .T. ) ;
#865 = CARTESIAN_POINT ( 'NONE',  ( 0.000000000000000000, 0.000000000000000000, 32.70000000000000284 ) ) ;
#866 = ORIENTED_EDGE ( 'NONE', *, *, #1311, .F. ) ;
#867 = EDGE_CURVE ( 'NONE', #1656, #1677, #501, .T. ) ;
#868 = ORIENTED_EDGE ( 'NONE', *, *, #523, .F. ) ;
#869 = LINE ( 'NONE', #199, #1484 ) ;
#870 = CARTESIAN_POINT ( 'NONE',  ( -8.500000000000000000, 2.000000000000000000, 28.67999999999999972 ) ) ;
#871 = EDGE_CURVE ( 'NONE', #1979, #1591, #1746, .T. ) ;
#872 = EDGE_LOOP ( 'NONE', ( #209, #1741, #1861, #664 ) ) ;
#873 = CARTESIAN_POINT ( 'NONE',  ( -1.999999999999993561, 1.192835396054785732E-16, 3.929999999999999272 ) ) ;
#874 = DIRECTION ( 'NONE',  ( -0.000000000000000000, -0.000000000000000000, -1.000000000000000000 ) ) ;
#875 = DIRECTION ( 'NONE',  ( 8.659560562354925463E-17, 0.7071067811865482389, -0.7071067811865469066 ) ) ;
#876 = DIRECTION ( 'NONE',  ( 1.000000000000000000, -0.000000000000000000, -0.000000000000000000 ) ) ;
#877 = ORIENTED_EDGE ( 'NONE', *, *, #1461, .F. ) ;
#878 = ADVANCED_FACE ( 'NONE', ( #843 ), #1279, .T. ) ;
#879 = LINE ( 'NONE', #250, #1193 ) ;
#880 = VECTOR ( 'NONE', #398, 1000.000000000000000 ) ;
#881 = ORIENTED_EDGE ( 'NONE', *, *, #1866, .F. ) ;
#882 = LINE ( 'NONE', #1503, #131 ) ;
#883 = AXIS2_PLACEMENT_3D ( 'NONE', #1581, #194, #1354 ) ;
#884 = ORIENTED_EDGE ( 'NONE', *, *, #1672, .T. ) ;
#885 = VECTOR ( 'NONE', #1674, 1000.000000000000000 ) ;
#886 = LINE ( 'NONE', #115, #1590 ) ;
#887 = FACE_OUTER_BOUND ( 'NONE', #1136, .T. ) ;
#888 = AXIS2_PLACEMENT_3D ( 'NONE', #991, #236, #836 ) ;
#889 = ORIENTED_EDGE ( 'NONE', *, *, #341, .T. ) ;
#890 = ADVANCED_FACE ( 'NONE', ( #1109 ), #1811, .F. ) ;
#891 = CARTESIAN_POINT ( 'NONE',  ( 0.000000000000000000, 11.17999999999998373, 20.01000000000000156 ) ) ;
#892 = ORIENTED_EDGE ( 'NONE', *, *, #487, .T. ) ;
#893 = DIRECTION ( 'NONE',  ( 1.000000000000000000, 0.000000000000000000, 0.000000000000000000 ) ) ;
#894 = ORIENTED_EDGE ( 'NONE', *, *, #1168, .T. ) ;
#895 = LINE ( 'NONE', #1802, #1940 ) ;
#896 = DIRECTION ( 'NONE',  ( 0.000000000000000000, 0.000000000000000000, 1.000000000000000000 ) ) ;
#897 = ORIENTED_EDGE ( 'NONE', *, *, #538, .F. ) ;
#898 = ADVANCED_FACE ( 'NONE', ( #827 ), #449, .F. ) ;
#899 = LINE ( 'NONE', #282, #726 ) ;
#900 = CARTESIAN_POINT ( 'NONE',  ( -3.000000000000000000, 0.000000000000000000, 32.70000000000000284 ) ) ;
#901 = DIRECTION ( 'NONE',  ( 0.000000000000000000, 0.000000000000000000, 1.000000000000000000 ) ) ;
#902 = ORIENTED_EDGE ( 'NONE', *, *, #1634, .F. ) ;
#903 = CYLINDRICAL_SURFACE ( 'NONE', #97, 1.504999999999999449 ) ;
#904 = AXIS2_PLACEMENT_3D ( 'NONE', #738, #1635, #1018 ) ;
#905 = AXIS2_PLACEMENT_3D ( 'NONE', #535, #406, #1620 ) ;
#906 = CARTESIAN_POINT ( 'NONE',  ( -1.739999999999999991, 11.17999999999998373, 18.09499999999999886 ) ) ;
#907 = EDGE_CURVE ( 'NONE', #705, #1342, #1435, .T. ) ;
#908 = VECTOR ( 'NONE', #480, 1000.000000000000000 ) ;
#909 = EDGE_CURVE ( 'NONE', #495, #995, #1568, .T. ) ;
#910 = ORIENTED_EDGE ( 'NONE', *, *, #1502, .T. ) ;
#911 = DIRECTION ( 'NONE',  ( -2.071311613106635399E-16, 0.000000000000000000, 1.000000000000000000 ) ) ;
#912 = LINE ( 'NONE', #1374, #1261 ) ;
#913 = ORIENTED_EDGE ( 'NONE', *, *, #263, .F. ) ;
#914 = CARTESIAN_POINT ( 'NONE',  ( 18.80000000000000071, 22.44999999999999929, 32.70000000000000284 ) ) ;
#915 = ADVANCED_FACE ( 'NONE', ( #656 ), #1738, .F. ) ;
#916 = CARTESIAN_POINT ( 'NONE',  ( 21.80000000000000426, 0.000000000000000000, 32.70000000000000284 ) ) ;
#917 = ORIENTED_EDGE ( 'NONE', *, *, #1772, .T. ) ;
#918 = DIRECTION ( 'NONE',  ( -1.000000000000000000, 0.000000000000000000, 0.000000000000000000 ) ) ;
#919 = ORIENTED_EDGE ( 'NONE', *, *, #77, .F. ) ;
#920 = DIRECTION ( 'NONE',  ( 1.000000000000000000, 0.000000000000000000, 0.000000000000000000 ) ) ;
#921 = ORIENTED_EDGE ( 'NONE', *, *, #185, .T. ) ;
#922 = EDGE_CURVE ( 'NONE', #927, #968, #1286, .T. ) ;
#923 = DIRECTION ( 'NONE',  ( 0.000000000000000000, 0.000000000000000000, -1.000000000000000000 ) ) ;
#924 = CARTESIAN_POINT ( 'NONE',  ( -1.739999999999999991, 0.000000000000000000, 20.01000000000000156 ) ) ;
#925 = ORIENTED_EDGE ( 'NONE', *, *, #1739, .F. ) ;
#926 = CARTESIAN_POINT ( 'NONE',  ( -1.999999999999994893, 11.18000000000000149, 3.930000000000000160 ) ) ;
#927 = VERTEX_POINT ( 'NONE', #111 ) ;
#928 = DIRECTION ( 'NONE',  ( -0.000000000000000000, -0.000000000000000000, -1.000000000000000000 ) ) ;
#929 = LINE ( 'NONE', #799, #1165 ) ;
#930 = ORIENTED_EDGE ( 'NONE', *, *, #1129, .F. ) ;
#931 = DIRECTION ( 'NONE',  ( 1.000000000000000000, -0.000000000000000000, -0.000000000000000000 ) ) ;
#932 = CARTESIAN_POINT ( 'NONE',  ( -8.499999999999996447, 2.000000000000000000, 11.92999999999999972 ) ) ;
#933 = EDGE_CURVE ( 'NONE', #251, #1527, #539, .T. ) ;
#934 = ORIENTED_EDGE ( 'NONE', *, *, #1962, .F. ) ;
#935 = DIRECTION ( 'NONE',  ( -1.294569758191646909E-16, 0.000000000000000000, 1.000000000000000000 ) ) ;
#936 = VECTOR ( 'NONE', #300, 1000.000000000000000 ) ;
#937 = VECTOR ( 'NONE', #81, 1000.000000000000000 ) ;
#938 = ORIENTED_EDGE ( 'NONE', *, *, #151, .T. ) ;
#939 = CARTESIAN_POINT ( 'NONE',  ( 21.80000000000000426, -10.00000000000000000, 32.70000000000000284 ) ) ;
#940 = CARTESIAN_POINT ( 'NONE',  ( 18.80000000000000426, 0.000000000000000000, 10.93000000000000149 ) ) ;
#941 = AXIS2_PLACEMENT_3D ( 'NONE', #1265, #1572, #215 ) ;
#942 = VECTOR ( 'NONE', #1152, 1000.000000000000000 ) ;
#943 = CARTESIAN_POINT ( 'NONE',  ( 0.000000000000000000, 0.000000000000000000, 0.000000000000000000 ) ) ;
#944 = EDGE_CURVE ( 'NONE', #1791, #1666, #879, .T. ) ;
#945 = ORIENTED_EDGE ( 'NONE', *, *, #474, .T. ) ;
#946 = CIRCLE ( 'NONE', #1006, 3.499999999999999556 ) ;
#947 = PLANE ( 'NONE',  #1035 ) ;
#948 = PLANE ( 'NONE',  #1166 ) ;
#949 = ORIENTED_EDGE ( 'NONE', *, *, #246, .F. ) ;
#950 = AXIS2_PLACEMENT_3D ( 'NONE', #906, #1335, #1326 ) ;
#951 = ADVANCED_FACE ( 'NONE', ( #1625 ), #717, .F. ) ;
#952 = ORIENTED_EDGE ( 'NONE', *, *, #211, .F. ) ;
#953 = CYLINDRICAL_SURFACE ( 'NONE', #364, 0.5000000000000004441 ) ;
#954 = DIRECTION ( 'NONE',  ( -1.000000000000000000, 0.000000000000000000, 0.000000000000000000 ) ) ;
#955 = ORIENTED_EDGE ( 'NONE', *, *, #647, .T. ) ;
#956 = CARTESIAN_POINT ( 'NONE',  ( -6.250000000000001776, 2.000000000000000000, 27.68500000000000938 ) ) ;
#957 = DIRECTION ( 'NONE',  ( 0.000000000000000000, 1.000000000000000000, 0.000000000000000000 ) ) ;
#958 = EDGE_LOOP ( 'NONE', ( #1186, #1124, #1181, #1365, #925, #1709, #1918, #934, #612, #1318 ) ) ;
#959 = DIRECTION ( 'NONE',  ( 0.000000000000000000, 0.000000000000000000, -1.000000000000000000 ) ) ;
#960 = DIRECTION ( 'NONE',  ( 1.192835396054779323E-16, -1.000000000000000000, 0.000000000000000000 ) ) ;
#961 = ADVANCED_FACE ( 'NONE', ( #1194 ), #1787, .T. ) ;
#962 = ORIENTED_EDGE ( 'NONE', *, *, #715, .F. ) ;
#963 = CARTESIAN_POINT ( 'NONE',  ( 24.59289321881345458, 1.999999999999999556, 32.70000000000000284 ) ) ;
#964 = CARTESIAN_POINT ( 'NONE',  ( -6.250000000000001776, 0.9999999999999902300, 13.92500000000000071 ) ) ;
#965 = ORIENTED_EDGE ( 'NONE', *, *, #63, .T. ) ;
#966 = PLANE ( 'NONE',  #327 ) ;
#967 = DIRECTION ( 'NONE',  ( -0.000000000000000000, -1.000000000000000000, -0.000000000000000000 ) ) ;
#968 = VERTEX_POINT ( 'NONE', #93 ) ;
#969 = DESIGN_CONTEXT ( 'detailed design', #431, 'design' ) ;
#970 = EDGE_CURVE ( 'NONE', #23, #765, #1260, .T. ) ;
#971 = CARTESIAN_POINT ( 'NONE',  ( 24.30000000000000071, 1.999999999999999556, 12.69999999999999929 ) ) ;
#972 = VECTOR ( 'NONE', #1852, 1000.000000000000000 ) ;
#973 = ORIENTED_EDGE ( 'NONE', *, *, #1143, .T. ) ;
#974 = DIRECTION ( 'NONE',  ( 0.000000000000000000, -7.758155080397172067E-17, 1.000000000000000000 ) ) ;
#975 = VECTOR ( 'NONE', #1132, 1000.000000000000000 ) ;
#976 = DIRECTION ( 'NONE',  ( 1.545410669021654585E-16, -1.000000000000000000, 0.000000000000000000 ) ) ;
#977 = VECTOR ( 'NONE', #150, 1000.000000000000000 ) ;
#978 = ORIENTED_EDGE ( 'NONE', *, *, #1800, .F. ) ;
#979 =( GEOMETRIC_REPRESENTATION_CONTEXT ( 3 ) GLOBAL_UNCERTAINTY_ASSIGNED_CONTEXT ( ( #1896 ) ) GLOBAL_UNIT_ASSIGNED_CONTEXT ( ( #610, #2, #468 ) ) REPRESENTATION_CONTEXT ( 'NONE', 'WORKASPACE' ) );
#980 = AXIS2_PLACEMENT_3D ( 'NONE', #659, #1373, #797 ) ;
#981 = COORDINATED_UNIVERSAL_TIME_OFFSET ( 1, 0, .AHEAD. ) ;
#982 = ADVANCED_FACE ( 'NONE', ( #1797 ), #1579, .F. ) ;
#983 = CARTESIAN_POINT ( 'NONE',  ( 4.800000000000002487, -5.000000000000000000, 28.69999999999999929 ) ) ;
#984 = LINE ( 'NONE', #1604, #1813 ) ;
#985 = VERTEX_POINT ( 'NONE', #1312 ) ;
#986 = CARTESIAN_POINT ( 'NONE',  ( -10.89999999999999680, 0.000000000000000000, 10.93000000000000149 ) ) ;
#987 = FACE_OUTER_BOUND ( 'NONE', #622, .T. ) ;
#988 = ORIENTED_EDGE ( 'NONE', *, *, #609, .F. ) ;
#989 = EDGE_CURVE ( 'NONE', #1900, #1574, #1933, .T. ) ;
#990 = COORDINATED_UNIVERSAL_TIME_OFFSET ( 1, 0, .AHEAD. ) ;
#991 = CARTESIAN_POINT ( 'NONE',  ( 24.80000000000000426, -5.000000000000000000, 16.69999999999999929 ) ) ;
#992 = DIRECTION ( 'NONE',  ( 0.000000000000000000, -1.000000000000000000, 0.000000000000000000 ) ) ;
#993 = LINE ( 'NONE', #1607, #880 ) ;
#994 = CARTESIAN_POINT ( 'NONE',  ( 0.000000000000000000, 11.17999999999998373, 20.01000000000000156 ) ) ;
#995 = VERTEX_POINT ( 'NONE', #242 ) ;
#996 = EDGE_CURVE ( 'NONE', #1629, #1405, #1964, .T. ) ;
#997 = CALENDAR_DATE ( 2026, 7, 5 ) ;
#998 = DIRECTION ( 'NONE',  ( 1.000000000000000000, 0.000000000000000000, 0.000000000000000000 ) ) ;
#999 = DIRECTION ( 'NONE',  ( 0.000000000000000000, -1.000000000000000000, 0.000000000000000000 ) ) ;
#1000 = ORIENTED_EDGE ( 'NONE', *, *, #202, .F. ) ;
#1001 = PLANE ( 'NONE',  #1230 ) ;
#1002 = CARTESIAN_POINT ( 'NONE',  ( 21.80000000000000426, 2.309602767434237591E-15, 2.930000000000005489 ) ) ;
#1003 = AXIS2_PLACEMENT_3D ( 'NONE', #561, #428, #1475 ) ;
#1004 = EDGE_LOOP ( 'NONE', ( #810, #109, #1577, #383 ) ) ;
#1005 = AXIS2_PLACEMENT_3D ( 'NONE', #943, #1828, #1359 ) ;
#1006 = AXIS2_PLACEMENT_3D ( 'NONE', #339, #1565, #1284 ) ;
#1007 = EDGE_CURVE ( 'NONE', #1553, #1069, #1185, .T. ) ;
#1008 = FACE_OUTER_BOUND ( 'NONE', #1047, .T. ) ;
#1009 = CALENDAR_DATE ( 2026, 7, 5 ) ;
#1010 = ORIENTED_EDGE ( 'NONE', *, *, #1068, .F. ) ;
#1011 = ADVANCED_FACE ( 'NONE', ( #1805 ), #387, .F. ) ;
#1012 = AXIS2_PLACEMENT_3D ( 'NONE', #1628, #998, #1469 ) ;
#1013 = LINE ( 'NONE', #1603, #1325 ) ;
#1014 = ORIENTED_EDGE ( 'NONE', *, *, #832, .F. ) ;
#1015 = CARTESIAN_POINT ( 'NONE',  ( -1.739999999999999991, 0.000000000000000000, 16.17999999999999972 ) ) ;
#1016 = LINE ( 'NONE', #1782, #937 ) ;
#1017 = ORIENTED_EDGE ( 'NONE', *, *, #820, .F. ) ;
#1018 = DIRECTION ( 'NONE',  ( 0.000000000000000000, -0.000000000000000000, -1.000000000000000000 ) ) ;
#1019 = ORIENTED_EDGE ( 'NONE', *, *, #845, .T. ) ;
#1020 = AXIS2_PLACEMENT_3D ( 'NONE', #1272, #918, #613 ) ;
#1021 = CARTESIAN_POINT ( 'NONE',  ( -6.250000000000001776, 0.000000000000000000, 25.17999999999999972 ) ) ;
#1022 = EDGE_CURVE ( 'NONE', #1669, #1629, #417, .T. ) ;
#1023 = CARTESIAN_POINT ( 'NONE',  ( -10.89999999999999680, 11.17999999999999972, 3.930000000000000160 ) ) ;
#1024 = CARTESIAN_POINT ( 'NONE',  ( 0.000000000000000000, 11.18000000000000149, 10.92999999999999972 ) ) ;
#1025 = EDGE_LOOP ( 'NONE', ( #1086, #463, #1220, #842, #1849 ) ) ;
#1026 = DIRECTION ( 'NONE',  ( 1.000000000000000000, 0.000000000000000000, 0.000000000000000000 ) ) ;
#1027 = CARTESIAN_POINT ( 'NONE',  ( -6.250000000000001776, 0.9999999999999902300, 25.17999999999999972 ) ) ;
#1028 = ORIENTED_EDGE ( 'NONE', *, *, #1730, .T. ) ;
#1029 = EDGE_CURVE ( 'NONE', #745, #346, #149, .T. ) ;
#1030 = LINE ( 'NONE', #287, #885 ) ;
#1031 = EDGE_CURVE ( 'NONE', #571, #1069, #410, .T. ) ;
#1032 = FACE_OUTER_BOUND ( 'NONE', #426, .T. ) ;
#1033 = ORIENTED_EDGE ( 'NONE', *, *, #871, .T. ) ;
#1034 = DIRECTION ( 'NONE',  ( -0.000000000000000000, -0.000000000000000000, -1.000000000000000000 ) ) ;
#1035 = AXIS2_PLACEMENT_3D ( 'NONE', #41, #619, #1401 ) ;
#1036 = VERTEX_POINT ( 'NONE', #891 ) ;
#1037 = VECTOR ( 'NONE', #1454, 1000.000000000000000 ) ;
#1038 = ADVANCED_FACE ( 'NONE', ( #1008 ), #1495, .T. ) ;
#1039 = LINE ( 'NONE', #1644, #1515 ) ;
#1040 = CC_DESIGN_SECURITY_CLASSIFICATION ( #1457, ( #1236 ) ) ;
#1041 = CARTESIAN_POINT ( 'NONE',  ( -1.739999999999999991, 11.17999999999998373, 16.17999999999999972 ) ) ;
#1042 = CARTESIAN_POINT ( 'NONE',  ( 0.000000000000000000, 11.17999999999998373, 18.09499999999999886 ) ) ;
#1043 = VERTEX_POINT ( 'NONE', #388 ) ;
#1044 = EDGE_CURVE ( 'NONE', #157, #669, #1163, .T. ) ;
#1045 = CYLINDRICAL_SURFACE ( 'NONE', #1776, 0.5000000000000004441 ) ;
#1046 = CARTESIAN_POINT ( 'NONE',  ( 21.80000000000000426, 0.000000000000000000, 32.70000000000000284 ) ) ;
#1047 = EDGE_LOOP ( 'NONE', ( #1794, #1304, #1507, #952 ) ) ;
#1048 = CARTESIAN_POINT ( 'NONE',  ( -4.000000000000000888, 0.000000000000000000, 28.67999999999999972 ) ) ;
#1049 = ORIENTED_EDGE ( 'NONE', *, *, #1424, .T. ) ;
#1050 = CARTESIAN_POINT ( 'NONE',  ( -6.250000000000001776, 2.000000000000000000, 17.93500000000000583 ) ) ;
#1051 = DIRECTION ( 'NONE',  ( 1.545410669021654585E-16, -1.000000000000000000, 0.000000000000000000 ) ) ;
#1052 = VERTEX_POINT ( 'NONE', #84 ) ;
#1053 = DIRECTION ( 'NONE',  ( 1.000000000000000000, -0.000000000000000000, -0.000000000000000000 ) ) ;
#1054 = EDGE_CURVE ( 'NONE', #508, #1342, #1167, .T. ) ;
#1055 = ORIENTED_EDGE ( 'NONE', *, *, #1846, .F. ) ;
#1056 = LINE ( 'NONE', #1948, #1107 ) ;
#1057 = FACE_BOUND ( 'NONE', #238, .T. ) ;
#1058 = CARTESIAN_POINT ( 'NONE',  ( -10.89999999999999680, 11.17999999999999972, 3.930000000000000160 ) ) ;
#1059 = CARTESIAN_POINT ( 'NONE',  ( 24.80000000000000426, 0.000000000000000000, 13.19999999999999929 ) ) ;
#1060 = ORIENTED_EDGE ( 'NONE', *, *, #922, .F. ) ;
#1061 = APPROVAL ( #380, 'UNSPECIFIED' ) ;
#1062 = LINE ( 'NONE', #1075, #292 ) ;
#1063 = CARTESIAN_POINT ( 'NONE',  ( 0.000000000000000000, 2.232021216630266363E-15, 3.929999999999999272 ) ) ;
#1064 = AXIS2_PLACEMENT_3D ( 'NONE', #536, #1316, #1803 ) ;
#1065 = AXIS2_PLACEMENT_3D ( 'NONE', #158, #28, #1710 ) ;
#1066 = CARTESIAN_POINT ( 'NONE',  ( -3.000000000000000000, 2.000000000000000000, 11.92999999999999972 ) ) ;
#1067 = VECTOR ( 'NONE', #1863, 1000.000000000000000 ) ;
#1068 = EDGE_CURVE ( 'NONE', #1934, #1632, #1114, .T. ) ;
#1069 = VERTEX_POINT ( 'NONE', #1862 ) ;
#1070 = DIRECTION ( 'NONE',  ( 0.000000000000000000, -1.000000000000000000, 0.000000000000000000 ) ) ;
#1071 = CARTESIAN_POINT ( 'NONE',  ( -1.999999999999994893, 11.18000000000000149, 7.430000000000000604 ) ) ;
#1072 = VECTOR ( 'NONE', #817, 1000.000000000000000 ) ;
#1073 = ORIENTED_EDGE ( 'NONE', *, *, #1179, .F. ) ;
#1074 = CC_DESIGN_APPROVAL ( #1061, ( #620 ) ) ;
#1075 = CARTESIAN_POINT ( 'NONE',  ( -9.500000000000001776, 0.000000000000000000, 28.67999999999999972 ) ) ;
#1076 = DIRECTION ( 'NONE',  ( 0.000000000000000000, 0.000000000000000000, 1.000000000000000000 ) ) ;
#1077 = LINE ( 'NONE', #805, #73 ) ;
#1078 = ORIENTED_EDGE ( 'NONE', *, *, #855, .F. ) ;
#1079 = DIRECTION ( 'NONE',  ( -1.000000000000000000, 0.000000000000000000, 0.000000000000000000 ) ) ;
#1080 = CARTESIAN_POINT ( 'NONE',  ( 1.999999999999997335, 20.44999999999999218, 32.70000000000000284 ) ) ;
#1081 = EDGE_CURVE ( 'NONE', #1656, #1451, #1678, .T. ) ;
#1082 = CARTESIAN_POINT ( 'NONE',  ( -9.500000000000001776, 2.000000000000000000, 27.67999999999999972 ) ) ;
#1083 = EDGE_LOOP ( 'NONE', ( #187, #859, #1809, #833 ) ) ;
#1084 = DIRECTION ( 'NONE',  ( -0.000000000000000000, -0.000000000000000000, -1.000000000000000000 ) ) ;
#1085 = CARTESIAN_POINT ( 'NONE',  ( -3.000000000000001332, 11.17999999999999972, 2.930000000000001048 ) ) ;
#1086 = ORIENTED_EDGE ( 'NONE', *, *, #82, .F. ) ;
#1087 = DIRECTION ( 'NONE',  ( 0.000000000000000000, 1.000000000000000000, 0.000000000000000000 ) ) ;
#1088 = CC_DESIGN_DATE_AND_TIME_ASSIGNMENT ( #1594, #204, ( #1457 ) ) ;
#1089 = ORIENTED_EDGE ( 'NONE', *, *, #1970, .T. ) ;
#1090 = CARTESIAN_POINT ( 'NONE',  ( 24.80000000000000426, 1.499999999999999556, 32.20000000000000284 ) ) ;
#1091 = CARTESIAN_POINT ( 'NONE',  ( 22.30000000000000426, 1.999999999999999556, 12.69999999999999929 ) ) ;
#1092 = DIRECTION ( 'NONE',  ( -0.000000000000000000, -1.000000000000000000, 0.000000000000000000 ) ) ;
#1093 = ORIENTED_EDGE ( 'NONE', *, *, #202, .T. ) ;
#1094 = DIRECTION ( 'NONE',  ( 1.000000000000000000, 0.000000000000000000, 0.000000000000000000 ) ) ;
#1095 = CARTESIAN_POINT ( 'NONE',  ( 4.800000000000002487, -5.000000000000000000, 16.69999999999999929 ) ) ;
#1096 = VERTEX_POINT ( 'NONE', #1735 ) ;
#1097 = ADVANCED_FACE ( 'NONE', ( #464 ), #947, .F. ) ;
#1098 = VECTOR ( 'NONE', #1322, 1000.000000000000000 ) ;
#1099 = VERTEX_POINT ( 'NONE', #323 ) ;
#1100 = LINE ( 'NONE', #1571, #1432 ) ;
#1101 = VECTOR ( 'NONE', #976, 1000.000000000000000 ) ;
#1102 = LINE ( 'NONE', #605, #128 ) ;
#1103 = ORIENTED_EDGE ( 'NONE', *, *, #1789, .F. ) ;
#1104 = CARTESIAN_POINT ( 'NONE',  ( 20.80000000000000426, 11.18000000000000149, 7.430000000000000604 ) ) ;
#1105 = CARTESIAN_POINT ( 'NONE',  ( -3.000000000000001332, 11.18000000000000149, 11.92999999999999794 ) ) ;
#1106 = ORIENTED_EDGE ( 'NONE', *, *, #864, .T. ) ;
#1107 = VECTOR ( 'NONE', #760, 1000.000000000000114 ) ;
#1108 = EDGE_CURVE ( 'NONE', #55, #1036, #2001, .T. ) ;
#1109 = FACE_OUTER_BOUND ( 'NONE', #303, .T. ) ;
#1110 = ORIENTED_EDGE ( 'NONE', *, *, #754, .T. ) ;
#1111 = LINE ( 'NONE', #166, #624 ) ;
#1112 = DIRECTION ( 'NONE',  ( 0.000000000000000000, -1.000000000000000000, 0.000000000000000000 ) ) ;
#1113 = VERTEX_POINT ( 'NONE', #1742 ) ;
#1114 = LINE ( 'NONE', #1420, #548 ) ;
#1115 = LINE ( 'NONE', #1145, #1037 ) ;
#1116 = ORIENTED_EDGE ( 'NONE', *, *, #43, .F. ) ;
#1117 = ADVANCED_FACE ( 'NONE', ( #475 ), #1383, .F. ) ;
#1118 = DIRECTION ( 'NONE',  ( -0.000000000000000000, 1.000000000000000000, -0.000000000000000000 ) ) ;
#1119 = PERSON_AND_ORGANIZATION ( #112, #1624 ) ;
#1120 = CYLINDRICAL_SURFACE ( 'NONE', #750, 1.000000000000000888 ) ;
#1121 = ORIENTED_EDGE ( 'NONE', *, *, #1029, .F. ) ;
#1122 = CARTESIAN_POINT ( 'NONE',  ( -8.499999999999996447, 2.000000000000000000, 11.92999999999999972 ) ) ;
#1123 = CARTESIAN_POINT ( 'NONE',  ( -1.739999999999999991, 11.17999999999998373, 20.01000000000000156 ) ) ;
#1124 = ORIENTED_EDGE ( 'NONE', *, *, #1129, .T. ) ;
#1125 = ADVANCED_FACE ( 'NONE', ( #777 ), #1540, .T. ) ;
#1126 = DIRECTION ( 'NONE',  ( 1.000000000000000000, 0.000000000000000000, 0.000000000000000000 ) ) ;
#1127 = PERSON_AND_ORGANIZATION ( #112, #1624 ) ;
#1128 = CARTESIAN_POINT ( 'NONE',  ( 0.000000000000000000, 0.000000000000000000, 12.69999999999999929 ) ) ;
#1129 = EDGE_CURVE ( 'NONE', #1043, #1677, #1196, .T. ) ;
#1130 = AXIS2_PLACEMENT_3D ( 'NONE', #1426, #1139, #1578 ) ;
#1131 = ORIENTED_EDGE ( 'NONE', *, *, #1461, .T. ) ;
#1132 = DIRECTION ( 'NONE',  ( 0.000000000000000000, 1.000000000000000000, 0.000000000000000000 ) ) ;
#1133 = VECTOR ( 'NONE', #1094, 1000.000000000000000 ) ;
#1134 = DIRECTION ( 'NONE',  ( 0.000000000000000000, 0.000000000000000000, 1.000000000000000000 ) ) ;
#1135 = VECTOR ( 'NONE', #1428, 1000.000000000000114 ) ;
#1136 = EDGE_LOOP ( 'NONE', ( #230, #450, #1851, #1372 ) ) ;
#1137 = CIRCLE ( 'NONE', #1883, 0.5000000000000004441 ) ;
#1138 = CIRCLE ( 'NONE', #262, 1.504999999999999449 ) ;
#1139 = DIRECTION ( 'NONE',  ( -0.000000000000000000, 1.000000000000000000, -0.000000000000000000 ) ) ;
#1140 = PERSON_AND_ORGANIZATION_ROLE ( 'creator' ) ;
#1141 = PLANE ( 'NONE',  #941 ) ;
#1142 = VERTEX_POINT ( 'NONE', #188 ) ;
#1143 = EDGE_CURVE ( 'NONE', #1731, #779, #801, .T. ) ;
#1144 = DIRECTION ( 'NONE',  ( 0.000000000000000000, 0.000000000000000000, 1.000000000000000000 ) ) ;
#1145 = CARTESIAN_POINT ( 'NONE',  ( -9.499999999999998224, 2.000000000000000000, 12.92999999999999972 ) ) ;
#1146 = EDGE_LOOP ( 'NONE', ( #481, #1521, #1596, #919 ) ) ;
#1147 = DIRECTION ( 'NONE',  ( 0.000000000000000000, 0.000000000000000000, 1.000000000000000000 ) ) ;
#1148 = DIRECTION ( 'NONE',  ( 0.000000000000000000, 0.000000000000000000, -1.000000000000000000 ) ) ;
#1149 = PLANE ( 'NONE',  #253 ) ;
#1150 = DIRECTION ( 'NONE',  ( 0.000000000000000000, 0.000000000000000000, -1.000000000000000000 ) ) ;
#1151 = EDGE_LOOP ( 'NONE', ( #1333, #848 ) ) ;
#1152 = DIRECTION ( 'NONE',  ( 2.071311613106635153E-16, 0.000000000000000000, -1.000000000000000000 ) ) ;
#1153 = PLANE ( 'NONE',  #191 ) ;
#1154 = ORIENTED_EDGE ( 'NONE', *, *, #227, .T. ) ;
#1155 = EDGE_CURVE ( 'NONE', #1834, #157, #1872, .T. ) ;
#1156 = CARTESIAN_POINT ( 'NONE',  ( 21.80000000000000426, -6.445475240793969603E-15, 11.92999999999999616 ) ) ;
#1157 = PERSON_AND_ORGANIZATION ( #112, #1624 ) ;
#1158 = CARTESIAN_POINT ( 'NONE',  ( 24.30000000000000071, 1.999999999999999556, 12.69999999999999929 ) ) ;
#1159 = ORIENTED_EDGE ( 'NONE', *, *, #219, .F. ) ;
#1160 = CARTESIAN_POINT ( 'NONE',  ( 0.000000000000000000, 22.44999999999999929, 32.70000000000000284 ) ) ;
#1161 = FACE_OUTER_BOUND ( 'NONE', #477, .T. ) ;
#1162 = AXIS2_PLACEMENT_3D ( 'NONE', #863, #1795, #298 ) ;
#1163 = CIRCLE ( 'NONE', #1415, 1.000000000000000888 ) ;
#1164 = ORIENTED_EDGE ( 'NONE', *, *, #1471, .F. ) ;
#1165 = VECTOR ( 'NONE', #321, 1000.000000000000000 ) ;
#1166 = AXIS2_PLACEMENT_3D ( 'NONE', #160, #1225, #1841 ) ;
#1167 = LINE ( 'NONE', #1257, #972 ) ;
#1168 = EDGE_CURVE ( 'NONE', #735, #1259, #483, .T. ) ;
#1169 = VECTOR ( 'NONE', #733, 1000.000000000000000 ) ;
#1170 = AXIS2_PLACEMENT_3D ( 'NONE', #1799, #1514, #564 ) ;
#1171 = DIRECTION ( 'NONE',  ( 1.000000000000000000, -0.000000000000000000, -0.000000000000000000 ) ) ;
#1172 = EDGE_LOOP ( 'NONE', ( #1116, #162, #813, #598 ) ) ;
#1173 = DIRECTION ( 'NONE',  ( 0.000000000000000000, 1.000000000000000000, 7.758155080397172067E-17 ) ) ;
#1174 = DIRECTION ( 'NONE',  ( -0.000000000000000000, 0.000000000000000000, -1.000000000000000000 ) ) ;
#1175 = ORIENTED_EDGE ( 'NONE', *, *, #1807, .T. ) ;
#1176 = DIRECTION ( 'NONE',  ( 0.000000000000000000, 0.000000000000000000, 1.000000000000000000 ) ) ;
#1177 = ORIENTED_EDGE ( 'NONE', *, *, #1988, .F. ) ;
#1178 = VECTOR ( 'NONE', #1053, 1000.000000000000000 ) ;
#1179 = EDGE_CURVE ( 'NONE', #23, #127, #10, .T. ) ;
#1180 = LINE ( 'NONE', #104, #1389 ) ;
#1181 = ORIENTED_EDGE ( 'NONE', *, *, #867, .F. ) ;
#1182 = CARTESIAN_POINT ( 'NONE',  ( -3.000000000000000000, 0.000000000000000000, 0.000000000000000000 ) ) ;
#1183 = EDGE_LOOP ( 'NONE', ( #851, #2004, #366, #165 ) ) ;
#1184 = EDGE_CURVE ( 'NONE', #661, #445, #355, .T. ) ;
#1185 = LINE ( 'NONE', #578, #285 ) ;
#1186 = ORIENTED_EDGE ( 'NONE', *, *, #674, .F. ) ;
#1187 = DIRECTION ( 'NONE',  ( 0.000000000000000000, -1.000000000000000000, 0.000000000000000000 ) ) ;
#1188 = VERTEX_POINT ( 'NONE', #639 ) ;
#1189 = FACE_OUTER_BOUND ( 'NONE', #1542, .T. ) ;
#1190 = CARTESIAN_POINT ( 'NONE',  ( 21.80000000000000782, -7.703719777548943412E-31, 12.69999999999999929 ) ) ;
#1191 = ADVANCED_FACE ( 'NONE', ( #1885 ), #484, .F. ) ;
#1192 = EDGE_LOOP ( 'NONE', ( #1949, #322 ) ) ;
#1193 = VECTOR ( 'NONE', #1531, 1000.000000000000000 ) ;
#1194 = FACE_OUTER_BOUND ( 'NONE', #1880, .T. ) ;
#1195 = CIRCLE ( 'NONE', #1485, 1.000000000000000888 ) ;
#1196 = CIRCLE ( 'NONE', #392, 5.000000000000000000 ) ;
#1197 = ORIENTED_EDGE ( 'NONE', *, *, #1832, .T. ) ;
#1198 = AXIS2_PLACEMENT_3D ( 'NONE', #356, #1588, #1725 ) ;
#1199 = FACE_OUTER_BOUND ( 'NONE', #1955, .T. ) ;
#1200 = APPROVAL_PERSON_ORGANIZATION ( #1119, #1061, #1775 ) ;
#1201 = ORIENTED_EDGE ( 'NONE', *, *, #1932, .F. ) ;
#1202 = CARTESIAN_POINT ( 'NONE',  ( 24.80000000000000426, -5.000000000000000000, 19.20000000000001705 ) ) ;
#1203 = CARTESIAN_POINT ( 'NONE',  ( -1.739999999999999991, 11.17999999999998373, 20.01000000000000156 ) ) ;
#1204 = ORIENTED_EDGE ( 'NONE', *, *, #1168, .F. ) ;
#1205 = ADVANCED_FACE ( 'NONE', ( #1724 ), #966, .T. ) ;
#1206 = LINE ( 'NONE', #1534, #1796 ) ;
#1207 = ORIENTED_EDGE ( 'NONE', *, *, #467, .T. ) ;
#1208 = CARTESIAN_POINT ( 'NONE',  ( -3.000000000000000000, 0.000000000000000000, 29.68000000000000327 ) ) ;
#1209 = EDGE_CURVE ( 'NONE', #234, #1979, #1893, .T. ) ;
#1210 = ORIENTED_EDGE ( 'NONE', *, *, #1909, .F. ) ;
#1211 = CARTESIAN_POINT ( 'NONE',  ( -0.000000000000000000, 1.999999999999999556, 12.69999999999999929 ) ) ;
#1212 = CARTESIAN_POINT ( 'NONE',  ( -6.250000000000001776, 2.000000000000000000, 12.92499999999999183 ) ) ;
#1213 = DIRECTION ( 'NONE',  ( -0.000000000000000000, 1.000000000000000000, -0.000000000000000000 ) ) ;
#1214 = ORIENTED_EDGE ( 'NONE', *, *, #227, .F. ) ;
#1215 = FACE_OUTER_BOUND ( 'NONE', #257, .T. ) ;
#1216 = EDGE_CURVE ( 'NONE', #157, #312, #1575, .T. ) ;
#1217 = DIRECTION ( 'NONE',  ( 0.000000000000000000, -1.000000000000000000, 0.000000000000000000 ) ) ;
#1218 = EDGE_CURVE ( 'NONE', #1069, #745, #993, .T. ) ;
#1219 = DIRECTION ( 'NONE',  ( 1.192835396054779323E-16, -1.000000000000000000, 0.000000000000000000 ) ) ;
#1220 = ORIENTED_EDGE ( 'NONE', *, *, #367, .T. ) ;
#1221 = FACE_OUTER_BOUND ( 'NONE', #1083, .T. ) ;
#1222 = DIRECTION ( 'NONE',  ( 0.7071067811865473507, 0.000000000000000000, -0.7071067811865477948 ) ) ;
#1223 = PLANE ( 'NONE',  #1005 ) ;
#1224 = ORIENTED_EDGE ( 'NONE', *, *, #1434, .F. ) ;
#1225 = DIRECTION ( 'NONE',  ( 0.000000000000000000, 1.000000000000000000, 0.000000000000000000 ) ) ;
#1226 = CARTESIAN_POINT ( 'NONE',  ( 0.000000000000000000, 0.000000000000000000, 3.929999999999999272 ) ) ;
#1227 = VECTOR ( 'NONE', #1601, 1000.000000000000000 ) ;
#1228 = EDGE_CURVE ( 'NONE', #534, #1348, #1440, .T. ) ;
#1229 = VECTOR ( 'NONE', #276, 1000.000000000000000 ) ;
#1230 = AXIS2_PLACEMENT_3D ( 'NONE', #986, #231, #1630 ) ;
#1231 = CIRCLE ( 'NONE', #789, 1.504999999999999449 ) ;
#1232 = EDGE_LOOP ( 'NONE', ( #1801, #602, #267, #1400 ) ) ;
#1233 = FACE_OUTER_BOUND ( 'NONE', #1183, .T. ) ;
#1234 = LINE ( 'NONE', #1058, #936 ) ;
#1235 = CARTESIAN_POINT ( 'NONE',  ( 24.30000000000000071, -10.00000000000000000, 32.20000000000000284 ) ) ;
#1236 = PRODUCT_DEFINITION_FORMATION_WITH_SPECIFIED_SOURCE ( 'ANY', '', #784, .NOT_KNOWN. ) ;
#1237 = VECTOR ( 'NONE', #1070, 1000.000000000000000 ) ;
#1238 = ORIENTED_EDGE ( 'NONE', *, *, #1627, .F. ) ;
#1239 = LINE ( 'NONE', #1532, #1294 ) ;
#1240 = VERTEX_POINT ( 'NONE', #514 ) ;
#1241 = CIRCLE ( 'NONE', #888, 2.500000000000015987 ) ;
#1242 = DIRECTION ( 'NONE',  ( 0.000000000000000000, 1.000000000000000000, 0.000000000000000000 ) ) ;
#1243 = ADVANCED_FACE ( 'NONE', ( #56 ), #1761, .T. ) ;
#1244 = VERTEX_POINT ( 'NONE', #1752 ) ;
#1245 = CARTESIAN_POINT ( 'NONE',  ( 24.80000000000000426, -10.00000000000000000, 32.20000000000000284 ) ) ;
#1246 = LINE ( 'NONE', #1254, #1749 ) ;
#1247 = EDGE_LOOP ( 'NONE', ( #91, #800, #1356, #1474, #152, #1972, #1697, #1609, #1892, #701, #819, #148, #1387, #316, #1300 ) ) ;
#1248 = DIRECTION ( 'NONE',  ( 0.000000000000000000, 0.000000000000000000, 1.000000000000000000 ) ) ;
#1249 = DIRECTION ( 'NONE',  ( 1.000000000000000000, -0.000000000000000000, -0.000000000000000000 ) ) ;
#1250 = ORIENTED_EDGE ( 'NONE', *, *, #647, .F. ) ;
#1251 = ADVANCED_FACE ( 'NONE', ( #1292 ), #1001, .T. ) ;
#1252 = ORIENTED_EDGE ( 'NONE', *, *, #474, .F. ) ;
#1253 = DIRECTION ( 'NONE',  ( 0.000000000000000000, -1.000000000000000000, 0.000000000000000000 ) ) ;
#1254 = CARTESIAN_POINT ( 'NONE',  ( -10.89999999999999680, 0.000000000000000000, 10.93000000000000149 ) ) ;
#1255 = EDGE_LOOP ( 'NONE', ( #1360, #74, #1462, #962 ) ) ;
#1256 = EDGE_CURVE ( 'NONE', #1142, #1574, #869, .T. ) ;
#1257 = CARTESIAN_POINT ( 'NONE',  ( -10.89999999999999680, 0.000000000000000000, 10.93000000000000149 ) ) ;
#1258 = CARTESIAN_POINT ( 'NONE',  ( -8.499999999999996447, 0.000000000000000000, 12.92999999999999972 ) ) ;
#1259 = VERTEX_POINT ( 'NONE', #1769 ) ;
#1260 = CIRCLE ( 'NONE', #1715, 1.500000000000001332 ) ;
#1261 = VECTOR ( 'NONE', #1222, 1000.000000000000000 ) ;
#1262 = VERTEX_POINT ( 'NONE', #1301 ) ;
#1263 = CARTESIAN_POINT ( 'NONE',  ( -6.250000000000001776, 2.000000000000000000, 25.17999999999999972 ) ) ;
#1264 = AXIS2_PLACEMENT_3D ( 'NONE', #1128, #1750, #1740 ) ;
#1265 = CARTESIAN_POINT ( 'NONE',  ( 18.80000000000000071, 22.44999999999999929, 32.70000000000000284 ) ) ;
#1266 = EDGE_LOOP ( 'NONE', ( #1028, #1106 ) ) ;
#1267 = VECTOR ( 'NONE', #399, 1000.000000000000000 ) ;
#1268 = DIRECTION ( 'NONE',  ( -0.000000000000000000, 1.000000000000000000, -0.000000000000000000 ) ) ;
#1269 = CARTESIAN_POINT ( 'NONE',  ( 18.80000000000000071, 22.44999999999999929, 0.000000000000000000 ) ) ;
#1270 = ADVANCED_FACE ( 'NONE', ( #217 ), #544, .T. ) ;
#1271 = ORIENTED_EDGE ( 'NONE', *, *, #1447, .T. ) ;
#1272 = CARTESIAN_POINT ( 'NONE',  ( 21.80000000000000426, 11.18000000000000149, 7.430000000000000604 ) ) ;
#1273 = DIRECTION ( 'NONE',  ( 1.192835396054779323E-16, -1.000000000000000000, 0.000000000000000000 ) ) ;
#1274 = EDGE_CURVE ( 'NONE', #534, #705, #556, .T. ) ;
#1275 = EDGE_LOOP ( 'NONE', ( #1992, #306, #79, #1103 ) ) ;
#1276 = DIRECTION ( 'NONE',  ( 0.7071067811865473507, 8.659560562354937789E-17, 0.7071067811865477948 ) ) ;
#1277 = LINE ( 'NONE', #1753, #852 ) ;
#1278 = VERTEX_POINT ( 'NONE', #1453 ) ;
#1279 = PLANE ( 'NONE',  #517 ) ;
#1280 = ADVANCED_FACE ( 'NONE', ( #1597 ), #239, .T. ) ;
#1281 = FACE_OUTER_BOUND ( 'NONE', #1379, .T. ) ;
#1282 = ORIENTED_EDGE ( 'NONE', *, *, #301, .T. ) ;
#1283 = DIRECTION ( 'NONE',  ( 0.000000000000000000, 1.000000000000000000, 0.000000000000000000 ) ) ;
#1284 = DIRECTION ( 'NONE',  ( 0.000000000000000000, 1.000000000000000000, 0.000000000000000000 ) ) ;
#1285 = VERTEX_POINT ( 'NONE', #384 ) ;
#1286 = LINE ( 'NONE', #1945, #420 ) ;
#1287 = EDGE_CURVE ( 'NONE', #50, #1585, #840, .T. ) ;
#1288 = CYLINDRICAL_SURFACE ( 'NONE', #1413, 0.5000000000000004441 ) ;
#1289 = LINE ( 'NONE', #644, #1135 ) ;
#1290 = AXIS2_PLACEMENT_3D ( 'NONE', #342, #1126, #959 ) ;
#1291 = ORIENTED_EDGE ( 'NONE', *, *, #1866, .T. ) ;
#1292 = FACE_OUTER_BOUND ( 'NONE', #243, .T. ) ;
#1293 = LINE ( 'NONE', #497, #329 ) ;
#1294 = VECTOR ( 'NONE', #640, 1000.000000000000000 ) ;
#1295 = EDGE_LOOP ( 'NONE', ( #1659, #19, #1961, #386 ) ) ;
#1296 = VECTOR ( 'NONE', #133, 1000.000000000000000 ) ;
#1297 = EDGE_CURVE ( 'NONE', #1188, #1536, #650, .T. ) ;
#1298 = COORDINATED_UNIVERSAL_TIME_OFFSET ( 1, 0, .AHEAD. ) ;
#1299 = DIRECTION ( 'NONE',  ( 0.7071067811865505703, 0.000000000000000000, -0.7071067811865444641 ) ) ;
#1300 = ORIENTED_EDGE ( 'NONE', *, *, #665, .T. ) ;
#1301 = CARTESIAN_POINT ( 'NONE',  ( 18.80000000000000426, 11.17999999999999972, 3.930000000000000160 ) ) ;
#1302 = CARTESIAN_POINT ( 'NONE',  ( -1.739999999999999991, 0.000000000000000000, 16.17999999999999972 ) ) ;
#1303 = EDGE_CURVE ( 'NONE', #127, #806, #1546, .T. ) ;
#1304 = ORIENTED_EDGE ( 'NONE', *, *, #427, .F. ) ;
#1305 = DIRECTION ( 'NONE',  ( 0.7071067811865451302, -2.194337626738289132E-16, -0.7071067811865500152 ) ) ;
#1306 = FACE_OUTER_BOUND ( 'NONE', #1247, .T. ) ;
#1307 = ORIENTED_EDGE ( 'NONE', *, *, #132, .T. ) ;
#1308 = CARTESIAN_POINT ( 'NONE',  ( 4.800000000000002487, -5.000000000000000000, 16.69999999999999929 ) ) ;
#1309 = CARTESIAN_POINT ( 'NONE',  ( -4.000000000000000888, 2.000000000000000000, 28.67999999999999972 ) ) ;
#1310 = ORIENTED_EDGE ( 'NONE', *, *, #1209, .F. ) ;
#1311 = EDGE_CURVE ( 'NONE', #1278, #1645, #1778, .T. ) ;
#1312 = CARTESIAN_POINT ( 'NONE',  ( -6.250000000000001776, 0.9999999999999902300, 23.67500000000000071 ) ) ;
#1313 = LINE ( 'NONE', #1158, #1323 ) ;
#1314 = ORIENTED_EDGE ( 'NONE', *, *, #563, .F. ) ;
#1315 = DIRECTION ( 'NONE',  ( 0.000000000000000000, 0.000000000000000000, -1.000000000000000000 ) ) ;
#1316 = DIRECTION ( 'NONE',  ( 0.000000000000000000, 0.000000000000000000, -1.000000000000000000 ) ) ;
#1317 = VECTOR ( 'NONE', #67, 1000.000000000000000 ) ;
#1318 = ORIENTED_EDGE ( 'NONE', *, *, #771, .F. ) ;
#1319 = AXIS2_PLACEMENT_3D ( 'NONE', #1358, #596, #471 ) ;
#1320 = AXIS2_PLACEMENT_3D ( 'NONE', #170, #1084, #631 ) ;
#1321 = ADVANCED_FACE ( 'NONE', ( #830 ), #1463, .F. ) ;
#1322 = DIRECTION ( 'NONE',  ( 1.000000000000000000, 0.000000000000000000, 0.000000000000000000 ) ) ;
#1323 = VECTOR ( 'NONE', #677, 1000.000000000000000 ) ;
#1324 = VECTOR ( 'NONE', #893, 1000.000000000000000 ) ;
#1325 = VECTOR ( 'NONE', #709, 1000.000000000000000 ) ;
#1326 = DIRECTION ( 'NONE',  ( 0.000000000000000000, 0.000000000000000000, -1.000000000000000000 ) ) ;
#1327 = VERTEX_POINT ( 'NONE', #1160 ) ;
#1328 = CARTESIAN_POINT ( 'NONE',  ( 16.80000000000000071, 20.44999999999999574, 32.70000000000000284 ) ) ;
#1329 = DIRECTION ( 'NONE',  ( 0.000000000000000000, -1.000000000000000000, 0.000000000000000000 ) ) ;
#1330 = EDGE_CURVE ( 'NONE', #1262, #606, #712, .T. ) ;
#1331 = ORIENTED_EDGE ( 'NONE', *, *, #1875, .T. ) ;
#1332 = CARTESIAN_POINT ( 'NONE',  ( 0.000000000000000000, 0.000000000000000000, 0.000000000000000000 ) ) ;
#1333 = ORIENTED_EDGE ( 'NONE', *, *, #18, .T. ) ;
#1334 = EDGE_CURVE ( 'NONE', #435, #281, #550, .T. ) ;
#1335 = DIRECTION ( 'NONE',  ( 1.000000000000000000, 0.000000000000000000, 0.000000000000000000 ) ) ;
#1336 = ORIENTED_EDGE ( 'NONE', *, *, #103, .F. ) ;
#1337 = CARTESIAN_POINT ( 'NONE',  ( 24.30000000000000071, 1.999999999999999556, 32.70000000000000284 ) ) ;
#1338 = DIRECTION ( 'NONE',  ( 1.000000000000000000, 0.000000000000000000, 0.000000000000000000 ) ) ;
#1339 = ORIENTED_EDGE ( 'NONE', *, *, #185, .F. ) ;
#1340 = CARTESIAN_POINT ( 'NONE',  ( 1.999999999999998224, 25.44999999999999218, 32.70000000000000284 ) ) ;
#1341 = CARTESIAN_POINT ( 'NONE',  ( 1.999999999999997335, 20.44999999999999218, 32.70000000000000284 ) ) ;
#1342 = VERTEX_POINT ( 'NONE', #1901 ) ;
#1343 = CARTESIAN_POINT ( 'NONE',  ( 24.80000000000000426, 1.499999999999999556, 32.20000000000000284 ) ) ;
#1344 = EDGE_CURVE ( 'NONE', #985, #1591, #136, .T. ) ;
#1345 = ORIENTED_EDGE ( 'NONE', *, *, #1, .T. ) ;
#1346 = CARTESIAN_POINT ( 'NONE',  ( 0.000000000000000000, 0.000000000000000000, 32.70000000000000284 ) ) ;
#1347 = DIRECTION ( 'NONE',  ( 2.891205793294678326E-16, 1.000000000000000000, 0.000000000000000000 ) ) ;
#1348 = VERTEX_POINT ( 'NONE', #1041 ) ;
#1349 = AXIS2_PLACEMENT_3D ( 'NONE', #1080, #310, #156 ) ;
#1350 = VECTOR ( 'NONE', #1268, 1000.000000000000000 ) ;
#1351 = EDGE_LOOP ( 'NONE', ( #1884, #260, #1804, #1429 ) ) ;
#1352 = ADVANCED_FACE ( 'NONE', ( #1057, #1491, #1189 ), #1517, .F. ) ;
#1353 = CONICAL_SURFACE ( 'NONE', #1622, 1.500000000000001332, 0.7853981633974485010 ) ;
#1354 = DIRECTION ( 'NONE',  ( 0.000000000000000000, 0.000000000000000000, 1.000000000000000000 ) ) ;
#1355 = AXIS2_PLACEMENT_3D ( 'NONE', #926, #1559, #173 ) ;
#1356 = ORIENTED_EDGE ( 'NONE', *, *, #1641, .T. ) ;
#1357 = CARTESIAN_POINT ( 'NONE',  ( 21.80000000000000782, -5.000000000000000000, 16.69999999999999929 ) ) ;
#1358 = CARTESIAN_POINT ( 'NONE',  ( -6.250000000000001776, 2.000000000000000000, 15.42999999999999972 ) ) ;
#1359 = DIRECTION ( 'NONE',  ( 1.000000000000000000, 0.000000000000000000, -0.000000000000000000 ) ) ;
#1360 = ORIENTED_EDGE ( 'NONE', *, *, #1924, .F. ) ;
#1361 = EDGE_CURVE ( 'NONE', #634, #1327, #895, .T. ) ;
#1362 = CARTESIAN_POINT ( 'NONE',  ( 24.80000000000000426, 0.000000000000000000, 12.69999999999999929 ) ) ;
#1363 = CARTESIAN_POINT ( 'NONE',  ( 24.30000000000000071, 0.000000000000000000, 13.19999999999999929 ) ) ;
#1364 = CARTESIAN_POINT ( 'NONE',  ( -1.739999999999999991, 11.17999999999998373, 20.01000000000000156 ) ) ;
#1365 = ORIENTED_EDGE ( 'NONE', *, *, #1081, .T. ) ;
#1366 = CARTESIAN_POINT ( 'NONE',  ( 24.80000000000000426, 1.499999999999999556, 12.69999999999999929 ) ) ;
#1367 = CARTESIAN_POINT ( 'NONE',  ( 21.80000000000000426, 11.18000000000000149, 11.92999999999999261 ) ) ;
#1368 = EDGE_LOOP ( 'NONE', ( #1734, #1501 ) ) ;
#1369 = DIRECTION ( 'NONE',  ( 1.000000000000000000, -0.000000000000000000, -0.000000000000000000 ) ) ;
#1370 = ADVANCED_FACE ( 'NONE', ( #1479 ), #762, .T. ) ;
#1371 = CARTESIAN_POINT ( 'NONE',  ( 21.80000000000000426, -10.00000000000000000, 12.69999999999999929 ) ) ;
#1372 = ORIENTED_EDGE ( 'NONE', *, *, #1535, .F. ) ;
#1373 = DIRECTION ( 'NONE',  ( 0.000000000000000000, 0.000000000000000000, 1.000000000000000000 ) ) ;
#1374 = CARTESIAN_POINT ( 'NONE',  ( 23.79999999999998650, -5.000000000000000000, 27.19999999999999929 ) ) ;
#1375 = DIRECTION ( 'NONE',  ( 0.000000000000000000, 0.000000000000000000, 1.000000000000000000 ) ) ;
#1376 = VERTEX_POINT ( 'NONE', #1980 ) ;
#1377 = DIRECTION ( 'NONE',  ( 0.000000000000000000, 0.7071067811865482389, 0.7071067811865469066 ) ) ;
#1378 = DIRECTION ( 'NONE',  ( 0.000000000000000000, 0.000000000000000000, 1.000000000000000000 ) ) ;
#1379 = EDGE_LOOP ( 'NONE', ( #1548, #245, #83, #44 ) ) ;
#1380 = FACE_OUTER_BOUND ( 'NONE', #154, .T. ) ;
#1381 = EDGE_CURVE ( 'NONE', #9, #349, #413, .T. ) ;
#1382 = VECTOR ( 'NONE', #1458, 1000.000000000000000 ) ;
#1383 = CONICAL_SURFACE ( 'NONE', #718, 2.505000000000006999, 0.7853981633974473908 ) ;
#1384 = VECTOR ( 'NONE', #700, 1000.000000000000000 ) ;
#1385 = ORIENTED_EDGE ( 'NONE', *, *, #1029, .T. ) ;
#1386 = DIRECTION ( 'NONE',  ( 0.000000000000000000, 0.000000000000000000, 1.000000000000000000 ) ) ;
#1387 = ORIENTED_EDGE ( 'NONE', *, *, #379, .T. ) ;
#1388 = CARTESIAN_POINT ( 'NONE',  ( 24.30000000000000071, -10.00000000000000000, 13.19999999999999929 ) ) ;
#1389 = VECTOR ( 'NONE', #1824, 1000.000000000000000 ) ;
#1390 = ORIENTED_EDGE ( 'NONE', *, *, #103, .T. ) ;
#1391 = DIRECTION ( 'NONE',  ( 0.000000000000000000, 0.000000000000000000, 1.000000000000000000 ) ) ;
#1392 = EDGE_CURVE ( 'NONE', #1632, #745, #1030, .T. ) ;
#1393 = CARTESIAN_POINT ( 'NONE',  ( 1.999999999999998224, 25.44999999999999218, 32.70000000000000284 ) ) ;
#1394 = ORIENTED_EDGE ( 'NONE', *, *, #1424, .F. ) ;
#1395 = CARTESIAN_POINT ( 'NONE',  ( 0.000000000000000000, 0.000000000000000000, 16.17999999999999972 ) ) ;
#1396 = EDGE_CURVE ( 'NONE', #466, #1820, #1639, .T. ) ;
#1397 = EDGE_LOOP ( 'NONE', ( #1000, #672, #1490, #1516 ) ) ;
#1398 = DIRECTION ( 'NONE',  ( -0.7071067811865501263, 0.000000000000000000, -0.7071067811865450192 ) ) ;
#1399 = FACE_OUTER_BOUND ( 'NONE', #958, .T. ) ;
#1400 = ORIENTED_EDGE ( 'NONE', *, *, #547, .F. ) ;
#1401 = DIRECTION ( 'NONE',  ( 0.000000000000000000, -0.000000000000000000, 1.000000000000000000 ) ) ;
#1402 = CARTESIAN_POINT ( 'NONE',  ( -10.89999999999999680, 0.000000000000000000, 3.929999999999999272 ) ) ;
#1403 = ORIENTED_EDGE ( 'NONE', *, *, #1586, .T. ) ;
#1404 = DIRECTION ( 'NONE',  ( 0.000000000000000000, -0.000000000000000000, 1.000000000000000000 ) ) ;
#1405 = VERTEX_POINT ( 'NONE', #724 ) ;
#1406 = LINE ( 'NONE', #628, #1237 ) ;
#1407 = EDGE_CURVE ( 'NONE', #1099, #328, #1138, .T. ) ;
#1408 = DIRECTION ( 'NONE',  ( 0.000000000000000000, 1.000000000000000000, 0.000000000000000000 ) ) ;
#1409 = ORIENTED_EDGE ( 'NONE', *, *, #1218, .F. ) ;
#1410 = CARTESIAN_POINT ( 'NONE',  ( 1.999999999999997335, 20.44999999999999218, 0.000000000000000000 ) ) ;
#1411 = CARTESIAN_POINT ( 'NONE',  ( -3.000000000000001332, 11.18000000000000149, 7.430000000000000604 ) ) ;
#1412 = VERTEX_POINT ( 'NONE', #1202 ) ;
#1413 = AXIS2_PLACEMENT_3D ( 'NONE', #1459, #575, #395 ) ;
#1414 = FACE_OUTER_BOUND ( 'NONE', #1756, .T. ) ;
#1415 = AXIS2_PLACEMENT_3D ( 'NONE', #1661, #1923, #235 ) ;
#1416 = DIRECTION ( 'NONE',  ( 0.000000000000000000, 0.000000000000000000, -1.000000000000000000 ) ) ;
#1417 = CIRCLE ( 'NONE', #824, 1.000000000000000888 ) ;
#1418 = CARTESIAN_POINT ( 'NONE',  ( -3.000000000000001332, 11.17999999999999972, 2.930000000000001048 ) ) ;
#1419 = ORIENTED_EDGE ( 'NONE', *, *, #63, .F. ) ;
#1420 = CARTESIAN_POINT ( 'NONE',  ( -0.000000000000000000, -10.00000000000000000, 12.69999999999999929 ) ) ;
#1421 = DIRECTION ( 'NONE',  ( 0.000000000000000000, 0.000000000000000000, 1.000000000000000000 ) ) ;
#1422 = AXIS2_PLACEMENT_3D ( 'NONE', #1357, #1667, #595 ) ;
#1423 = ORIENTED_EDGE ( 'NONE', *, *, #665, .F. ) ;
#1424 = EDGE_CURVE ( 'NONE', #1285, #1870, #567, .T. ) ;
#1425 = AXIS2_PLACEMENT_3D ( 'NONE', #1021, #740, #601 ) ;
#1426 = CARTESIAN_POINT ( 'NONE',  ( -8.499999999999996447, 2.000000000000000000, 12.92999999999999972 ) ) ;
#1427 = PERSON_AND_ORGANIZATION ( #112, #1624 ) ;
#1428 = DIRECTION ( 'NONE',  ( 0.7071067811865507924, 0.000000000000000000, -0.7071067811865442421 ) ) ;
#1429 = ORIENTED_EDGE ( 'NONE', *, *, #845, .F. ) ;
#1430 = DIRECTION ( 'NONE',  ( 1.545410669021654585E-16, -1.000000000000000000, -7.758155080397172067E-17 ) ) ;
#1431 = DIRECTION ( 'NONE',  ( -1.192835396054779323E-16, 1.000000000000000000, -0.000000000000000000 ) ) ;
#1432 = VECTOR ( 'NONE', #1416, 1000.000000000000000 ) ;
#1433 = ORIENTED_EDGE ( 'NONE', *, *, #871, .F. ) ;
#1434 = EDGE_CURVE ( 'NONE', #745, #1887, #886, .T. ) ;
#1435 = LINE ( 'NONE', #1445, #358 ) ;
#1436 = PERSON_AND_ORGANIZATION ( #112, #1624 ) ;
#1437 = CARTESIAN_POINT ( 'NONE',  ( 22.30000000000000426, 1.999999999999999556, 32.70000000000000284 ) ) ;
#1438 = CARTESIAN_POINT ( 'NONE',  ( -3.000000000000000000, 0.000000000000000000, 32.70000000000000284 ) ) ;
#1439 = ORIENTED_EDGE ( 'NONE', *, *, #503, .F. ) ;
#1440 = LINE ( 'NONE', #1015, #975 ) ;
#1441 = LINE ( 'NONE', #99, #1267 ) ;
#1442 = CC_DESIGN_PERSON_AND_ORGANIZATION_ASSIGNMENT ( #1427, #1140, ( #1236 ) ) ;
#1443 = ORIENTED_EDGE ( 'NONE', *, *, #1846, .T. ) ;
#1444 = ADVANCED_FACE ( 'NONE', ( #1835 ), #106, .F. ) ;
#1445 = CARTESIAN_POINT ( 'NONE',  ( 0.000000000000000000, 0.000000000000000000, 32.70000000000000284 ) ) ;
#1446 = PERSON_AND_ORGANIZATION_ROLE ( 'creator' ) ;
#1447 = EDGE_CURVE ( 'NONE', #1052, #779, #603, .T. ) ;
#1448 = CARTESIAN_POINT ( 'NONE',  ( -6.250000000000001776, 2.000000000000000000, 23.67500000000000071 ) ) ;
#1449 = CARTESIAN_POINT ( 'NONE',  ( -6.250000000000001776, 0.9999999999999902300, 26.68499999999999872 ) ) ;
#1450 = VECTOR ( 'NONE', #1473, 1000.000000000000000 ) ;
#1451 = VERTEX_POINT ( 'NONE', #1959 ) ;
#1452 = CIRCLE ( 'NONE', #618, 1.504999999999999449 ) ;
#1453 = CARTESIAN_POINT ( 'NONE',  ( -6.250000000000001776, 0.000000000000000000, 13.92500000000000071 ) ) ;
#1454 = DIRECTION ( 'NONE',  ( 0.000000000000000000, -1.000000000000000000, 0.000000000000000000 ) ) ;
#1455 = CIRCLE ( 'NONE', #1717, 1.915000000000000036 ) ;
#1456 = ORIENTED_EDGE ( 'NONE', *, *, #284, .T. ) ;
#1457 = SECURITY_CLASSIFICATION ( '', '', #362 ) ;
#1458 = DIRECTION ( 'NONE',  ( -1.000000000000000000, -1.398970545142586048E-16, 0.000000000000000000 ) ) ;
#1459 = CARTESIAN_POINT ( 'NONE',  ( 24.30000000000000071, 1.499999999999999556, 12.69999999999999929 ) ) ;
#1460 = FACE_BOUND ( 'NONE', #1723, .T. ) ;
#1461 = EDGE_CURVE ( 'NONE', #491, #1142, #743, .T. ) ;
#1462 = ORIENTED_EDGE ( 'NONE', *, *, #970, .T. ) ;
#1463 = CYLINDRICAL_SURFACE ( 'NONE', #289, 1.500000000000001332 ) ;
#1464 = DIRECTION ( 'NONE',  ( 0.000000000000000000, 0.000000000000000000, -1.000000000000000000 ) ) ;
#1465 = VERTEX_POINT ( 'NONE', #1050 ) ;
#1466 = DIRECTION ( 'NONE',  ( 0.000000000000000000, -1.000000000000000000, 3.103262032158867841E-16 ) ) ;
#1467 = PERSON_AND_ORGANIZATION ( #112, #1624 ) ;
#1468 = ORIENTED_EDGE ( 'NONE', *, *, #702, .T. ) ;
#1469 = DIRECTION ( 'NONE',  ( 0.000000000000000000, 0.000000000000000000, -1.000000000000000000 ) ) ;
#1470 = ORIENTED_EDGE ( 'NONE', *, *, #1297, .F. ) ;
#1471 = EDGE_CURVE ( 'NONE', #30, #927, #826, .T. ) ;
#1472 = DIRECTION ( 'NONE',  ( -0.000000000000000000, -0.000000000000000000, -1.000000000000000000 ) ) ;
#1473 = DIRECTION ( 'NONE',  ( 0.000000000000000000, -1.000000000000000000, 0.000000000000000000 ) ) ;
#1474 = ORIENTED_EDGE ( 'NONE', *, *, #246, .T. ) ;
#1475 = DIRECTION ( 'NONE',  ( 0.000000000000000000, 0.000000000000000000, 1.000000000000000000 ) ) ;
#1476 = ORIENTED_EDGE ( 'NONE', *, *, #922, .T. ) ;
#1477 = CARTESIAN_POINT ( 'NONE',  ( 21.80000000000000782, 2.499999999999999556, 12.69999999999999929 ) ) ;
#1478 = ORIENTED_EDGE ( 'NONE', *, *, #674, .T. ) ;
#1479 = FACE_OUTER_BOUND ( 'NONE', #646, .T. ) ;
#1480 = CYLINDRICAL_SURFACE ( 'NONE', #94, 0.5000000000000004441 ) ;
#1481 = AXIS2_PLACEMENT_3D ( 'NONE', #697, #1877, #203 ) ;
#1482 = ORIENTED_EDGE ( 'NONE', *, *, #1712, .T. ) ;
#1483 = AXIS2_PLACEMENT_3D ( 'NONE', #798, #604, #587 ) ;
#1484 = VECTOR ( 'NONE', #1472, 1000.000000000000000 ) ;
#1485 = AXIS2_PLACEMENT_3D ( 'NONE', #382, #999, #229 ) ;
#1486 = ADVANCED_FACE ( 'NONE', ( #1221 ), #1826, .T. ) ;
#1487 = DIRECTION ( 'NONE',  ( 0.000000000000000000, 1.000000000000000000, 0.000000000000000000 ) ) ;
#1488 = VECTOR ( 'NONE', #1664, 1000.000000000000000 ) ;
#1489 = DIRECTION ( 'NONE',  ( 0.000000000000000000, -0.000000000000000000, 1.000000000000000000 ) ) ;
#1490 = ORIENTED_EDGE ( 'NONE', *, *, #184, .F. ) ;
#1491 = FACE_BOUND ( 'NONE', #1858, .T. ) ;
#1492 = DIRECTION ( 'NONE',  ( 1.000000000000000000, -0.000000000000000000, -0.000000000000000000 ) ) ;
#1493 = ORIENTED_EDGE ( 'NONE', *, *, #92, .F. ) ;
#1494 = CARTESIAN_POINT ( 'NONE',  ( 1.999999999999998224, 25.44999999999999218, 0.000000000000000000 ) ) ;
#1495 = PLANE ( 'NONE',  #1839 ) ;
#1496 = EDGE_CURVE ( 'NONE', #1527, #412, #335, .T. ) ;
#1497 = DIRECTION ( 'NONE',  ( 0.000000000000000000, -1.000000000000000000, 3.103262032158867841E-16 ) ) ;
#1498 = EDGE_LOOP ( 'NONE', ( #100, #653, #1423, #696 ) ) ;
#1499 = DIRECTION ( 'NONE',  ( 0.000000000000000000, 0.000000000000000000, -1.000000000000000000 ) ) ;
#1500 = LINE ( 'NONE', #870, #1450 ) ;
#1501 = ORIENTED_EDGE ( 'NONE', *, *, #1924, .T. ) ;
#1502 = EDGE_CURVE ( 'NONE', #1099, #1645, #1406, .T. ) ;
#1503 = CARTESIAN_POINT ( 'NONE',  ( 0.000000000000000000, -6.755801444009854513E-15, 10.93000000000000149 ) ) ;
#1504 = ADVANCED_FACE ( 'NONE', ( #6 ), #953, .F. ) ;
#1505 = VERTEX_POINT ( 'NONE', #155 ) ;
#1506 = DIRECTION ( 'NONE',  ( 0.000000000000000000, 0.000000000000000000, 1.000000000000000000 ) ) ;
#1507 = ORIENTED_EDGE ( 'NONE', *, *, #1859, .F. ) ;
#1508 = AXIS2_PLACEMENT_3D ( 'NONE', #304, #728, #1176 ) ;
#1509 = CARTESIAN_POINT ( 'NONE',  ( -1.999999999999993117, 0.000000000000000000, 10.93000000000000149 ) ) ;
#1510 = CIRCLE ( 'NONE', #648, 1.500000000000001332 ) ;
#1511 = VECTOR ( 'NONE', #1173, 1000.000000000000000 ) ;
#1512 = VECTOR ( 'NONE', #992, 1000.000000000000000 ) ;
#1513 = AXIS2_PLACEMENT_3D ( 'NONE', #1123, #1134, #515 ) ;
#1514 = DIRECTION ( 'NONE',  ( 0.000000000000000000, -1.000000000000000000, 0.000000000000000000 ) ) ;
#1515 = VECTOR ( 'NONE', #95, 1000.000000000000000 ) ;
#1516 = ORIENTED_EDGE ( 'NONE', *, *, #120, .F. ) ;
#1517 = PLANE ( 'NONE',  #1937 ) ;
#1518 = LINE ( 'NONE', #1998, #581 ) ;
#1519 = EDGE_CURVE ( 'NONE', #488, #783, #1111, .T. ) ;
#1520 = DIRECTION ( 'NONE',  ( 0.000000000000000000, 0.7071067811865482389, 0.7071067811865469066 ) ) ;
#1521 = ORIENTED_EDGE ( 'NONE', *, *, #1179, .T. ) ;
#1522 = FACE_OUTER_BOUND ( 'NONE', #1255, .T. ) ;
#1523 = CARTESIAN_POINT ( 'NONE',  ( -6.250000000000001776, 0.000000000000000000, 26.68499999999999872 ) ) ;
#1524 = AXIS2_PLACEMENT_3D ( 'NONE', #1263, #1253, #299 ) ;
#1525 = ORIENTED_EDGE ( 'NONE', *, *, #1627, .T. ) ;
#1526 = CARTESIAN_POINT ( 'NONE',  ( -3.000000000000002220, 2.000000000000000000, 28.67999999999999972 ) ) ;
#1527 = VERTEX_POINT ( 'NONE', #1698 ) ;
#1528 = CARTESIAN_POINT ( 'NONE',  ( 0.000000000000000000, 11.17999999999998373, 16.17999999999999972 ) ) ;
#1529 = ORIENTED_EDGE ( 'NONE', *, *, #563, .T. ) ;
#1530 = ADVANCED_FACE ( 'NONE', ( #1732 ), #785, .T. ) ;
#1531 = DIRECTION ( 'NONE',  ( -1.000000000000000000, 0.000000000000000000, 0.000000000000000000 ) ) ;
#1532 = CARTESIAN_POINT ( 'NONE',  ( 20.80000000000000426, 4.814824860968089633E-32, 10.93000000000000149 ) ) ;
#1533 = ORIENTED_EDGE ( 'NONE', *, *, #1228, .T. ) ;
#1534 = CARTESIAN_POINT ( 'NONE',  ( 21.80000000000000426, 0.000000000000000000, 2.930000000000005489 ) ) ;
#1535 = EDGE_CURVE ( 'NONE', #1870, #1259, #492, .T. ) ;
#1536 = VERTEX_POINT ( 'NONE', #1997 ) ;
#1537 = CARTESIAN_POINT ( 'NONE',  ( -1.999999999999993561, 0.000000000000000000, 3.929999999999999272 ) ) ;
#1538 = LINE ( 'NONE', #462, #1844 ) ;
#1539 = ORIENTED_EDGE ( 'NONE', *, *, #1758, .F. ) ;
#1540 = CYLINDRICAL_SURFACE ( 'NONE', #1065, 1.000000000000000888 ) ;
#1541 = CARTESIAN_POINT ( 'NONE',  ( -1.999999999999994893, 11.18000000000000149, 10.92999999999999972 ) ) ;
#1542 = EDGE_LOOP ( 'NONE', ( #1856, #370, #354, #334, #714, #337, #1177 ) ) ;
#1543 = ADVANCED_FACE ( 'NONE', ( #1857 ), #1890, .F. ) ;
#1544 = CIRCLE ( 'NONE', #1613, 1.504999999999999449 ) ;
#1545 = AXIS2_PLACEMENT_3D ( 'NONE', #1095, #1369, #791 ) ;
#1546 = CIRCLE ( 'NONE', #685, 2.500000000000015987 ) ;
#1547 = CIRCLE ( 'NONE', #1780, 3.499999999999999556 ) ;
#1548 = ORIENTED_EDGE ( 'NONE', *, *, #1962, .T. ) ;
#1549 = DIRECTION ( 'NONE',  ( 1.398970545142586048E-16, -1.000000000000000000, 0.000000000000000000 ) ) ;
#1550 = ORIENTED_EDGE ( 'NONE', *, *, #494, .T. ) ;
#1551 = DIRECTION ( 'NONE',  ( -1.000000000000000000, -0.000000000000000000, -0.000000000000000000 ) ) ;
#1552 = AXIS2_PLACEMENT_3D ( 'NONE', #430, #119, #749 ) ;
#1553 = VERTEX_POINT ( 'NONE', #939 ) ;
#1554 = DIRECTION ( 'NONE',  ( 1.000000000000000000, 0.000000000000000000, 0.000000000000000000 ) ) ;
#1555 = CARTESIAN_POINT ( 'NONE',  ( 4.800000000000002487, -5.000000000000000000, 28.69999999999999929 ) ) ;
#1556 = EDGE_LOOP ( 'NONE', ( #551, #1390, #308, #630 ) ) ;
#1557 = DIRECTION ( 'NONE',  ( 0.000000000000000000, 0.000000000000000000, -1.000000000000000000 ) ) ;
#1558 = EDGE_CURVE ( 'NONE', #1870, #779, #1584, .T. ) ;
#1559 = DIRECTION ( 'NONE',  ( -0.7071067811865450192, -1.392046404074244971E-16, 0.7071067811865501263 ) ) ;
#1560 = ORIENTED_EDGE ( 'NONE', *, *, #1502, .F. ) ;
#1561 = DIRECTION ( 'NONE',  ( -0.000000000000000000, 1.000000000000000000, -0.000000000000000000 ) ) ;
#1562 = CARTESIAN_POINT ( 'NONE',  ( 0.000000000000000000, 22.44999999999999929, 32.70000000000000284 ) ) ;
#1563 = ORIENTED_EDGE ( 'NONE', *, *, #1832, .F. ) ;
#1564 = CARTESIAN_POINT ( 'NONE',  ( -6.250000000000001776, 2.000000000000000000, 25.17999999999999972 ) ) ;
#1565 = DIRECTION ( 'NONE',  ( 1.000000000000000000, 1.545410669021654585E-16, -0.000000000000000000 ) ) ;
#1566 = ORIENTED_EDGE ( 'NONE', *, *, #1031, .F. ) ;
#1567 = PRODUCT_RELATED_PRODUCT_CATEGORY ( 'detail', '', ( #784 ) ) ;
#1568 = LINE ( 'NONE', #181, #62 ) ;
#1569 = EDGE_CURVE ( 'NONE', #1536, #1656, #1100, .T. ) ;
#1570 = ORIENTED_EDGE ( 'NONE', *, *, #379, .F. ) ;
#1571 = CARTESIAN_POINT ( 'NONE',  ( 16.80000000000000071, 25.44999999999999574, 32.70000000000000284 ) ) ;
#1572 = DIRECTION ( 'NONE',  ( 1.000000000000000000, 1.545410669021654585E-16, -0.000000000000000000 ) ) ;
#1573 = EDGE_CURVE ( 'NONE', #682, #669, #470, .T. ) ;
#1574 = VERTEX_POINT ( 'NONE', #635 ) ;
#1575 = LINE ( 'NONE', #506, #942 ) ;
#1576 = LINE ( 'NONE', #189, #684 ) ;
#1577 = ORIENTED_EDGE ( 'NONE', *, *, #141, .T. ) ;
#1578 = DIRECTION ( 'NONE',  ( 0.000000000000000000, 0.000000000000000000, -1.000000000000000000 ) ) ;
#1579 = CONICAL_SURFACE ( 'NONE', #1003, 4.499999999999997335, 0.7853981633974441712 ) ;
#1580 = AXIS2_PLACEMENT_3D ( 'NONE', #1707, #1668, #320 ) ;
#1581 = CARTESIAN_POINT ( 'NONE',  ( 20.80000000000000426, 11.18000000000000149, 7.430000000000000604 ) ) ;
#1582 = AXIS2_PLACEMENT_3D ( 'NONE', #1555, #171, #802 ) ;
#1583 = CYLINDRICAL_SURFACE ( 'NONE', #1876, 1.504999999999999449 ) ;
#1584 =( BOUNDED_CURVE ( )  B_SPLINE_CURVE ( 3, ( #1090, #344, #963, #16 ),
 .UNSPECIFIED., .F., .T. ) 
 B_SPLINE_CURVE_WITH_KNOTS ( ( 4, 4 ),
 ( 4.712388980384689674, 6.283185307179586232 ),
 .UNSPECIFIED. ) 
 CURVE ( )  GEOMETRIC_REPRESENTATION_ITEM ( )  RATIONAL_B_SPLINE_CURVE ( ( 1.000000000000000000, 0.8047378541243649375, 0.8047378541243649375, 1.000000000000000000 ) ) 
 REPRESENTATION_ITEM ( '' )  );
#1585 = VERTEX_POINT ( 'NONE', #37 ) ;
#1586 = EDGE_CURVE ( 'NONE', #416, #491, #1633, .T. ) ;
#1587 = CARTESIAN_POINT ( 'NONE',  ( -9.500000000000001776, 2.000000000000000000, 27.67999999999999972 ) ) ;
#1588 = DIRECTION ( 'NONE',  ( -0.7071067811865444641, -3.037799624127962930E-16, -0.7071067811865505703 ) ) ;
#1589 = CIRCLE ( 'NONE', #1425, 1.504999999999999449 ) ;
#1590 = VECTOR ( 'NONE', #1818, 1000.000000000000000 ) ;
#1591 = VERTEX_POINT ( 'NONE', #1889 ) ;
#1592 = CIRCLE ( 'NONE', #1170, 2.505000000000006999 ) ;
#1593 = CARTESIAN_POINT ( 'NONE',  ( -3.000000000000003109, 25.44999999999999218, 32.70000000000000284 ) ) ;
#1594 = DATE_AND_TIME ( #1009, #590 ) ;
#1595 = DIRECTION ( 'NONE',  ( 0.7071067811865501263, 0.000000000000000000, 0.7071067811865449082 ) ) ;
#1596 = ORIENTED_EDGE ( 'NONE', *, *, #654, .F. ) ;
#1597 = FACE_OUTER_BOUND ( 'NONE', #1172, .T. ) ;
#1598 = DIRECTION ( 'NONE',  ( 0.000000000000000000, 0.000000000000000000, 1.000000000000000000 ) ) ;
#1599 = ADVANCED_FACE ( 'NONE', ( #319 ), #807, .F. ) ;
#1600 = ORIENTED_EDGE ( 'NONE', *, *, #1748, .T. ) ;
#1601 = DIRECTION ( 'NONE',  ( 0.7071067811865473507, 0.000000000000000000, -0.7071067811865477948 ) ) ;
#1602 = CALENDAR_DATE ( 2026, 7, 5 ) ;
#1603 = CARTESIAN_POINT ( 'NONE',  ( 21.80000000000000426, 0.000000000000000000, 0.000000000000000000 ) ) ;
#1604 = CARTESIAN_POINT ( 'NONE',  ( -1.999999999999993117, 0.000000000000000000, 10.93000000000000149 ) ) ;
#1605 = ADVANCED_FACE ( 'NONE', ( #1233 ), #1687, .F. ) ;
#1606 = ORIENTED_EDGE ( 'NONE', *, *, #909, .T. ) ;
#1607 = CARTESIAN_POINT ( 'NONE',  ( 21.80000000000000426, 0.000000000000000000, 32.70000000000000284 ) ) ;
#1608 = DIRECTION ( 'NONE',  ( 1.000000000000000000, 1.192835396054779323E-16, -0.000000000000000000 ) ) ;
#1609 = ORIENTED_EDGE ( 'NONE', *, *, #448, .F. ) ;
#1610 = DATE_AND_TIME ( #997, #793 ) ;
#1611 = EDGE_CURVE ( 'NONE', #328, #1278, #145, .T. ) ;
#1612 = CIRCLE ( 'NONE', #1162, 0.5000000000000004441 ) ;
#1613 = AXIS2_PLACEMENT_3D ( 'NONE', #1747, #373, #710 ) ;
#1614 = CARTESIAN_POINT ( 'NONE',  ( -10.89999999999999680, 11.18000000000000149, 7.430000000000000604 ) ) ;
#1615 = DIRECTION ( 'NONE',  ( 0.000000000000000000, 0.000000000000000000, 1.000000000000000000 ) ) ;
#1616 = AXIS2_PLACEMENT_3D ( 'NONE', #1071, #1551, #755 ) ;
#1617 = AXIS2_PLACEMENT_3D ( 'NONE', #1104, #496, #347 ) ;
#1618 = ORIENTED_EDGE ( 'NONE', *, *, #1611, .F. ) ;
#1619 = AXIS2_PLACEMENT_3D ( 'NONE', #1235, #1092, #901 ) ;
#1620 = DIRECTION ( 'NONE',  ( 0.000000000000000000, 0.000000000000000000, -1.000000000000000000 ) ) ;
#1621 = DIRECTION ( 'NONE',  ( 0.000000000000000000, 1.000000000000000000, 7.758155080397172067E-17 ) ) ;
#1622 = AXIS2_PLACEMENT_3D ( 'NONE', #1902, #823, #1743 ) ;
#1623 = VERTEX_POINT ( 'NONE', #1848 ) ;
#1624 = ORGANIZATION ( 'UNSPECIFIED', 'UNSPECIFIED', '' ) ;
#1625 = FACE_OUTER_BOUND ( 'NONE', #5, .T. ) ;
#1626 = DATE_AND_TIME ( #372, #3 ) ;
#1627 = EDGE_CURVE ( 'NONE', #571, #22, #460, .T. ) ;
#1628 = CARTESIAN_POINT ( 'NONE',  ( 23.79999999999998650, -5.000000000000000000, 28.69999999999999929 ) ) ;
#1629 = VERTEX_POINT ( 'NONE', #271 ) ;
#1630 = DIRECTION ( 'NONE',  ( 0.000000000000000000, 1.000000000000000000, -3.103262032158867841E-16 ) ) ;
#1631 = CARTESIAN_POINT ( 'NONE',  ( 21.80000000000000426, 2.499999999999999556, 12.69999999999999929 ) ) ;
#1632 = VERTEX_POINT ( 'NONE', #1371 ) ;
#1633 = CIRCLE ( 'NONE', #1020, 4.499999999999993783 ) ;
#1634 = EDGE_CURVE ( 'NONE', #1669, #216, #1843, .T. ) ;
#1635 = DIRECTION ( 'NONE',  ( 0.000000000000000000, -1.000000000000000000, 0.000000000000000000 ) ) ;
#1636 = ORIENTED_EDGE ( 'NONE', *, *, #1569, .T. ) ;
#1637 = LINE ( 'NONE', #244, #1324 ) ;
#1638 = ORIENTED_EDGE ( 'NONE', *, *, #996, .T. ) ;
#1639 = LINE ( 'NONE', #900, #294 ) ;
#1640 = CARTESIAN_POINT ( 'NONE',  ( 18.80000000000000426, 0.000000000000000000, 32.70000000000000284 ) ) ;
#1641 = EDGE_CURVE ( 'NONE', #661, #1788, #1831, .T. ) ;
#1642 = ORIENTED_EDGE ( 'NONE', *, *, #1184, .T. ) ;
#1643 = DIRECTION ( 'NONE',  ( 2.891205793294678326E-16, 1.000000000000000000, 0.000000000000000000 ) ) ;
#1644 = CARTESIAN_POINT ( 'NONE',  ( 4.800000000000002487, -5.000000000000000000, 30.20000000000000284 ) ) ;
#1645 = VERTEX_POINT ( 'NONE', #1976 ) ;
#1646 = DIRECTION ( 'NONE',  ( -0.000000000000000000, 1.000000000000000000, -0.000000000000000000 ) ) ;
#1647 = PLANE ( 'NONE',  #782 ) ;
#1648 = VECTOR ( 'NONE', #1174, 1000.000000000000000 ) ;
#1649 = ORIENTED_EDGE ( 'NONE', *, *, #767, .T. ) ;
#1650 = EDGE_CURVE ( 'NONE', #968, #1505, #834, .T. ) ;
#1651 = AXIS2_PLACEMENT_3D ( 'NONE', #1562, #1408, #345 ) ;
#1652 = CARTESIAN_POINT ( 'NONE',  ( 0.000000000000000000, -10.00000000000000000, 12.69999999999999929 ) ) ;
#1653 = CARTESIAN_POINT ( 'NONE',  ( 18.80000000000000426, 0.000000000000000000, 32.70000000000000284 ) ) ;
#1654 = CARTESIAN_POINT ( 'NONE',  ( 21.80000000000000782, -5.000000000000000000, 28.69999999999999929 ) ) ;
#1655 = EDGE_CURVE ( 'NONE', #1142, #50, #1206, .T. ) ;
#1656 = VERTEX_POINT ( 'NONE', #608 ) ;
#1657 = DIRECTION ( 'NONE',  ( 0.000000000000000000, 0.000000000000000000, -1.000000000000000000 ) ) ;
#1658 = CARTESIAN_POINT ( 'NONE',  ( 24.30000000000000071, 0.000000000000000000, 12.69999999999999929 ) ) ;
#1659 = ORIENTED_EDGE ( 'NONE', *, *, #1897, .F. ) ;
#1660 = CARTESIAN_POINT ( 'NONE',  ( -6.250000000000001776, 0.000000000000000000, 25.17999999999999972 ) ) ;
#1661 = CARTESIAN_POINT ( 'NONE',  ( -8.500000000000000000, 2.000000000000000000, 27.67999999999999972 ) ) ;
#1662 = ORIENTED_EDGE ( 'NONE', *, *, #1748, .F. ) ;
#1663 = ADVANCED_FACE ( 'NONE', ( #1380 ), #769, .F. ) ;
#1664 = DIRECTION ( 'NONE',  ( -1.000000000000000000, 0.000000000000000000, 0.000000000000000000 ) ) ;
#1665 = VECTOR ( 'NONE', #699, 1000.000000000000000 ) ;
#1666 = VERTEX_POINT ( 'NONE', #264 ) ;
#1667 = DIRECTION ( 'NONE',  ( 1.000000000000000000, -2.891205793294678326E-16, 0.000000000000000000 ) ) ;
#1668 = DIRECTION ( 'NONE',  ( 1.000000000000000000, -2.891205793294678326E-16, 0.000000000000000000 ) ) ;
#1669 = VERTEX_POINT ( 'NONE', #1226 ) ;
#1670 = DIRECTION ( 'NONE',  ( 1.000000000000000000, -0.000000000000000000, -0.000000000000000000 ) ) ;
#1671 = ORIENTED_EDGE ( 'NONE', *, *, #211, .T. ) ;
#1672 = EDGE_CURVE ( 'NONE', #433, #1096, #447, .T. ) ;
#1673 = CARTESIAN_POINT ( 'NONE',  ( -6.250000000000001776, 2.000000000000000000, 25.17999999999999972 ) ) ;
#1674 = DIRECTION ( 'NONE',  ( 2.891205793294678326E-16, 1.000000000000000000, 0.000000000000000000 ) ) ;
#1675 = FACE_OUTER_BOUND ( 'NONE', #1854, .T. ) ;
#1676 = LINE ( 'NONE', #775, #391 ) ;
#1677 = VERTEX_POINT ( 'NONE', #1494 ) ;
#1678 = CIRCLE ( 'NONE', #1320, 5.000000000000000888 ) ;
#1679 = FACE_BOUND ( 'NONE', #1266, .T. ) ;
#1680 = AXIS2_PLACEMENT_3D ( 'NONE', #48, #670, #1283 ) ;
#1681 = DIRECTION ( 'NONE',  ( 1.000000000000000000, 0.000000000000000000, 0.000000000000000000 ) ) ;
#1682 = FACE_OUTER_BOUND ( 'NONE', #105, .T. ) ;
#1683 = VECTOR ( 'NONE', #1398, 1000.000000000000114 ) ;
#1684 = EDGE_CURVE ( 'NONE', #201, #2000, #252, .T. ) ;
#1685 = CIRCLE ( 'NONE', #950, 1.915000000000000036 ) ;
#1686 = ORIENTED_EDGE ( 'NONE', *, *, #1786, .F. ) ;
#1687 = CYLINDRICAL_SURFACE ( 'NONE', #1524, 1.504999999999999449 ) ;
#1688 = ORIENTED_EDGE ( 'NONE', *, *, #108, .F. ) ;
#1689 = DIRECTION ( 'NONE',  ( 0.000000000000000000, 0.000000000000000000, -1.000000000000000000 ) ) ;
#1690 = ORIENTED_EDGE ( 'NONE', *, *, #1807, .F. ) ;
#1691 = LINE ( 'NONE', #924, #1067 ) ;
#1692 = ORIENTED_EDGE ( 'NONE', *, *, #1535, .T. ) ;
#1693 = LINE ( 'NONE', #1340, #283 ) ;
#1694 = EDGE_CURVE ( 'NONE', #1677, #469, #1693, .T. ) ;
#1695 = CARTESIAN_POINT ( 'NONE',  ( -6.250000000000001776, 2.000000000000000000, 27.68500000000000938 ) ) ;
#1696 = VECTOR ( 'NONE', #1681, 1000.000000000000000 ) ;
#1697 = ORIENTED_EDGE ( 'NONE', *, *, #1274, .F. ) ;
#1698 = CARTESIAN_POINT ( 'NONE',  ( -1.999999999999993117, 0.000000000000000000, 3.929999999999999272 ) ) ;
#1699 = PLANE ( 'NONE',  #423 ) ;
#1700 = EDGE_LOOP ( 'NONE', ( #892, #910, #796, #1618 ) ) ;
#1701 = ADVANCED_FACE ( 'NONE', ( #1815 ), #1045, .T. ) ;
#1702 = CARTESIAN_POINT ( 'NONE',  ( -1.739999999999999991, 11.17999999999998373, 20.01000000000000156 ) ) ;
#1703 = CYLINDRICAL_SURFACE ( 'NONE', #1545, 1.500000000000001332 ) ;
#1704 = ORIENTED_EDGE ( 'NONE', *, *, #1303, .F. ) ;
#1705 = ORIENTED_EDGE ( 'NONE', *, *, #237, .T. ) ;
#1706 = DIRECTION ( 'NONE',  ( -1.000000000000000000, 0.000000000000000000, 0.000000000000000000 ) ) ;
#1707 = CARTESIAN_POINT ( 'NONE',  ( 21.80000000000000782, -5.000000000000000000, 16.69999999999999929 ) ) ;
#1708 = FACE_OUTER_BOUND ( 'NONE', #418, .T. ) ;
#1709 = ORIENTED_EDGE ( 'NONE', *, *, #989, .F. ) ;
#1710 = DIRECTION ( 'NONE',  ( 0.000000000000000000, 0.000000000000000000, -1.000000000000000000 ) ) ;
#1711 = DIRECTION ( 'NONE',  ( -0.000000000000000000, 1.000000000000000000, -0.000000000000000000 ) ) ;
#1712 = EDGE_CURVE ( 'NONE', #1887, #9, #1612, .T. ) ;
#1713 = ORIENTED_EDGE ( 'NONE', *, *, #580, .T. ) ;
#1714 = CIRCLE ( 'NONE', #1349, 5.000000000000000000 ) ;
#1715 = AXIS2_PLACEMENT_3D ( 'NONE', #1954, #1026, #402 ) ;
#1716 = VECTOR ( 'NONE', #186, 1000.000000000000000 ) ;
#1717 = AXIS2_PLACEMENT_3D ( 'NONE', #1042, #1338, #1464 ) ;
#1718 = ORIENTED_EDGE ( 'NONE', *, *, #1361, .T. ) ;
#1719 = CARTESIAN_POINT ( 'NONE',  ( 22.30000000000000426, 2.499999999999999556, 12.69999999999999929 ) ) ;
#1720 = DIRECTION ( 'NONE',  ( -0.000000000000000000, 1.000000000000000000, -0.000000000000000000 ) ) ;
#1721 = CIRCLE ( 'NONE', #883, 3.499999999999999556 ) ;
#1722 = ADVANCED_FACE ( 'NONE', ( #14 ), #1288, .T. ) ;
#1723 = EDGE_LOOP ( 'NONE', ( #866, #1017 ) ) ;
#1724 = FACE_OUTER_BOUND ( 'NONE', #872, .T. ) ;
#1725 = DIRECTION ( 'NONE',  ( 1.192835396054779323E-16, -1.000000000000000000, 3.103262032158867841E-16 ) ) ;
#1726 = ORIENTED_EDGE ( 'NONE', *, *, #367, .F. ) ;
#1727 = ADVANCED_FACE ( 'NONE', ( #1925 ), #857, .F. ) ;
#1728 = DIRECTION ( 'NONE',  ( 0.000000000000000000, -3.103262032158867841E-16, -1.000000000000000000 ) ) ;
#1729 = DIRECTION ( 'NONE',  ( 1.000000000000000000, -0.000000000000000000, -0.000000000000000000 ) ) ;
#1730 = EDGE_CURVE ( 'NONE', #473, #1412, #1241, .T. ) ;
#1731 = VERTEX_POINT ( 'NONE', #1437 ) ;
#1732 = FACE_OUTER_BOUND ( 'NONE', #1996, .T. ) ;
#1733 = LINE ( 'NONE', #828, #1938 ) ;
#1734 = ORIENTED_EDGE ( 'NONE', *, *, #1334, .T. ) ;
#1735 = CARTESIAN_POINT ( 'NONE',  ( 20.80000000000000426, 11.18000000000000149, 10.92999999999999972 ) ) ;
#1736 = LINE ( 'NONE', #671, #1973 ) ;
#1737 = ORIENTED_EDGE ( 'NONE', *, *, #458, .F. ) ;
#1738 = CYLINDRICAL_SURFACE ( 'NONE', #1971, 1.504999999999999449 ) ;
#1739 = EDGE_CURVE ( 'NONE', #1574, #1451, #1013, .T. ) ;
#1740 = DIRECTION ( 'NONE',  ( 1.000000000000000000, 0.000000000000000000, 0.000000000000000000 ) ) ;
#1741 = ORIENTED_EDGE ( 'NONE', *, *, #1287, .T. ) ;
#1742 = CARTESIAN_POINT ( 'NONE',  ( -9.499999999999998224, 0.000000000000000000, 12.92999999999999972 ) ) ;
#1743 = DIRECTION ( 'NONE',  ( 0.000000000000000000, 0.000000000000000000, -1.000000000000000000 ) ) ;
#1744 = EDGE_LOOP ( 'NONE', ( #730, #560, #1439, #88, #220 ) ) ;
#1745 = PERSON_AND_ORGANIZATION_ROLE ( 'design_supplier' ) ;
#1746 = CIRCLE ( 'NONE', #1481, 2.505000000000006999 ) ;
#1747 = CARTESIAN_POINT ( 'NONE',  ( -6.250000000000001776, 0.000000000000000000, 15.42999999999999972 ) ) ;
#1748 = EDGE_CURVE ( 'NONE', #22, #433, #213, .T. ) ;
#1749 = VECTOR ( 'NONE', #139, 1000.000000000000000 ) ;
#1750 = DIRECTION ( 'NONE',  ( -0.000000000000000000, 0.000000000000000000, 1.000000000000000000 ) ) ;
#1751 = ORIENTED_EDGE ( 'NONE', *, *, #609, .T. ) ;
#1752 = CARTESIAN_POINT ( 'NONE',  ( 20.80000000000000426, 0.000000000000000000, 10.93000000000000149 ) ) ;
#1753 = CARTESIAN_POINT ( 'NONE',  ( 21.80000000000000426, 0.000000000000000000, 32.70000000000000284 ) ) ;
#1754 = APPROVAL_PERSON_ORGANIZATION ( #1436, #736, #76 ) ;
#1755 = VECTOR ( 'NONE', #1506, 1000.000000000000000 ) ;
#1756 = EDGE_LOOP ( 'NONE', ( #921, #401, #1121, #1409, #1566, #1525 ) ) ;
#1757 = PERSON_AND_ORGANIZATION ( #112, #1624 ) ;
#1758 = EDGE_CURVE ( 'NONE', #779, #349, #1313, .T. ) ;
#1759 = DIRECTION ( 'NONE',  ( 0.000000000000000000, -1.000000000000000000, 0.000000000000000000 ) ) ;
#1760 = ORIENTED_EDGE ( 'NONE', *, *, #1392, .F. ) ;
#1761 = PLANE ( 'NONE',  #256 ) ;
#1762 = DIRECTION ( 'NONE',  ( 0.000000000000000000, 0.000000000000000000, 1.000000000000000000 ) ) ;
#1763 = EDGE_LOOP ( 'NONE', ( #1078, #1922, #1737, #868 ) ) ;
#1764 = EDGE_CURVE ( 'NONE', #985, #201, #846, .T. ) ;
#1765 = APPLICATION_PROTOCOL_DEFINITION ( 'international standard', 'config_control_design', 1994, #332 ) ;
#1766 = CARTESIAN_POINT ( 'NONE',  ( 18.80000000000000071, 22.44999999999999218, 10.92999999999999616 ) ) ;
#1767 = LINE ( 'NONE', #542, #1384 ) ;
#1768 = ORIENTED_EDGE ( 'NONE', *, *, #27, .T. ) ;
#1769 = CARTESIAN_POINT ( 'NONE',  ( 24.80000000000000426, -10.00000000000000000, 32.20000000000000284 ) ) ;
#1770 = DIRECTION ( 'NONE',  ( 0.7071067811865451302, -5.485844066845724680E-17, 0.7071067811865500152 ) ) ;
#1771 = ORIENTED_EDGE ( 'NONE', *, *, #377, .F. ) ;
#1772 = EDGE_CURVE ( 'NONE', #1451, #1188, #87, .T. ) ;
#1773 = ADVANCED_FACE ( 'NONE', ( #1777 ), #1977, .F. ) ;
#1774 = DIRECTION ( 'NONE',  ( 1.192835396054779323E-16, -1.000000000000000000, -7.758155080397172067E-17 ) ) ;
#1775 = APPROVAL_ROLE ( '' ) ;
#1776 = AXIS2_PLACEMENT_3D ( 'NONE', #1363, #1217, #1557 ) ;
#1777 = FACE_OUTER_BOUND ( 'NONE', #1146, .T. ) ;
#1778 = CIRCLE ( 'NONE', #905, 1.504999999999999449 ) ;
#1779 = ORIENTED_EDGE ( 'NONE', *, *, #1519, .T. ) ;
#1780 = AXIS2_PLACEMENT_3D ( 'NONE', #668, #954, #195 ) ;
#1781 = CARTESIAN_POINT ( 'NONE',  ( 18.80000000000000071, 22.45000000000000284, 3.929999999999999272 ) ) ;
#1782 = CARTESIAN_POINT ( 'NONE',  ( 0.000000000000000000, 22.44999999999999929, 32.70000000000000284 ) ) ;
#1783 = ADVANCED_FACE ( 'NONE', ( #404 ), #553, .F. ) ;
#1784 = ORIENTED_EDGE ( 'NONE', *, *, #1381, .F. ) ;
#1785 = AXIS2_PLACEMENT_3D ( 'NONE', #1027, #731, #572 ) ;
#1786 = EDGE_CURVE ( 'NONE', #1585, #1096, #1721, .T. ) ;
#1787 = CYLINDRICAL_SURFACE ( 'NONE', #159, 5.000000000000000000 ) ;
#1788 = VERTEX_POINT ( 'NONE', #273 ) ;
#1789 = EDGE_CURVE ( 'NONE', #1591, #1979, #757, .T. ) ;
#1790 = DIRECTION ( 'NONE',  ( 0.000000000000000000, 0.000000000000000000, -1.000000000000000000 ) ) ;
#1791 = VERTEX_POINT ( 'NONE', #1048 ) ;
#1792 = DIRECTION ( 'NONE',  ( 1.000000000000000000, 0.000000000000000000, 0.000000000000000000 ) ) ;
#1793 = CARTESIAN_POINT ( 'NONE',  ( 23.79999999999998650, -5.000000000000000000, 27.19999999999999929 ) ) ;
#1794 = ORIENTED_EDGE ( 'NONE', *, *, #524, .F. ) ;
#1795 = DIRECTION ( 'NONE',  ( -0.000000000000000000, 0.000000000000000000, 1.000000000000000000 ) ) ;
#1796 = VECTOR ( 'NONE', #780, 1000.000000000000114 ) ;
#1797 = FACE_OUTER_BOUND ( 'NONE', #180, .T. ) ;
#1798 = ORIENTED_EDGE ( 'NONE', *, *, #1859, .T. ) ;
#1799 = CARTESIAN_POINT ( 'NONE',  ( -6.250000000000001776, 2.000000000000000000, 15.42999999999999972 ) ) ;
#1800 = EDGE_CURVE ( 'NONE', #291, #466, #899, .T. ) ;
#1801 = ORIENTED_EDGE ( 'NONE', *, *, #1712, .F. ) ;
#1802 = CARTESIAN_POINT ( 'NONE',  ( 0.000000000000000000, 0.000000000000000000, 32.70000000000000284 ) ) ;
#1803 = DIRECTION ( 'NONE',  ( -1.000000000000000000, 0.000000000000000000, -0.000000000000000000 ) ) ;
#1804 = ORIENTED_EDGE ( 'NONE', *, *, #1730, .F. ) ;
#1805 = FACE_OUTER_BOUND ( 'NONE', #554, .T. ) ;
#1806 = ORIENTED_EDGE ( 'NONE', *, *, #137, .T. ) ;
#1807 = EDGE_CURVE ( 'NONE', #508, #488, #1180, .T. ) ;
#1808 = FACE_OUTER_BOUND ( 'NONE', #1025, .T. ) ;
#1809 = ORIENTED_EDGE ( 'NONE', *, *, #439, .F. ) ;
#1810 = DIRECTION ( 'NONE',  ( 0.000000000000000000, 0.000000000000000000, -1.000000000000000000 ) ) ;
#1811 = CONICAL_SURFACE ( 'NONE', #747, 2.505000000000006999, 0.7853981633974473908 ) ;
#1812 = ORIENTED_EDGE ( 'NONE', *, *, #1888, .F. ) ;
#1813 = VECTOR ( 'NONE', #1299, 1000.000000000000227 ) ;
#1814 = AXIS2_PLACEMENT_3D ( 'NONE', #1886, #967, #1421 ) ;
#1815 = FACE_OUTER_BOUND ( 'NONE', #1397, .T. ) ;
#1816 = DIRECTION ( 'NONE',  ( -0.000000000000000000, -0.000000000000000000, -1.000000000000000000 ) ) ;
#1817 = CYLINDRICAL_SURFACE ( 'NONE', #1552, 3.499999999999999556 ) ;
#1818 = DIRECTION ( 'NONE',  ( 2.891205793294678326E-16, 1.000000000000000000, 0.000000000000000000 ) ) ;
#1819 = LINE ( 'NONE', #774, #61 ) ;
#1820 = VERTEX_POINT ( 'NONE', #1208 ) ;
#1821 = ADVANCED_FACE ( 'NONE', ( #1808 ), #1833, .F. ) ;
#1822 = DIRECTION ( 'NONE',  ( 0.000000000000000000, 0.000000000000000000, 1.000000000000000000 ) ) ;
#1823 = ORIENTED_EDGE ( 'NONE', *, *, #1287, .F. ) ;
#1824 = DIRECTION ( 'NONE',  ( -1.192835396054779323E-16, 1.000000000000000000, -3.103262032158867841E-16 ) ) ;
#1825 = EDGE_LOOP ( 'NONE', ( #1560, #1847, #1942, #124 ) ) ;
#1826 = PLANE ( 'NONE',  #555 ) ;
#1827 = CARTESIAN_POINT ( 'NONE',  ( 21.80000000000000782, -5.000000000000000000, 18.19999999999999929 ) ) ;
#1828 = DIRECTION ( 'NONE',  ( 0.000000000000000000, 0.000000000000000000, 1.000000000000000000 ) ) ;
#1829 = ORIENTED_EDGE ( 'NONE', *, *, #580, .F. ) ;
#1830 = DIRECTION ( 'NONE',  ( 0.000000000000000000, 0.000000000000000000, -1.000000000000000000 ) ) ;
#1831 = LINE ( 'NONE', #1986, #1696 ) ;
#1832 = EDGE_CURVE ( 'NONE', #1348, #55, #1685, .T. ) ;
#1833 = PLANE ( 'NONE',  #39 ) ;
#1834 = VERTEX_POINT ( 'NONE', #421 ) ;
#1835 = FACE_OUTER_BOUND ( 'NONE', #693, .T. ) ;
#1836 = ORIENTED_EDGE ( 'NONE', *, *, #77, .T. ) ;
#1837 = CARTESIAN_POINT ( 'NONE',  ( -6.250000000000001776, 0.000000000000000000, 23.67500000000000071 ) ) ;
#1838 = ORIENTED_EDGE ( 'NONE', *, *, #1143, .F. ) ;
#1839 = AXIS2_PLACEMENT_3D ( 'NONE', #1156, #1305, #1466 ) ;
#1840 = EDGE_CURVE ( 'NONE', #1465, #543, #1592, .T. ) ;
#1841 = DIRECTION ( 'NONE',  ( 0.000000000000000000, -0.000000000000000000, 1.000000000000000000 ) ) ;
#1842 = VECTOR ( 'NONE', #1391, 1000.000000000000000 ) ;
#1843 = LINE ( 'NONE', #1063, #666 ) ;
#1844 = VECTOR ( 'NONE', #1689, 1000.000000000000000 ) ;
#1845 = LINE ( 'NONE', #1878, #522 ) ;
#1846 = EDGE_CURVE ( 'NONE', #55, #140, #1957, .T. ) ;
#1847 = ORIENTED_EDGE ( 'NONE', *, *, #1407, .T. ) ;
#1848 = CARTESIAN_POINT ( 'NONE',  ( -3.000000000000000444, 2.000000000000000000, 11.92999999999999972 ) ) ;
#1849 = ORIENTED_EDGE ( 'NONE', *, *, #1022, .F. ) ;
#1850 = CARTESIAN_POINT ( 'NONE',  ( -1.739999999999999991, 0.000000000000000000, 20.01000000000000156 ) ) ;
#1851 = ORIENTED_EDGE ( 'NONE', *, *, #137, .F. ) ;
#1852 = DIRECTION ( 'NONE',  ( 1.000000000000000000, -0.000000000000000000, -0.000000000000000000 ) ) ;
#1853 = DIRECTION ( 'NONE',  ( 2.071311613106635153E-16, 0.000000000000000000, -1.000000000000000000 ) ) ;
#1854 = EDGE_LOOP ( 'NONE', ( #1073, #913, #1836, #1704 ) ) ;
#1855 = LINE ( 'NONE', #1066, #101 ) ;
#1856 = ORIENTED_EDGE ( 'NONE', *, *, #350, .F. ) ;
#1857 = FACE_OUTER_BOUND ( 'NONE', #1004, .T. ) ;
#1858 = EDGE_LOOP ( 'NONE', ( #1910, #1345 ) ) ;
#1859 = EDGE_CURVE ( 'NONE', #416, #1096, #1056, .T. ) ;
#1860 = CARTESIAN_POINT ( 'NONE',  ( 23.79999999999998650, -5.000000000000000000, 16.69999999999999929 ) ) ;
#1861 = ORIENTED_EDGE ( 'NONE', *, *, #494, .F. ) ;
#1862 = CARTESIAN_POINT ( 'NONE',  ( 21.80000000000000782, 3.088140952041917496E-21, 32.70000000000000284 ) ) ;
#1863 = DIRECTION ( 'NONE',  ( 0.000000000000000000, 0.000000000000000000, -1.000000000000000000 ) ) ;
#1864 = ORIENTED_EDGE ( 'NONE', *, *, #692, .F. ) ;
#1865 = LINE ( 'NONE', #457, #658 ) ;
#1866 = EDGE_CURVE ( 'NONE', #2000, #201, #1589, .T. ) ;
#1867 = ORIENTED_EDGE ( 'NONE', *, *, #113, .T. ) ;
#1868 = CARTESIAN_POINT ( 'NONE',  ( 21.80000000000000426, 25.44999999999999574, 32.70000000000000284 ) ) ;
#1869 = DIRECTION ( 'NONE',  ( 0.000000000000000000, 0.000000000000000000, 1.000000000000000000 ) ) ;
#1870 = VERTEX_POINT ( 'NONE', #1343 ) ;
#1871 = EDGE_CURVE ( 'NONE', #466, #634, #1637, .T. ) ;
#1872 = LINE ( 'NONE', #1587, #1974 ) ;
#1873 = LINE ( 'NONE', #485, #64 ) ;
#1874 = ORIENTED_EDGE ( 'NONE', *, *, #18, .F. ) ;
#1875 = EDGE_CURVE ( 'NONE', #1731, #1240, #1137, .T. ) ;
#1876 = AXIS2_PLACEMENT_3D ( 'NONE', #808, #691, #1150 ) ;
#1877 = DIRECTION ( 'NONE',  ( 0.000000000000000000, -1.000000000000000000, 0.000000000000000000 ) ) ;
#1878 = CARTESIAN_POINT ( 'NONE',  ( -1.739999999999999991, 11.17999999999998373, 16.17999999999999972 ) ) ;
#1879 = AXIS2_PLACEMENT_3D ( 'NONE', #1411, #1608, #1921 ) ;
#1880 = EDGE_LOOP ( 'NONE', ( #1493, #286, #930, #288 ) ) ;
#1881 = CARTESIAN_POINT ( 'NONE',  ( -6.250000000000001776, 2.000000000000000000, 15.42999999999999972 ) ) ;
#1882 = CARTESIAN_POINT ( 'NONE',  ( -1.999999999999994893, 11.17999999999999972, 3.930000000000000160 ) ) ;
#1883 = AXIS2_PLACEMENT_3D ( 'NONE', #411, #874, #582 ) ;
#1884 = ORIENTED_EDGE ( 'NONE', *, *, #113, .F. ) ;
#1885 = FACE_OUTER_BOUND ( 'NONE', #408, .T. ) ;
#1886 = CARTESIAN_POINT ( 'NONE',  ( -8.500000000000000000, 0.000000000000000000, 27.67999999999999972 ) ) ;
#1887 = VERTEX_POINT ( 'NONE', #1477 ) ;
#1888 = EDGE_CURVE ( 'NONE', #783, #1342, #882, .T. ) ;
#1889 = CARTESIAN_POINT ( 'NONE',  ( -6.250000000000001776, 2.000000000000000000, 22.67499999999999361 ) ) ;
#1890 = CONICAL_SURFACE ( 'NONE', #500, 2.505000000000006999, 0.7853981633974473908 ) ;
#1891 = CARTESIAN_POINT ( 'NONE',  ( -6.250000000000001776, 2.000000000000000000, 26.68499999999999872 ) ) ;
#1892 = ORIENTED_EDGE ( 'NONE', *, *, #219, .T. ) ;
#1893 = LINE ( 'NONE', #956, #359 ) ;
#1894 = CARTESIAN_POINT ( 'NONE',  ( 18.80000000000000426, 0.000000000000000000, 3.929999999999999272 ) ) ;
#1895 = ORIENTED_EDGE ( 'NONE', *, *, #1361, .F. ) ;
#1896 = UNCERTAINTY_MEASURE_WITH_UNIT (LENGTH_MEASURE( 1.000000000000000082E-05 ), #610, 'distance_accuracy_value', 'NONE');
#1897 = EDGE_CURVE ( 'NONE', #281, #23, #1039, .T. ) ;
#1898 = CARTESIAN_POINT ( 'NONE',  ( -6.250000000000001776, 2.000000000000000000, 25.17999999999999972 ) ) ;
#1899 = PLANE ( 'NONE',  #1651 ) ;
#1900 = VERTEX_POINT ( 'NONE', #593 ) ;
#1901 = CARTESIAN_POINT ( 'NONE',  ( 0.000000000000000000, 0.000000000000000000, 10.93000000000000149 ) ) ;
#1902 = CARTESIAN_POINT ( 'NONE',  ( 23.79999999999998650, -5.000000000000000000, 16.69999999999999929 ) ) ;
#1903 = ORIENTED_EDGE ( 'NONE', *, *, #1988, .T. ) ;
#1904 = CC_DESIGN_PERSON_AND_ORGANIZATION_ASSIGNMENT ( #389, #688, ( #1457 ) ) ;
#1905 = CARTESIAN_POINT ( 'NONE',  ( -3.000000000000002220, 2.000000000000000000, 29.68000000000000327 ) ) ;
#1906 = AXIS2_PLACEMENT_3D ( 'NONE', #222, #361, #212 ) ;
#1907 = CIRCLE ( 'NONE', #192, 1.000000000000000888 ) ;
#1908 = FACE_OUTER_BOUND ( 'NONE', #1931, .T. ) ;
#1909 = EDGE_CURVE ( 'NONE', #1052, #1553, #255, .T. ) ;
#1910 = ORIENTED_EDGE ( 'NONE', *, *, #1840, .T. ) ;
#1911 = CARTESIAN_POINT ( 'NONE',  ( -1.739999999999999991, 11.17999999999998373, 18.09499999999999886 ) ) ;
#1912 = PLANE ( 'NONE',  #1198 ) ;
#1913 = CC_DESIGN_APPROVAL ( #736, ( #1457 ) ) ;
#1914 = ORIENTED_EDGE ( 'NONE', *, *, #141, .F. ) ;
#1915 = LINE ( 'NONE', #75, #1227 ) ;
#1916 = SHAPE_DEFINITION_REPRESENTATION ( #15, #210 ) ;
#1917 = FACE_OUTER_BOUND ( 'NONE', #1763, .T. ) ;
#1918 = ORIENTED_EDGE ( 'NONE', *, *, #559, .F. ) ;
#1919 = EDGE_CURVE ( 'NONE', #985, #234, #721, .T. ) ;
#1920 = DIRECTION ( 'NONE',  ( 0.000000000000000000, 0.000000000000000000, 1.000000000000000000 ) ) ;
#1921 = DIRECTION ( 'NONE',  ( -9.637352644315596475E-17, 1.000000000000000000, 0.000000000000000000 ) ) ;
#1922 = ORIENTED_EDGE ( 'NONE', *, *, #1184, .F. ) ;
#1923 = DIRECTION ( 'NONE',  ( -0.000000000000000000, 1.000000000000000000, -0.000000000000000000 ) ) ;
#1924 = EDGE_CURVE ( 'NONE', #281, #435, #558, .T. ) ;
#1925 = FACE_OUTER_BOUND ( 'NONE', #1295, .T. ) ;
#1926 = DIRECTION ( 'NONE',  ( 0.000000000000000000, 1.000000000000000000, 0.000000000000000000 ) ) ;
#1927 = ORIENTED_EDGE ( 'NONE', *, *, #1228, .F. ) ;
#1928 = DIRECTION ( 'NONE',  ( 0.000000000000000000, 0.000000000000000000, -1.000000000000000000 ) ) ;
#1929 = DIRECTION ( 'NONE',  ( -0.000000000000000000, -0.000000000000000000, -1.000000000000000000 ) ) ;
#1930 = ADVANCED_FACE ( 'NONE', ( #1199 ), #1817, .F. ) ;
#1931 = EDGE_LOOP ( 'NONE', ( #175, #1468, #617, #378, #12, #1482 ) ) ;
#1932 = EDGE_CURVE ( 'NONE', #705, #138, #1978, .T. ) ;
#1933 = LINE ( 'NONE', #549, #1098 ) ;
#1934 = VERTEX_POINT ( 'NONE', #815 ) ;
#1935 = AXIS2_PLACEMENT_3D ( 'NONE', #240, #1492, #1810 ) ;
#1936 = CARTESIAN_POINT ( 'NONE',  ( 21.80000000000000426, 20.44999999999999574, 32.70000000000000284 ) ) ;
#1937 = AXIS2_PLACEMENT_3D ( 'NONE', #98, #258, #268 ) ;
#1938 = VECTOR ( 'NONE', #54, 1000.000000000000000 ) ;
#1939 = DIRECTION ( 'NONE',  ( 0.000000000000000000, -7.758155080397172067E-17, 1.000000000000000000 ) ) ;
#1940 = VECTOR ( 'NONE', #424, 1000.000000000000000 ) ;
#1941 = LINE ( 'NONE', #1658, #130 ) ;
#1942 = ORIENTED_EDGE ( 'NONE', *, *, #1611, .T. ) ;
#1943 = AXIS2_PLACEMENT_3D ( 'NONE', #1328, #1657, #1950 ) ;
#1944 = AXIS2_PLACEMENT_3D ( 'NONE', #916, #795, #1995 ) ;
#1945 = CARTESIAN_POINT ( 'NONE',  ( 4.800000000000002487, -5.000000000000000000, 15.19999999999999751 ) ) ;
#1946 = EDGE_CURVE ( 'NONE', #1348, #138, #1845, .T. ) ;
#1947 = ORIENTED_EDGE ( 'NONE', *, *, #1800, .T. ) ;
#1948 = CARTESIAN_POINT ( 'NONE',  ( 21.80000000000000426, 11.18000000000000149, 11.92999999999999261 ) ) ;
#1949 = ORIENTED_EDGE ( 'NONE', *, *, #654, .T. ) ;
#1950 = DIRECTION ( 'NONE',  ( -1.000000000000000000, 0.000000000000000000, 0.000000000000000000 ) ) ;
#1951 = LINE ( 'NONE', #1631, #1648 ) ;
#1952 = ORIENTED_EDGE ( 'NONE', *, *, #1888, .T. ) ;
#1953 = AXIS2_PLACEMENT_3D ( 'NONE', #591, #759, #1076 ) ;
#1954 = CARTESIAN_POINT ( 'NONE',  ( 23.79999999999998650, -5.000000000000000000, 28.69999999999999929 ) ) ;
#1955 = EDGE_LOOP ( 'NONE', ( #1550, #829, #627, #1250 ) ) ;
#1956 = ADVANCED_FACE ( 'NONE', ( #657 ), #331, .T. ) ;
#1957 = LINE ( 'NONE', #1364, #1296 ) ;
#1958 = ORIENTED_EDGE ( 'NONE', *, *, #1739, .T. ) ;
#1959 = CARTESIAN_POINT ( 'NONE',  ( 21.80000000000000426, 20.44999999999999574, 0.000000000000000000 ) ) ;
#1960 = LINE ( 'NONE', #861, #686 ) ;
#1961 = ORIENTED_EDGE ( 'NONE', *, *, #715, .T. ) ;
#1962 = EDGE_CURVE ( 'NONE', #1405, #995, #1865, .T. ) ;
#1963 = DIRECTION ( 'NONE',  ( -0.000000000000000000, -0.000000000000000000, 1.000000000000000000 ) ) ;
#1964 = LINE ( 'NONE', #1332, #224 ) ;
#1965 = ORIENTED_EDGE ( 'NONE', *, *, #741, .T. ) ;
#1966 = CARTESIAN_POINT ( 'NONE',  ( -3.000000000000000000, 0.000000000000000000, 32.70000000000000284 ) ) ;
#1967 = ORIENTED_EDGE ( 'NONE', *, *, #1218, .T. ) ;
#1968 = CARTESIAN_POINT ( 'NONE',  ( 21.80000000000000426, 7.758155080397152346E-17, 2.930000000000005489 ) ) ;
#1969 = EDGE_LOOP ( 'NONE', ( #1197, #1443, #569, #1533 ) ) ;
#1970 = EDGE_CURVE ( 'NONE', #839, #1820, #1077, .T. ) ;
#1971 = AXIS2_PLACEMENT_3D ( 'NONE', #1898, #51, #675 ) ;
#1972 = ORIENTED_EDGE ( 'NONE', *, *, #907, .F. ) ;
#1973 = VECTOR ( 'NONE', #1762, 1000.000000000000000 ) ;
#1974 = VECTOR ( 'NONE', #649, 1000.000000000000000 ) ;
#1975 = AXIS2_PLACEMENT_3D ( 'NONE', #179, #812, #1598 ) ;
#1976 = CARTESIAN_POINT ( 'NONE',  ( -6.250000000000001776, 0.000000000000000000, 16.93499999999999872 ) ) ;
#1977 = CONICAL_SURFACE ( 'NONE', #1012, 1.500000000000001332, 0.7853981633974485010 ) ;
#1978 = LINE ( 'NONE', #1395, #456 ) ;
#1979 = VERTEX_POINT ( 'NONE', #1695 ) ;
#1980 = CARTESIAN_POINT ( 'NONE',  ( 0.000000000000000000, 0.000000000000000000, 20.01000000000000156 ) ) ;
#1981 = ORIENTED_EDGE ( 'NONE', *, *, #1297, .T. ) ;
#1982 = DIRECTION ( 'NONE',  ( 1.000000000000000000, 0.000000000000000000, -0.000000000000000000 ) ) ;
#1983 = ORIENTED_EDGE ( 'NONE', *, *, #692, .T. ) ;
#1984 = ADVANCED_FACE ( 'NONE', ( #1414 ), #36, .F. ) ;
#1985 = DIRECTION ( 'NONE',  ( -0.000000000000000000, -1.000000000000000000, -0.000000000000000000 ) ) ;
#1986 = CARTESIAN_POINT ( 'NONE',  ( -9.499999999999998224, 0.000000000000000000, 11.92999999999999972 ) ) ;
#1987 = DIRECTION ( 'NONE',  ( 0.000000000000000000, 0.000000000000000000, -1.000000000000000000 ) ) ;
#1988 = EDGE_CURVE ( 'NONE', #1623, #839, #1855, .T. ) ;
#1989 = EDGE_LOOP ( 'NONE', ( #357, #1539, #546, #1394 ) ) ;
#1990 = CARTESIAN_POINT ( 'NONE',  ( -6.250000000000001776, 0.9999999999999902300, 15.42999999999999972 ) ) ;
#1991 = CARTESIAN_POINT ( 'NONE',  ( 24.59289321881345458, 1.999999999999999556, 12.70000000000000107 ) ) ;
#1992 = ORIENTED_EDGE ( 'NONE', *, *, #1344, .F. ) ;
#1993 = CARTESIAN_POINT ( 'NONE',  ( -6.250000000000001776, 0.9999999999999902300, 15.42999999999999972 ) ) ;
#1994 = ADVANCED_FACE ( 'NONE', ( #1682 ), #296, .F. ) ;
#1995 = DIRECTION ( 'NONE',  ( 0.000000000000000000, 0.000000000000000000, 1.000000000000000000 ) ) ;
#1996 = EDGE_LOOP ( 'NONE', ( #1210, #1271, #1838, #1331, #144, #1981, #498, #277, #1947, #167, #1718, #1965, #965, #47, #13 ) ) ;
#1997 = CARTESIAN_POINT ( 'NONE',  ( 16.80000000000000071, 25.44999999999999574, 32.70000000000000284 ) ) ;
#1998 = CARTESIAN_POINT ( 'NONE',  ( -10.89999999999999680, 0.000000000000000000, 3.929999999999999272 ) ) ;
#1999 = DIRECTION ( 'NONE',  ( 0.000000000000000000, 0.000000000000000000, 1.000000000000000000 ) ) ;
#2000 = VERTEX_POINT ( 'NONE', #1523 ) ;
#2001 = LINE ( 'NONE', #1702, #33 ) ;
#2002 = VECTOR ( 'NONE', #713, 1000.000000000000000 ) ;
#2003 = DIRECTION ( 'NONE',  ( 0.000000000000000000, 0.000000000000000000, 1.000000000000000000 ) ) ;
#2004 = ORIENTED_EDGE ( 'NONE', *, *, #221, .T. ) ;
#2005 = CIRCLE ( 'NONE', #552, 1.500000000000001332 ) ;
ENDSEC;
END-ISO-10303-21;
