ISO-10303-21;
HEADER;
FILE_DESCRIPTION (( 'STEP AP203' ),
    '1' );
FILE_NAME ('D5 - ultrasonic holder final.STEP',
    '2026-05-07T09:36:37',
    ( '' ),
    ( '' ),
    'SwSTEP 2.0',
    'SolidWorks 2025',
    '' );
FILE_SCHEMA (( 'CONFIG_CONTROL_DESIGN' ));
ENDSEC;

DATA;
#1 = ORIENTED_EDGE ( 'NONE', *, *, #290, .F. ) ;
#2 = CARTESIAN_POINT ( 'NONE',  ( 32.70000000000000284, 37.70000000000000995, -2.000000000000000000 ) ) ;
#3 = ADVANCED_FACE ( 'NONE', ( #480 ), #1011, .T. ) ;
#4 = DIRECTION ( 'NONE',  ( 1.000000000000000000, 0.000000000000000000, 0.000000000000000000 ) ) ;
#5 = CARTESIAN_POINT ( 'NONE',  ( 9.999999999999998224, 2.000000000000014655, 5.000000000000000000 ) ) ;
#6 =( NAMED_UNIT ( * ) SI_UNIT ( $, .STERADIAN. ) SOLID_ANGLE_UNIT ( ) );
#7 = ORIENTED_EDGE ( 'NONE', *, *, #256, .F. ) ;
#8 = DIRECTION ( 'NONE',  ( 1.000000000000000000, 0.000000000000000000, 0.000000000000000000 ) ) ;
#9 = AXIS2_PLACEMENT_3D ( 'NONE', #1220, #1472, #284 ) ;
#10 = ORIENTED_EDGE ( 'NONE', *, *, #1477, .F. ) ;
#11 = AXIS2_PLACEMENT_3D ( 'NONE', #1427, #240, #112 ) ;
#12 = DIRECTION ( 'NONE',  ( 1.000000000000000000, 0.000000000000000000, 0.000000000000000000 ) ) ;
#13 = LINE ( 'NONE', #681, #125 ) ;
#14 = EDGE_CURVE ( 'NONE', #1293, #230, #238, .T. ) ;
#15 = CARTESIAN_POINT ( 'NONE',  ( 5.999999999999999112, 3.000000000000000000, 10.00000000000000000 ) ) ;
#16 = APPLICATION_PROTOCOL_DEFINITION ( 'international standard', 'config_control_design', 1994, #879 ) ;
#17 = VERTEX_POINT ( 'NONE', #640 ) ;
#18 = CARTESIAN_POINT ( 'NONE',  ( 23.27000000000000313, 27.50000000000000711, -3.000000000000000000 ) ) ;
#19 = ORIENTED_EDGE ( 'NONE', *, *, #933, .T. ) ;
#20 = CARTESIAN_POINT ( 'NONE',  ( -0.000000000000000000, 2.300000000000007816, 0.000000000000000000 ) ) ;
#21 = CARTESIAN_POINT ( 'NONE',  ( 23.27000000000000313, 27.50000000000000711, -3.000000000000000000 ) ) ;
#22 = EDGE_CURVE ( 'NONE', #1337, #607, #1279, .T. ) ;
#23 = DIRECTION ( 'NONE',  ( 1.000000000000000000, 0.000000000000000000, 0.000000000000000000 ) ) ;
#24 = PERSON_AND_ORGANIZATION ( #1483, #1701 ) ;
#25 = ORIENTED_EDGE ( 'NONE', *, *, #1147, .T. ) ;
#26 = EDGE_CURVE ( 'NONE', #1173, #732, #1304, .T. ) ;
#27 = DIRECTION ( 'NONE',  ( 0.000000000000000000, 0.000000000000000000, -1.000000000000000000 ) ) ;
#28 = EDGE_LOOP ( 'NONE', ( #1694, #672, #889, #1603 ) ) ;
#29 = CARTESIAN_POINT ( 'NONE',  ( 9.999999999999998224, 2.000000000000014655, 5.000000000000000000 ) ) ;
#30 = CARTESIAN_POINT ( 'NONE',  ( 3.000000000000000000, 2.468259366592385984, -3.000000000000000000 ) ) ;
#31 = CARTESIAN_POINT ( 'NONE',  ( -15.00000000000000355, 45.00000000000000711, -1.000000000000000000 ) ) ;
#32 = DATE_AND_TIME ( #592, #33 ) ;
#33 = LOCAL_TIME ( 11, 36, 37.00000000000000000, #584 ) ;
#34 = DIRECTION ( 'NONE',  ( 0.000000000000000000, 1.000000000000000000, -0.000000000000000000 ) ) ;
#35 = EDGE_LOOP ( 'NONE', ( #959, #1051, #447, #812 ) ) ;
#36 = CC_DESIGN_PERSON_AND_ORGANIZATION_ASSIGNMENT ( #726, #432, ( #1094 ) ) ;
#37 = CLOSED_SHELL ( 'NONE', ( #667, #947, #179, #492, #1089, #451, #3, #1169, #609, #842, #1112, #1612, #652, #1092, #916, #1210, #949, #1202, #1263, #1442, #167, #449, #1673, #404, #1348, #1300, #859, #709, #741, #1528, #321, #70, #457, #339, #588, #48, #83, #523, #1517, #526, #1434, #991, #314, #1122, #1325, #1601, #882, #324, #1274 ) ) ;
#38 = CARTESIAN_POINT ( 'NONE',  ( 0.000000000000000000, 2.300000000000007816, -2.000000000000000000 ) ) ;
#39 = VECTOR ( 'NONE', #1317, 1000.000000000000000 ) ;
#40 = CARTESIAN_POINT ( 'NONE',  ( 34.00000000000000000, 0.000000000000000000, -1.000000000000000000 ) ) ;
#41 = AXIS2_PLACEMENT_3D ( 'NONE', #569, #420, #835 ) ;
#42 = VECTOR ( 'NONE', #1660, 1000.000000000000000 ) ;
#43 = DIRECTION ( 'NONE',  ( -0.000000000000000000, -0.000000000000000000, 1.000000000000000000 ) ) ;
#44 = PERSON_AND_ORGANIZATION_ROLE ( 'classification_officer' ) ;
#45 = MANIFOLD_SOLID_BREP ( 'Cut-Extrude5', #37 ) ;
#46 = DIRECTION ( 'NONE',  ( 1.000000000000000000, 0.000000000000000000, 0.000000000000000000 ) ) ;
#47 = ORIENTED_EDGE ( 'NONE', *, *, #215, .T. ) ;
#48 = ADVANCED_FACE ( 'NONE', ( #802 ), #657, .F. ) ;
#49 = CYLINDRICAL_SURFACE ( 'NONE', #1159, 8.000000000000003553 ) ;
#50 = DIRECTION ( 'NONE',  ( 1.000000000000000000, 8.673617379884035472E-16, 0.000000000000000000 ) ) ;
#51 = VECTOR ( 'NONE', #830, 1000.000000000000000 ) ;
#52 = LINE ( 'NONE', #214, #1043 ) ;
#53 = CALENDAR_DATE ( 2026, 7, 5 ) ;
#54 = CARTESIAN_POINT ( 'NONE',  ( -12.69999999999999751, 17.30000000000000426, 0.000000000000000000 ) ) ;
#55 = EDGE_LOOP ( 'NONE', ( #770, #1163, #921, #236 ) ) ;
#56 = CARTESIAN_POINT ( 'NONE',  ( 15.10000000000000497, 34.85000000000000853, -3.000000000000000000 ) ) ;
#57 = EDGE_CURVE ( 'NONE', #1293, #1258, #1539, .T. ) ;
#58 = PLANE ( 'NONE',  #67 ) ;
#59 = VERTEX_POINT ( 'NONE', #1470 ) ;
#60 = DIRECTION ( 'NONE',  ( 0.000000000000000000, 0.000000000000000000, -1.000000000000000000 ) ) ;
#61 = DIRECTION ( 'NONE',  ( 0.000000000000000000, -1.000000000000000000, 0.000000000000000000 ) ) ;
#62 = EDGE_LOOP ( 'NONE', ( #748, #1146, #454, #376 ) ) ;
#63 = ORIENTED_EDGE ( 'NONE', *, *, #1001, .F. ) ;
#64 = CARTESIAN_POINT ( 'NONE',  ( 23.27000000000000313, 27.50000000000000711, -3.000000000000000000 ) ) ;
#65 = DIRECTION ( 'NONE',  ( 1.370380087980770468E-15, -1.000000000000000000, 0.000000000000000000 ) ) ;
#66 = ORIENTED_EDGE ( 'NONE', *, *, #621, .T. ) ;
#67 = AXIS2_PLACEMENT_3D ( 'NONE', #320, #990, #739 ) ;
#68 = VECTOR ( 'NONE', #1403, 1000.000000000000000 ) ;
#69 = CIRCLE ( 'NONE', #1715, 1.999999999999999112 ) ;
#70 = ADVANCED_FACE ( 'NONE', ( #1451 ), #1298, .F. ) ;
#71 = PLANE ( 'NONE',  #826 ) ;
#72 = AXIS2_PLACEMENT_3D ( 'NONE', #1346, #1489, #175 ) ;
#73 = DIRECTION ( 'NONE',  ( 0.000000000000000000, 0.000000000000000000, -1.000000000000000000 ) ) ;
#74 = VERTEX_POINT ( 'NONE', #1711 ) ;
#75 = VECTOR ( 'NONE', #539, 1000.000000000000000 ) ;
#76 = CIRCLE ( 'NONE', #752, 8.000000000000000000 ) ;
#77 = VERTEX_POINT ( 'NONE', #1721 ) ;
#78 = CARTESIAN_POINT ( 'NONE',  ( -3.269999999999998685, 27.50000000000000355, -3.000000000000000000 ) ) ;
#79 = DIRECTION ( 'NONE',  ( -0.000000000000000000, 0.000000000000000000, 1.000000000000000000 ) ) ;
#80 = ORIENTED_EDGE ( 'NONE', *, *, #820, .F. ) ;
#81 = CARTESIAN_POINT ( 'NONE',  ( 14.99999999999999289, 4.999999999999998224, -3.000000000000000000 ) ) ;
#82 = EDGE_CURVE ( 'NONE', #1556, #900, #1680, .T. ) ;
#83 = ADVANCED_FACE ( 'NONE', ( #1335 ), #915, .F. ) ;
#84 = PLANE ( 'NONE',  #443 ) ;
#85 = ORIENTED_EDGE ( 'NONE', *, *, #113, .F. ) ;
#86 = EDGE_CURVE ( 'NONE', #1273, #1605, #261, .T. ) ;
#87 = ORIENTED_EDGE ( 'NONE', *, *, #510, .T. ) ;
#88 = DIRECTION ( 'NONE',  ( 0.000000000000000000, 0.000000000000000000, 1.000000000000000000 ) ) ;
#89 = DIRECTION ( 'NONE',  ( 1.000000000000000000, 0.000000000000000000, 0.000000000000000000 ) ) ;
#90 = ORIENTED_EDGE ( 'NONE', *, *, #1025, .T. ) ;
#91 = DIRECTION ( 'NONE',  ( -1.000000000000000000, 0.000000000000000000, -0.000000000000000000 ) ) ;
#92 = DIRECTION ( 'NONE',  ( 0.000000000000000000, 0.000000000000000000, -1.000000000000000000 ) ) ;
#93 = VERTEX_POINT ( 'NONE', #648 ) ;
#94 = VERTEX_POINT ( 'NONE', #905 ) ;
#95 = EDGE_CURVE ( 'NONE', #744, #1414, #792, .T. ) ;
#96 = CC_DESIGN_DATE_AND_TIME_ASSIGNMENT ( #296, #162, ( #1618 ) ) ;
#97 = VERTEX_POINT ( 'NONE', #1730 ) ;
#98 = ORIENTED_EDGE ( 'NONE', *, *, #597, .F. ) ;
#99 = DIRECTION ( 'NONE',  ( 0.000000000000000000, 0.000000000000000000, -1.000000000000000000 ) ) ;
#100 = DIRECTION ( 'NONE',  ( -1.000000000000000000, 0.000000000000000000, 0.000000000000000000 ) ) ;
#101 = EDGE_LOOP ( 'NONE', ( #138, #1729, #1388, #239 ) ) ;
#102 = ORIENTED_EDGE ( 'NONE', *, *, #574, .F. ) ;
#103 = EDGE_CURVE ( 'NONE', #508, #1273, #126, .T. ) ;
#104 = LINE ( 'NONE', #658, #39 ) ;
#105 = ORIENTED_EDGE ( 'NONE', *, *, #788, .F. ) ;
#106 = DIRECTION ( 'NONE',  ( 1.156482317317871478E-16, -1.000000000000000000, 0.000000000000000000 ) ) ;
#107 = DIRECTION ( 'NONE',  ( -1.000000000000000000, 0.000000000000000000, 0.000000000000000000 ) ) ;
#108 = ORIENTED_EDGE ( 'NONE', *, *, #169, .F. ) ;
#109 = CARTESIAN_POINT ( 'NONE',  ( 5.999999999999999112, 0.000000000000000000, 10.00000000000000000 ) ) ;
#110 = EDGE_CURVE ( 'NONE', #1337, #624, #1569, .T. ) ;
#111 = ORIENTED_EDGE ( 'NONE', *, *, #623, .F. ) ;
#112 = DIRECTION ( 'NONE',  ( 1.000000000000000000, 1.528390727732869609E-16, 0.000000000000000000 ) ) ;
#113 = EDGE_CURVE ( 'NONE', #74, #97, #384, .T. ) ;
#114 = LINE ( 'NONE', #1690, #380 ) ;
#115 = CARTESIAN_POINT ( 'NONE',  ( 16.99999999999999645, 2.468259366592386428, -3.000000000000000000 ) ) ;
#116 = ORIENTED_EDGE ( 'NONE', *, *, #468, .T. ) ;
#117 = CARTESIAN_POINT ( 'NONE',  ( 5.999999999999999112, 0.000000000000000000, 10.00000000000000000 ) ) ;
#118 = LOCAL_TIME ( 11, 36, 37.00000000000000000, #189 ) ;
#119 = ORIENTED_EDGE ( 'NONE', *, *, #1508, .F. ) ;
#120 = CARTESIAN_POINT ( 'NONE',  ( 4.992909628044865933, 2.300000000000007816, -3.000000000000000000 ) ) ;
#121 = AXIS2_PLACEMENT_3D ( 'NONE', #876, #223, #755 ) ;
#122 = FACE_OUTER_BOUND ( 'NONE', #1385, .T. ) ;
#123 = CARTESIAN_POINT ( 'NONE',  ( 23.27000000000000313, 27.50000000000000711, -2.000000000000000000 ) ) ;
#124 = VERTEX_POINT ( 'NONE', #399 ) ;
#125 = VECTOR ( 'NONE', #1364, 1000.000000000000000 ) ;
#126 = LINE ( 'NONE', #669, #183 ) ;
#127 = VECTOR ( 'NONE', #1149, 1000.000000000000000 ) ;
#128 = EDGE_LOOP ( 'NONE', ( #263, #736, #1334, #567 ) ) ;
#129 = VECTOR ( 'NONE', #1484, 1000.000000000000000 ) ;
#130 = CIRCLE ( 'NONE', #306, 1.000000000000000000 ) ;
#131 = LINE ( 'NONE', #1168, #152 ) ;
#132 = ADVANCED_BREP_SHAPE_REPRESENTATION ( 'D5 - ultrasonic holder final', ( #45, #1308 ), #769 ) ;
#133 = CARTESIAN_POINT ( 'NONE',  ( 5.999999999999999112, 3.000000000000000000, 10.00000000000000000 ) ) ;
#134 = FACE_OUTER_BOUND ( 'NONE', #1225, .T. ) ;
#135 = VERTEX_POINT ( 'NONE', #684 ) ;
#136 = CARTESIAN_POINT ( 'NONE',  ( 20.00000000000000000, 0.000000000000000000, -3.000000000000000000 ) ) ;
#137 = EDGE_CURVE ( 'NONE', #1327, #618, #1207, .T. ) ;
#138 = ORIENTED_EDGE ( 'NONE', *, *, #1443, .F. ) ;
#139 = CIRCLE ( 'NONE', #1386, 2.000000000000005329 ) ;
#140 = CARTESIAN_POINT ( 'NONE',  ( 19.00000000000000000, 2.468259366592386428, 0.000000000000000000 ) ) ;
#141 = CARTESIAN_POINT ( 'NONE',  ( 20.00000000000000000, 10.00000000000000000, -3.000000000000000000 ) ) ;
#142 = FACE_OUTER_BOUND ( 'NONE', #627, .T. ) ;
#143 = EDGE_LOOP ( 'NONE', ( #350, #382, #116, #946 ) ) ;
#144 = CARTESIAN_POINT ( 'NONE',  ( 0.000000000000000000, 10.00000000000000000, -3.000000000000000000 ) ) ;
#145 = EDGE_LOOP ( 'NONE', ( #1040, #937, #1342, #1714, #311, #340 ) ) ;
#146 = EDGE_CURVE ( 'NONE', #758, #1659, #1075, .T. ) ;
#147 = PLANE ( 'NONE',  #9 ) ;
#148 = FACE_BOUND ( 'NONE', #1684, .T. ) ;
#149 = CYLINDRICAL_SURFACE ( 'NONE', #1630, 8.000000000000000000 ) ;
#150 = COORDINATED_UNIVERSAL_TIME_OFFSET ( 1, 0, .AHEAD. ) ;
#151 = ORIENTED_EDGE ( 'NONE', *, *, #521, .F. ) ;
#152 = VECTOR ( 'NONE', #503, 1000.000000000000000 ) ;
#153 = CARTESIAN_POINT ( 'NONE',  ( 9.999999999999998224, 3.000000000000000000, 2.500000000000004885 ) ) ;
#154 = ORIENTED_EDGE ( 'NONE', *, *, #170, .T. ) ;
#155 = CIRCLE ( 'NONE', #1213, 1.500000000000000444 ) ;
#156 = VECTOR ( 'NONE', #1456, 1000.000000000000000 ) ;
#157 = PRODUCT_DEFINITION_SHAPE ( 'NONE', 'NONE',  #1094 ) ;
#158 = DIRECTION ( 'NONE',  ( -1.000000000000000000, 0.000000000000000000, 0.000000000000000000 ) ) ;
#159 = AXIS2_PLACEMENT_3D ( 'NONE', #115, #88, #361 ) ;
#160 = CARTESIAN_POINT ( 'NONE',  ( 23.27000000000000313, 27.50000000000000711, -3.000000000000000000 ) ) ;
#161 = DIRECTION ( 'NONE',  ( 0.000000000000000000, 1.000000000000000000, 0.000000000000000000 ) ) ;
#162 = DATE_TIME_ROLE ( 'classification_date' ) ;
#163 = ORIENTED_EDGE ( 'NONE', *, *, #267, .T. ) ;
#164 = CARTESIAN_POINT ( 'NONE',  ( 16.99999999999999645, 4.999999999999999112, -2.000000000000000000 ) ) ;
#165 = ORIENTED_EDGE ( 'NONE', *, *, #634, .F. ) ;
#166 = PLANE ( 'NONE',  #1653 ) ;
#167 = ADVANCED_FACE ( 'NONE', ( #1460 ), #1326, .T. ) ;
#168 = CARTESIAN_POINT ( 'NONE',  ( 13.25000000000000533, 33.00000000000000000, -2.000000000000000000 ) ) ;
#169 = EDGE_CURVE ( 'NONE', #533, #1395, #948, .T. ) ;
#170 = EDGE_CURVE ( 'NONE', #135, #1249, #1032, .T. ) ;
#171 = LINE ( 'NONE', #562, #220 ) ;
#172 = APPROVAL_STATUS ( 'not_yet_approved' ) ;
#173 = CARTESIAN_POINT ( 'NONE',  ( 14.99999999999999289, 4.999999999999998224, -3.000000000000000000 ) ) ;
#174 = ORIENTED_EDGE ( 'NONE', *, *, #1192, .T. ) ;
#175 = DIRECTION ( 'NONE',  ( 1.000000000000000000, 0.000000000000000000, 0.000000000000000000 ) ) ;
#176 = FACE_OUTER_BOUND ( 'NONE', #928, .T. ) ;
#177 = CARTESIAN_POINT ( 'NONE',  ( 5.999999999999999112, 3.000000000000000000, 0.000000000000000000 ) ) ;
#178 = APPROVAL_DATE_TIME ( #1116, #977 ) ;
#179 = ADVANCED_FACE ( 'NONE', ( #1631 ), #453, .F. ) ;
#180 = EDGE_CURVE ( 'NONE', #1249, #624, #1248, .T. ) ;
#181 = CARTESIAN_POINT ( 'NONE',  ( -12.69999999999999751, 17.30000000000000426, -2.000000000000000000 ) ) ;
#182 = VERTEX_POINT ( 'NONE', #173 ) ;
#183 = VECTOR ( 'NONE', #392, 1000.000000000000000 ) ;
#184 = FACE_OUTER_BOUND ( 'NONE', #128, .T. ) ;
#185 = CIRCLE ( 'NONE', #1431, 2.499999999999995115 ) ;
#186 = PLANE ( 'NONE',  #1541 ) ;
#187 = VECTOR ( 'NONE', #847, 1000.000000000000000 ) ;
#188 = DIRECTION ( 'NONE',  ( 1.528390727732869609E-16, -1.000000000000000000, 0.000000000000000000 ) ) ;
#189 = COORDINATED_UNIVERSAL_TIME_OFFSET ( 1, 0, .AHEAD. ) ;
#190 = DIRECTION ( 'NONE',  ( -0.000000000000000000, -0.000000000000000000, 1.000000000000000000 ) ) ;
#191 = ORIENTED_EDGE ( 'NONE', *, *, #215, .F. ) ;
#192 = EDGE_CURVE ( 'NONE', #182, #94, #1239, .T. ) ;
#193 = FACE_OUTER_BOUND ( 'NONE', #1597, .T. ) ;
#194 = FACE_OUTER_BOUND ( 'NONE', #370, .T. ) ;
#195 = ORIENTED_EDGE ( 'NONE', *, *, #903, .F. ) ;
#196 = CARTESIAN_POINT ( 'NONE',  ( -12.69999999999999751, 17.30000000000000426, -2.000000000000000000 ) ) ;
#197 = DIRECTION ( 'NONE',  ( 0.000000000000000000, 1.000000000000000000, -0.000000000000000000 ) ) ;
#198 = VERTEX_POINT ( 'NONE', #1117 ) ;
#199 = EDGE_LOOP ( 'NONE', ( #409, #930, #995, #535 ) ) ;
#200 = DIRECTION ( 'NONE',  ( 0.000000000000000000, 1.000000000000000000, 0.000000000000000000 ) ) ;
#201 = EDGE_CURVE ( 'NONE', #744, #745, #1497, .T. ) ;
#202 = CC_DESIGN_DATE_AND_TIME_ASSIGNMENT ( #816, #1341, ( #1094 ) ) ;
#203 = DIRECTION ( 'NONE',  ( -3.401418580346680326E-16, 1.000000000000000000, 0.000000000000000000 ) ) ;
#204 = ORIENTED_EDGE ( 'NONE', *, *, #699, .F. ) ;
#205 = CARTESIAN_POINT ( 'NONE',  ( 6.749999999999997335, 33.00000000000000000, -2.000000000000000000 ) ) ;
#206 = LINE ( 'NONE', #235, #1050 ) ;
#207 = ORIENTED_EDGE ( 'NONE', *, *, #1401, .T. ) ;
#208 = ORIENTED_EDGE ( 'NONE', *, *, #331, .T. ) ;
#209 = CARTESIAN_POINT ( 'NONE',  ( 19.00000000000000000, 4.999999999999999112, -3.000000000000000000 ) ) ;
#210 = CARTESIAN_POINT ( 'NONE',  ( 16.99999999999999645, 2.468259366592386428, -2.000000000000000000 ) ) ;
#211 = EDGE_CURVE ( 'NONE', #1294, #1391, #1100, .T. ) ;
#212 = VERTEX_POINT ( 'NONE', #1613 ) ;
#213 = AXIS2_PLACEMENT_3D ( 'NONE', #1398, #79, #1651 ) ;
#214 = CARTESIAN_POINT ( 'NONE',  ( 13.99999999999999822, 0.000000000000000000, 0.000000000000000000 ) ) ;
#215 = EDGE_CURVE ( 'NONE', #1605, #1418, #851, .T. ) ;
#216 = AXIS2_PLACEMENT_3D ( 'NONE', #388, #1576, #918 ) ;
#217 = VECTOR ( 'NONE', #1578, 1000.000000000000000 ) ;
#218 = DIRECTION ( 'NONE',  ( -1.000000000000000000, -1.445602896647339163E-16, 0.000000000000000000 ) ) ;
#219 = VERTEX_POINT ( 'NONE', #325 ) ;
#220 = VECTOR ( 'NONE', #445, 1000.000000000000000 ) ;
#221 = CIRCLE ( 'NONE', #751, 1.850000000000004530 ) ;
#222 = AXIS2_PLACEMENT_3D ( 'NONE', #497, #761, #92 ) ;
#223 = DIRECTION ( 'NONE',  ( -1.000000000000000000, 3.425950219951921734E-16, 0.000000000000000000 ) ) ;
#224 = CARTESIAN_POINT ( 'NONE',  ( 13.99999999999999822, 3.000000000000000000, 0.000000000000000000 ) ) ;
#225 = LINE ( 'NONE', #1281, #575 ) ;
#226 = EDGE_LOOP ( 'NONE', ( #119, #1059, #90, #594 ) ) ;
#227 = DIRECTION ( 'NONE',  ( 0.000000000000000000, -1.000000000000000000, 0.000000000000000000 ) ) ;
#228 = EDGE_CURVE ( 'NONE', #1254, #898, #446, .T. ) ;
#229 = DIRECTION ( 'NONE',  ( -0.000000000000000000, 1.000000000000000000, -0.000000000000000000 ) ) ;
#230 = VERTEX_POINT ( 'NONE', #1504 ) ;
#231 = VERTEX_POINT ( 'NONE', #1108 ) ;
#232 = EDGE_LOOP ( 'NONE', ( #500, #85, #917, #1725 ) ) ;
#233 = ORIENTED_EDGE ( 'NONE', *, *, #1415, .T. ) ;
#234 = FACE_OUTER_BOUND ( 'NONE', #35, .T. ) ;
#235 = CARTESIAN_POINT ( 'NONE',  ( 0.000000000000000000, 0.000000000000000000, 0.000000000000000000 ) ) ;
#236 = ORIENTED_EDGE ( 'NONE', *, *, #631, .F. ) ;
#237 = EDGE_CURVE ( 'NONE', #839, #1395, #1091, .T. ) ;
#238 = LINE ( 'NONE', #1527, #932 ) ;
#239 = ORIENTED_EDGE ( 'NONE', *, *, #1454, .T. ) ;
#240 = DIRECTION ( 'NONE',  ( 1.528390727732869609E-16, -1.000000000000000000, 0.000000000000000000 ) ) ;
#241 = VECTOR ( 'NONE', #12, 1000.000000000000000 ) ;
#242 = AXIS2_PLACEMENT_3D ( 'NONE', #196, #188, #619 ) ;
#243 = FACE_BOUND ( 'NONE', #1499, .T. ) ;
#244 = ORIENTED_EDGE ( 'NONE', *, *, #403, .F. ) ;
#245 = EDGE_CURVE ( 'NONE', #1030, #1549, #310, .T. ) ;
#246 = DIRECTION ( 'NONE',  ( 1.000000000000000000, 0.000000000000000000, 0.000000000000000000 ) ) ;
#247 = EDGE_CURVE ( 'NONE', #1003, #1190, #139, .T. ) ;
#248 = ORIENTED_EDGE ( 'NONE', *, *, #650, .T. ) ;
#249 = CARTESIAN_POINT ( 'NONE',  ( -0.000000000000000000, 10.00000000000000000, -3.000000000000000000 ) ) ;
#250 = CARTESIAN_POINT ( 'NONE',  ( 3.000000000000004441, 17.30000000000000782, -2.000000000000000000 ) ) ;
#251 = LINE ( 'NONE', #1048, #217 ) ;
#252 = ORIENTED_EDGE ( 'NONE', *, *, #110, .T. ) ;
#253 = DIRECTION ( 'NONE',  ( 1.000000000000000000, 0.000000000000000000, 0.000000000000000000 ) ) ;
#254 = DIRECTION ( 'NONE',  ( 1.000000000000000000, 0.000000000000000000, 0.000000000000000000 ) ) ;
#255 = VERTEX_POINT ( 'NONE', #585 ) ;
#256 = EDGE_CURVE ( 'NONE', #1273, #1254, #435, .T. ) ;
#257 = FACE_OUTER_BOUND ( 'NONE', #1666, .T. ) ;
#258 = DIRECTION ( 'NONE',  ( 1.000000000000000000, 0.000000000000000000, 0.000000000000000000 ) ) ;
#259 = CARTESIAN_POINT ( 'NONE',  ( 1.000000000000000444, 5.000000000000000000, 0.000000000000000000 ) ) ;
#260 = ORIENTED_EDGE ( 'NONE', *, *, #169, .T. ) ;
#261 = LINE ( 'NONE', #1052, #659 ) ;
#262 = PLANE ( 'NONE',  #796 ) ;
#263 = ORIENTED_EDGE ( 'NONE', *, *, #719, .T. ) ;
#264 = EDGE_CURVE ( 'NONE', #1282, #642, #593, .T. ) ;
#265 = EDGE_CURVE ( 'NONE', #1031, #1084, #1226, .T. ) ;
#266 = CYLINDRICAL_SURFACE ( 'NONE', #1407, 1.500000000000000444 ) ;
#267 = EDGE_CURVE ( 'NONE', #1242, #1495, #950, .T. ) ;
#268 = FACE_OUTER_BOUND ( 'NONE', #145, .T. ) ;
#269 = LINE ( 'NONE', #1728, #1186 ) ;
#270 = ORIENTED_EDGE ( 'NONE', *, *, #935, .T. ) ;
#271 = VECTOR ( 'NONE', #1358, 1000.000000000000000 ) ;
#272 = CARTESIAN_POINT ( 'NONE',  ( 6.750000000000000888, 34.85000000000000853, -3.000000000000000000 ) ) ;
#273 = ORIENTED_EDGE ( 'NONE', *, *, #201, .F. ) ;
#274 = VECTOR ( 'NONE', #1410, 1000.000000000000000 ) ;
#275 = CYLINDRICAL_SURFACE ( 'NONE', #462, 1.000000000000000000 ) ;
#276 = DIRECTION ( 'NONE',  ( 0.000000000000000000, -1.000000000000000000, 0.000000000000000000 ) ) ;
#277 = DIRECTION ( 'NONE',  ( 1.000000000000000000, 0.000000000000000000, 0.000000000000000000 ) ) ;
#278 = CARTESIAN_POINT ( 'NONE',  ( 5.999999999999999112, 3.000000000000000000, 10.00000000000000000 ) ) ;
#279 = VERTEX_POINT ( 'NONE', #153 ) ;
#280 = EDGE_CURVE ( 'NONE', #124, #59, #694, .T. ) ;
#281 = DIRECTION ( 'NONE',  ( 0.000000000000000000, 0.000000000000000000, -1.000000000000000000 ) ) ;
#282 = ORIENTED_EDGE ( 'NONE', *, *, #482, .F. ) ;
#283 = AXIS2_PLACEMENT_3D ( 'NONE', #136, #678, #1433 ) ;
#284 = DIRECTION ( 'NONE',  ( -1.000000000000000000, -1.528390727732869855E-16, 0.000000000000000000 ) ) ;
#285 = FACE_BOUND ( 'NONE', #485, .T. ) ;
#286 = DIRECTION ( 'NONE',  ( -8.564875549879810497E-17, -1.000000000000000000, 0.000000000000000000 ) ) ;
#287 = CALENDAR_DATE ( 2026, 7, 5 ) ;
#288 = ORIENTED_EDGE ( 'NONE', *, *, #1134, .T. ) ;
#289 = DIRECTION ( 'NONE',  ( 0.000000000000000000, 0.000000000000000000, 1.000000000000000000 ) ) ;
#290 = EDGE_CURVE ( 'NONE', #711, #1282, #893, .T. ) ;
#291 = EDGE_LOOP ( 'NONE', ( #576, #1561, #489, #550, #87 ) ) ;
#292 = CARTESIAN_POINT ( 'NONE',  ( 17.00000000000000355, 17.30000000000000426, -2.000000000000000000 ) ) ;
#293 = APPROVAL_PERSON_ORGANIZATION ( #827, #977, #563 ) ;
#294 = LINE ( 'NONE', #814, #271 ) ;
#295 = CARTESIAN_POINT ( 'NONE',  ( 19.00000000000000000, 0.000000000000000000, -3.000000000000000000 ) ) ;
#296 = DATE_AND_TIME ( #53, #1066 ) ;
#297 = ORIENTED_EDGE ( 'NONE', *, *, #1709, .T. ) ;
#298 = DIRECTION ( 'NONE',  ( 0.000000000000000000, 1.000000000000000000, -0.000000000000000000 ) ) ;
#299 = VECTOR ( 'NONE', #806, 1000.000000000000000 ) ;
#300 = ORIENTED_EDGE ( 'NONE', *, *, #264, .F. ) ;
#301 = CIRCLE ( 'NONE', #1654, 2.499999999999995115 ) ;
#302 = DIRECTION ( 'NONE',  ( 0.000000000000000000, 0.000000000000000000, 1.000000000000000000 ) ) ;
#303 = AXIS2_PLACEMENT_3D ( 'NONE', #578, #996, #729 ) ;
#304 = EDGE_CURVE ( 'NONE', #720, #666, #710, .T. ) ;
#305 = CARTESIAN_POINT ( 'NONE',  ( -11.26999999999999957, 27.50000000000000355, -2.000000000000000000 ) ) ;
#306 = AXIS2_PLACEMENT_3D ( 'NONE', #638, #856, #367 ) ;
#307 = LINE ( 'NONE', #690, #582 ) ;
#308 = APPROVAL_STATUS ( 'not_yet_approved' ) ;
#309 = ORIENTED_EDGE ( 'NONE', *, *, #1722, .T. ) ;
#310 = LINE ( 'NONE', #1376, #1110 ) ;
#311 = ORIENTED_EDGE ( 'NONE', *, *, #1365, .T. ) ;
#312 = DIRECTION ( 'NONE',  ( 1.000000000000000000, 0.000000000000000000, 0.000000000000000000 ) ) ;
#313 = FACE_OUTER_BOUND ( 'NONE', #393, .T. ) ;
#314 = ADVANCED_FACE ( 'NONE', ( #573 ), #1417, .T. ) ;
#315 = EDGE_CURVE ( 'NONE', #1233, #720, #206, .T. ) ;
#316 = CARTESIAN_POINT ( 'NONE',  ( -14.00000000000000178, 10.00000000000000000, 0.000000000000000000 ) ) ;
#317 = CARTESIAN_POINT ( 'NONE',  ( 15.00000000000000000, 2.055570131971155821E-14, -3.000000000000000000 ) ) ;
#318 = VERTEX_POINT ( 'NONE', #1657 ) ;
#319 = DIRECTION ( 'NONE',  ( -1.000000000000000000, 0.000000000000000000, -0.000000000000000000 ) ) ;
#320 = CARTESIAN_POINT ( 'NONE',  ( 0.000000000000000000, 10.00000000000000000, -3.000000000000000000 ) ) ;
#321 = ADVANCED_FACE ( 'NONE', ( #1144 ), #1000, .F. ) ;
#322 = CARTESIAN_POINT ( 'NONE',  ( 1.000000000000000444, 5.000000000000000000, -3.000000000000000000 ) ) ;
#323 = APPROVAL_DATE_TIME ( #1353, #1710 ) ;
#324 = ADVANCED_FACE ( 'NONE', ( #1008 ), #1551, .F. ) ;
#325 = CARTESIAN_POINT ( 'NONE',  ( 5.999999999999999112, 3.000000000000000000, 0.000000000000000000 ) ) ;
#326 = ORIENTED_EDGE ( 'NONE', *, *, #331, .F. ) ;
#327 = DIRECTION ( 'NONE',  ( 1.000000000000000000, 0.000000000000000000, 0.000000000000000000 ) ) ;
#328 = CARTESIAN_POINT ( 'NONE',  ( 5.999999999999999112, 0.000000000000000000, 10.00000000000000000 ) ) ;
#329 = PLANE ( 'NONE',  #11 ) ;
#330 = DIRECTION ( 'NONE',  ( 0.000000000000000000, 0.000000000000000000, -1.000000000000000000 ) ) ;
#331 = EDGE_CURVE ( 'NONE', #557, #279, #613, .T. ) ;
#332 = ORIENTED_EDGE ( 'NONE', *, *, #57, .T. ) ;
#333 = CARTESIAN_POINT ( 'NONE',  ( 34.00000000000000000, 10.00000000000000000, -1.000000000000000000 ) ) ;
#334 = PLANE ( 'NONE',  #603 ) ;
#335 = ORIENTED_EDGE ( 'NONE', *, *, #353, .F. ) ;
#336 = FACE_OUTER_BOUND ( 'NONE', #28, .T. ) ;
#337 = DIRECTION ( 'NONE',  ( 0.000000000000000000, -0.000000000000000000, -1.000000000000000000 ) ) ;
#338 = ORIENTED_EDGE ( 'NONE', *, *, #304, .F. ) ;
#339 = ADVANCED_FACE ( 'NONE', ( #470 ), #1284, .F. ) ;
#340 = ORIENTED_EDGE ( 'NONE', *, *, #423, .T. ) ;
#341 = CARTESIAN_POINT ( 'NONE',  ( 35.00000000000000000, 10.00000000000000000, -1.000000000000000000 ) ) ;
#342 = DIRECTION ( 'NONE',  ( 0.000000000000000000, -1.000000000000000000, 0.000000000000000000 ) ) ;
#343 = ORIENTED_EDGE ( 'NONE', *, *, #1366, .F. ) ;
#344 = DIRECTION ( 'NONE',  ( 0.000000000000000000, 0.000000000000000000, -1.000000000000000000 ) ) ;
#345 = CARTESIAN_POINT ( 'NONE',  ( 6.750000000000000888, 36.70000000000000995, -3.000000000000000000 ) ) ;
#346 = ORIENTED_EDGE ( 'NONE', *, *, #1221, .T. ) ;
#347 = ORIENTED_EDGE ( 'NONE', *, *, #1645, .F. ) ;
#348 = DIRECTION ( 'NONE',  ( 0.000000000000000000, 0.000000000000000000, 1.000000000000000000 ) ) ;
#349 = DIRECTION ( 'NONE',  ( 0.000000000000000000, 1.000000000000000000, 0.000000000000000000 ) ) ;
#350 = ORIENTED_EDGE ( 'NONE', *, *, #896, .T. ) ;
#351 = CIRCLE ( 'NONE', #213, 2.000000000000000000 ) ;
#352 = EDGE_CURVE ( 'NONE', #1254, #1418, #1533, .T. ) ;
#353 = EDGE_CURVE ( 'NONE', #230, #1068, #76, .T. ) ;
#354 = DIRECTION ( 'NONE',  ( 0.000000000000000000, 1.000000000000000000, 0.000000000000000000 ) ) ;
#355 = VECTOR ( 'NONE', #1594, 1000.000000000000000 ) ;
#356 = CARTESIAN_POINT ( 'NONE',  ( 5.999999999999999112, 0.000000000000000000, 10.00000000000000000 ) ) ;
#357 = ORIENTED_EDGE ( 'NONE', *, *, #103, .T. ) ;
#358 = CONICAL_SURFACE ( 'NONE', #804, 1.500000000000000444, 0.7853981633974530530 ) ;
#359 = AXIS2_PLACEMENT_3D ( 'NONE', #1423, #768, #330 ) ;
#360 = ORIENTED_EDGE ( 'NONE', *, *, #481, .T. ) ;
#361 = DIRECTION ( 'NONE',  ( 1.000000000000000000, 0.000000000000000000, 0.000000000000000000 ) ) ;
#362 = ORIENTED_EDGE ( 'NONE', *, *, #976, .F. ) ;
#363 = ORIENTED_EDGE ( 'NONE', *, *, #57, .F. ) ;
#364 = AXIS2_PLACEMENT_3D ( 'NONE', #1519, #1384, #73 ) ;
#365 = FACE_BOUND ( 'NONE', #647, .T. ) ;
#366 = VECTOR ( 'NONE', #969, 1000.000000000000000 ) ;
#367 = DIRECTION ( 'NONE',  ( 0.000000000000000000, 0.000000000000000000, -1.000000000000000000 ) ) ;
#368 = VERTEX_POINT ( 'NONE', #345 ) ;
#369 = ORIENTED_EDGE ( 'NONE', *, *, #137, .F. ) ;
#370 = EDGE_LOOP ( 'NONE', ( #598, #913, #1166, #1292 ) ) ;
#371 = LINE ( 'NONE', #901, #688 ) ;
#372 = EDGE_CURVE ( 'NONE', #59, #1084, #130, .T. ) ;
#373 = LINE ( 'NONE', #519, #75 ) ;
#374 = VERTEX_POINT ( 'NONE', #897 ) ;
#375 = EDGE_LOOP ( 'NONE', ( #338, #774, #1315, #1566 ) ) ;
#376 = ORIENTED_EDGE ( 'NONE', *, *, #857, .T. ) ;
#377 = AXIS2_PLACEMENT_3D ( 'NONE', #1062, #1689, #1295 ) ;
#378 = CARTESIAN_POINT ( 'NONE',  ( 32.70000000000000995, 17.30000000000001137, -2.000000000000000000 ) ) ;
#379 = AXIS2_PLACEMENT_3D ( 'NONE', #723, #1260, #50 ) ;
#380 = VECTOR ( 'NONE', #912, 1000.000000000000000 ) ;
#381 = CARTESIAN_POINT ( 'NONE',  ( 5.999999999999999112, 3.000000000000000000, 10.00000000000000000 ) ) ;
#382 = ORIENTED_EDGE ( 'NONE', *, *, #469, .F. ) ;
#383 = AXIS2_PLACEMENT_3D ( 'NONE', #1706, #945, #1719 ) ;
#384 = LINE ( 'NONE', #144, #1180 ) ;
#385 = EDGE_CURVE ( 'NONE', #622, #1242, #1104, .T. ) ;
#386 = FACE_OUTER_BOUND ( 'NONE', #1154, .T. ) ;
#387 = EDGE_LOOP ( 'NONE', ( #1287, #493, #244, #427 ) ) ;
#388 = CARTESIAN_POINT ( 'NONE',  ( -14.00000000000000178, 10.00000000000000000, -2.000000000000000000 ) ) ;
#389 = DIRECTION ( 'NONE',  ( 0.000000000000000000, -1.000000000000000000, 0.000000000000000000 ) ) ;
#390 = LINE ( 'NONE', #1586, #127 ) ;
#391 = ORIENTED_EDGE ( 'NONE', *, *, #113, .T. ) ;
#392 = DIRECTION ( 'NONE',  ( -1.000000000000000000, -1.528390727732869855E-16, -0.000000000000000000 ) ) ;
#393 = EDGE_LOOP ( 'NONE', ( #151, #297, #1425, #1471, #1356, #1137, #908, #1002 ) ) ;
#394 = EDGE_CURVE ( 'NONE', #1173, #1391, #1647, .T. ) ;
#395 = DIRECTION ( 'NONE',  ( -0.000000000000000000, -0.000000000000000000, -1.000000000000000000 ) ) ;
#396 = PLANE ( 'NONE',  #1496 ) ;
#397 = CARTESIAN_POINT ( 'NONE',  ( -12.69999999999999751, 17.30000000000000426, -2.000000000000000000 ) ) ;
#398 = ORIENTED_EDGE ( 'NONE', *, *, #245, .F. ) ;
#399 = CARTESIAN_POINT ( 'NONE',  ( -14.00000000000000178, 45.00000000000000711, 0.000000000000000000 ) ) ;
#400 = ORIENTED_EDGE ( 'NONE', *, *, #1309, .T. ) ;
#401 = CARTESIAN_POINT ( 'NONE',  ( 5.000000000000000000, 5.000000000000000000, -3.000000000000000000 ) ) ;
#402 = PLANE ( 'NONE',  #1184 ) ;
#403 = EDGE_CURVE ( 'NONE', #1142, #1337, #975, .T. ) ;
#404 = ADVANCED_FACE ( 'NONE', ( #460 ), #994, .F. ) ;
#405 = DIRECTION ( 'NONE',  ( 0.000000000000000000, 0.000000000000000000, 1.000000000000000000 ) ) ;
#406 =( LENGTH_UNIT ( ) NAMED_UNIT ( * ) SI_UNIT ( .MILLI., .METRE. ) );
#407 = ORIENTED_EDGE ( 'NONE', *, *, #1135, .F. ) ;
#408 = DIRECTION ( 'NONE',  ( -0.000000000000000000, -0.000000000000000000, -1.000000000000000000 ) ) ;
#409 = ORIENTED_EDGE ( 'NONE', *, *, #577, .T. ) ;
#410 = AXIS2_PLACEMENT_3D ( 'NONE', #1188, #490, #1056 ) ;
#411 = DIRECTION ( 'NONE',  ( -1.370380087980770468E-15, 1.000000000000000000, -0.000000000000000000 ) ) ;
#412 = CYLINDRICAL_SURFACE ( 'NONE', #1567, 8.000000000000003553 ) ;
#413 = EDGE_CURVE ( 'NONE', #1458, #74, #477, .T. ) ;
#414 = FACE_OUTER_BOUND ( 'NONE', #226, .T. ) ;
#415 = ORIENTED_EDGE ( 'NONE', *, *, #146, .T. ) ;
#416 = CARTESIAN_POINT ( 'NONE',  ( 35.00000000000000000, 45.00000000000000711, -3.000000000000000000 ) ) ;
#417 = ORIENTED_EDGE ( 'NONE', *, *, #1400, .F. ) ;
#418 = VECTOR ( 'NONE', #1355, 1000.000000000000000 ) ;
#419 = FACE_OUTER_BOUND ( 'NONE', #1485, .T. ) ;
#420 = DIRECTION ( 'NONE',  ( -0.000000000000000000, 0.000000000000000000, 1.000000000000000000 ) ) ;
#421 = CARTESIAN_POINT ( 'NONE',  ( 4.999999999999999112, 2.468259366592385540, -3.000000000000000000 ) ) ;
#422 = APPROVAL_ROLE ( '' ) ;
#423 = EDGE_CURVE ( 'NONE', #1595, #479, #611, .T. ) ;
#424 = ORIENTED_EDGE ( 'NONE', *, *, #1176, .F. ) ;
#425 = DIRECTION ( 'NONE',  ( -0.000000000000000000, -0.000000000000000000, 1.000000000000000000 ) ) ;
#426 = EDGE_CURVE ( 'NONE', #744, #479, #873, .T. ) ;
#427 = ORIENTED_EDGE ( 'NONE', *, *, #1709, .F. ) ;
#428 = CARTESIAN_POINT ( 'NONE',  ( -14.00000000000000178, 45.00000000000000711, -1.000000000000000000 ) ) ;
#429 = CC_DESIGN_SECURITY_CLASSIFICATION ( #1618, ( #1175 ) ) ;
#430 = CARTESIAN_POINT ( 'NONE',  ( 34.00000000000000000, 10.00000000000000000, 0.000000000000000000 ) ) ;
#431 = CARTESIAN_POINT ( 'NONE',  ( -0.000000000000000000, 45.00000000000000711, -3.000000000000000000 ) ) ;
#432 = PERSON_AND_ORGANIZATION_ROLE ( 'creator' ) ;
#433 = ORIENTED_EDGE ( 'NONE', *, *, #423, .F. ) ;
#434 = AXIS2_PLACEMENT_3D ( 'NONE', #109, #246, #281 ) ;
#435 = LINE ( 'NONE', #703, #366 ) ;
#436 = VECTOR ( 'NONE', #997, 1000.000000000000000 ) ;
#437 = ORIENTED_EDGE ( 'NONE', *, *, #1071, .F. ) ;
#438 = DIRECTION ( 'NONE',  ( 0.000000000000000000, 0.7071067811865441310, 0.7071067811865507924 ) ) ;
#439 = CIRCLE ( 'NONE', #41, 1.850000000000004530 ) ;
#440 = VECTOR ( 'NONE', #1280, 1000.000000000000000 ) ;
#441 = DIRECTION ( 'NONE',  ( -0.000000000000000000, 0.000000000000000000, 1.000000000000000000 ) ) ;
#442 = VECTOR ( 'NONE', #1629, 1000.000000000000000 ) ;
#443 = AXIS2_PLACEMENT_3D ( 'NONE', #620, #389, #1177 ) ;
#444 = AXIS2_PLACEMENT_3D ( 'NONE', #629, #1542, #487 ) ;
#445 = DIRECTION ( 'NONE',  ( 1.000000000000000000, 0.000000000000000000, 0.000000000000000000 ) ) ;
#446 = LINE ( 'NONE', #181, #589 ) ;
#447 = ORIENTED_EDGE ( 'NONE', *, *, #1071, .T. ) ;
#448 = DIRECTION ( 'NONE',  ( 1.000000000000000000, 0.000000000000000000, 0.000000000000000000 ) ) ;
#449 = ADVANCED_FACE ( 'NONE', ( #1405, #1277 ), #84, .T. ) ;
#450 = CARTESIAN_POINT ( 'NONE',  ( 13.99999999999999822, 0.000000000000000000, 0.000000000000000000 ) ) ;
#451 = ADVANCED_FACE ( 'NONE', ( #268 ), #902, .F. ) ;
#452 = CARTESIAN_POINT ( 'NONE',  ( 13.25000000000000533, 33.00000000000000000, -3.000000000000000000 ) ) ;
#453 = CYLINDRICAL_SURFACE ( 'NONE', #809, 8.000000000000000000 ) ;
#454 = ORIENTED_EDGE ( 'NONE', *, *, #95, .T. ) ;
#455 = FACE_OUTER_BOUND ( 'NONE', #1267, .T. ) ;
#456 = DIRECTION ( 'NONE',  ( -1.000000000000000000, -1.370380087980770468E-15, 0.000000000000000000 ) ) ;
#457 = ADVANCED_FACE ( 'NONE', ( #1034 ), #396, .T. ) ;
#458 = DIRECTION ( 'NONE',  ( 0.000000000000000000, 1.000000000000000000, 0.000000000000000000 ) ) ;
#459 = PERSON_AND_ORGANIZATION ( #1483, #1701 ) ;
#460 = FACE_OUTER_BOUND ( 'NONE', #232, .T. ) ;
#461 = ORIENTED_EDGE ( 'NONE', *, *, #577, .F. ) ;
#462 = AXIS2_PLACEMENT_3D ( 'NONE', #805, #1203, #1209 ) ;
#463 = LINE ( 'NONE', #1634, #1241 ) ;
#464 = CARTESIAN_POINT ( 'NONE',  ( -0.000000000000000000, 10.00000000000000000, 0.000000000000000000 ) ) ;
#465 = ORIENTED_EDGE ( 'NONE', *, *, #245, .T. ) ;
#466 = AXIS2_PLACEMENT_3D ( 'NONE', #737, #988, #1643 ) ;
#467 = CARTESIAN_POINT ( 'NONE',  ( 1.000000000000000444, 5.000000000000000000, -3.000000000000000000 ) ) ;
#468 = EDGE_CURVE ( 'NONE', #368, #1583, #1039, .T. ) ;
#469 = EDGE_CURVE ( 'NONE', #368, #1648, #373, .T. ) ;
#470 = FACE_OUTER_BOUND ( 'NONE', #101, .T. ) ;
#471 = ORIENTED_EDGE ( 'NONE', *, *, #1223, .F. ) ;
#472 = ORIENTED_EDGE ( 'NONE', *, *, #372, .T. ) ;
#473 = CARTESIAN_POINT ( 'NONE',  ( 0.000000000000000000, 0.000000000000000000, -3.000000000000000000 ) ) ;
#474 = DIRECTION ( 'NONE',  ( -0.000000000000000000, -0.000000000000000000, 1.000000000000000000 ) ) ;
#475 = ORIENTED_EDGE ( 'NONE', *, *, #1010, .F. ) ;
#476 = CARTESIAN_POINT ( 'NONE',  ( 20.00000000000000000, 0.000000000000000000, 0.000000000000000000 ) ) ;
#477 = LINE ( 'NONE', #1256, #1328 ) ;
#478 = EDGE_CURVE ( 'NONE', #1421, #786, #221, .T. ) ;
#479 = VERTEX_POINT ( 'NONE', #1310 ) ;
#480 = FACE_OUTER_BOUND ( 'NONE', #1534, .T. ) ;
#481 = EDGE_CURVE ( 'NONE', #93, #898, #936, .T. ) ;
#482 = EDGE_CURVE ( 'NONE', #1327, #940, #114, .T. ) ;
#483 = LINE ( 'NONE', #878, #274 ) ;
#484 = FACE_OUTER_BOUND ( 'NONE', #1018, .T. ) ;
#485 = EDGE_LOOP ( 'NONE', ( #1278, #828, #871, #1614 ) ) ;
#486 = CARTESIAN_POINT ( 'NONE',  ( 13.99999999999999822, 0.000000000000000000, 10.00000000000000000 ) ) ;
#487 = DIRECTION ( 'NONE',  ( 1.000000000000000000, 0.000000000000000000, 0.000000000000000000 ) ) ;
#488 = ORIENTED_EDGE ( 'NONE', *, *, #228, .F. ) ;
#489 = ORIENTED_EDGE ( 'NONE', *, *, #394, .F. ) ;
#490 = DIRECTION ( 'NONE',  ( 0.000000000000000000, -1.000000000000000000, 0.000000000000000000 ) ) ;
#491 = VECTOR ( 'NONE', #1172, 1000.000000000000000 ) ;
#492 = ADVANCED_FACE ( 'NONE', ( #122 ), #1718, .F. ) ;
#493 = ORIENTED_EDGE ( 'NONE', *, *, #22, .F. ) ;
#494 = VECTOR ( 'NONE', #411, 1000.000000000000000 ) ;
#495 = CARTESIAN_POINT ( 'NONE',  ( 32.70000000000000995, 17.30000000000001137, -2.000000000000000000 ) ) ;
#496 = VECTOR ( 'NONE', #1004, 1000.000000000000000 ) ;
#497 = CARTESIAN_POINT ( 'NONE',  ( -14.00000000000000178, 0.000000000000000000, -1.000000000000000000 ) ) ;
#498 = ORIENTED_EDGE ( 'NONE', *, *, #536, .F. ) ;
#499 = AXIS2_PLACEMENT_3D ( 'NONE', #1510, #1072, #1215 ) ;
#500 = ORIENTED_EDGE ( 'NONE', *, *, #772, .T. ) ;
#501 = EDGE_CURVE ( 'NONE', #1512, #182, #1126, .T. ) ;
#502 = ORIENTED_EDGE ( 'NONE', *, *, #1211, .F. ) ;
#503 = DIRECTION ( 'NONE',  ( 0.000000000000000000, 0.000000000000000000, 1.000000000000000000 ) ) ;
#504 = EDGE_CURVE ( 'NONE', #1068, #230, #1412, .T. ) ;
#505 = CARTESIAN_POINT ( 'NONE',  ( -0.000000000000000000, 10.00000000000000000, -3.000000000000000000 ) ) ;
#506 = ORIENTED_EDGE ( 'NONE', *, *, #552, .F. ) ;
#507 = ORIENTED_EDGE ( 'NONE', *, *, #612, .T. ) ;
#508 = VERTEX_POINT ( 'NONE', #1727 ) ;
#509 = PLANE ( 'NONE',  #1564 ) ;
#510 = EDGE_CURVE ( 'NONE', #1642, #219, #919, .T. ) ;
#511 = CARTESIAN_POINT ( 'NONE',  ( 16.99999999999999645, 4.999999999999999112, -3.000000000000000000 ) ) ;
#512 = ORIENTED_EDGE ( 'NONE', *, *, #352, .F. ) ;
#513 = LOCAL_TIME ( 11, 36, 37.00000000000000000, #150 ) ;
#514 = CARTESIAN_POINT ( 'NONE',  ( -15.00000000000000355, 0.000000000000000000, -2.000000000000000000 ) ) ;
#515 = ORIENTED_EDGE ( 'NONE', *, *, #1477, .T. ) ;
#516 = CARTESIAN_POINT ( 'NONE',  ( 3.000000000000003997, 17.30000000000000426, -2.000000000000000000 ) ) ;
#517 = CIRCLE ( 'NONE', #1708, 8.000000000000003553 ) ;
#518 = VECTOR ( 'NONE', #599, 1000.000000000000000 ) ;
#519 = CARTESIAN_POINT ( 'NONE',  ( 6.750000000000000888, 36.70000000000000995, -3.000000000000000000 ) ) ;
#520 = CARTESIAN_POINT ( 'NONE',  ( 6.749999999999997335, 33.00000000000000000, -3.000000000000000000 ) ) ;
#521 = EDGE_CURVE ( 'NONE', #1707, #74, #1438, .T. ) ;
#522 = ORIENTED_EDGE ( 'NONE', *, *, #1147, .F. ) ;
#523 = ADVANCED_FACE ( 'NONE', ( #243, #142 ), #664, .F. ) ;
#524 = VECTOR ( 'NONE', #1069, 1000.000000000000000 ) ;
#525 = DIRECTION ( 'NONE',  ( -1.000000000000000000, 0.000000000000000000, 0.000000000000000000 ) ) ;
#526 = ADVANCED_FACE ( 'NONE', ( #1170 ), #1047, .F. ) ;
#527 = ORIENTED_EDGE ( 'NONE', *, *, #914, .F. ) ;
#528 = VECTOR ( 'NONE', #34, 1000.000000000000000 ) ;
#529 = ORIENTED_EDGE ( 'NONE', *, *, #86, .T. ) ;
#530 = FACE_OUTER_BOUND ( 'NONE', #837, .T. ) ;
#531 = DIRECTION ( 'NONE',  ( 0.000000000000000000, 0.000000000000000000, -1.000000000000000000 ) ) ;
#532 = CARTESIAN_POINT ( 'NONE',  ( 15.00709037195512963, 2.300000000000007816, -2.000000000000000000 ) ) ;
#533 = VERTEX_POINT ( 'NONE', #1302 ) ;
#534 = CARTESIAN_POINT ( 'NONE',  ( -15.00000000000000355, 45.00000000000000711, -3.000000000000000000 ) ) ;
#535 = ORIENTED_EDGE ( 'NONE', *, *, #1368, .T. ) ;
#536 = EDGE_CURVE ( 'NONE', #1556, #940, #776, .T. ) ;
#537 = CARTESIAN_POINT ( 'NONE',  ( 15.00000000000000000, 2.055570131971155821E-14, -2.000000000000000000 ) ) ;
#538 = DIRECTION ( 'NONE',  ( 1.000000000000000000, 0.000000000000000000, 0.000000000000000000 ) ) ;
#539 = DIRECTION ( 'NONE',  ( -0.000000000000000000, -0.000000000000000000, 1.000000000000000000 ) ) ;
#540 = LINE ( 'NONE', #756, #440 ) ;
#541 = ORIENTED_EDGE ( 'NONE', *, *, #1114, .F. ) ;
#542 = DIRECTION ( 'NONE',  ( 1.000000000000000000, 0.000000000000000000, 0.000000000000000000 ) ) ;
#543 = ORIENTED_EDGE ( 'NONE', *, *, #935, .F. ) ;
#544 = CARTESIAN_POINT ( 'NONE',  ( 4.992909628044865933, 2.300000000000007816, 0.000000000000000000 ) ) ;
#545 = DIRECTION ( 'NONE',  ( -0.000000000000000000, -0.000000000000000000, 1.000000000000000000 ) ) ;
#546 = DIRECTION ( 'NONE',  ( 0.000000000000000000, 0.000000000000000000, 1.000000000000000000 ) ) ;
#547 = DIRECTION ( 'NONE',  ( -8.564875549879809264E-17, -1.000000000000000000, 0.000000000000000000 ) ) ;
#548 = ORIENTED_EDGE ( 'NONE', *, *, #315, .T. ) ;
#549 = CARTESIAN_POINT ( 'NONE',  ( 4.999999999999998224, -1.712975109975960423E-15, -3.000000000000000000 ) ) ;
#550 = ORIENTED_EDGE ( 'NONE', *, *, #719, .F. ) ;
#551 = CARTESIAN_POINT ( 'NONE',  ( -0.000000000000000000, 2.300000000000007816, 0.000000000000000000 ) ) ;
#552 = EDGE_CURVE ( 'NONE', #1531, #618, #69, .T. ) ;
#553 = FACE_BOUND ( 'NONE', #1305, .T. ) ;
#554 = EDGE_CURVE ( 'NONE', #981, #666, #1224, .T. ) ;
#555 = CARTESIAN_POINT ( 'NONE',  ( 9.999999999999998224, 0.000000000000000000, 3.499999999999999112 ) ) ;
#556 = PERSON_AND_ORGANIZATION_ROLE ( 'design_supplier' ) ;
#557 = VERTEX_POINT ( 'NONE', #700 ) ;
#558 = DIRECTION ( 'NONE',  ( 0.000000000000000000, -0.000000000000000000, -1.000000000000000000 ) ) ;
#559 = ORIENTED_EDGE ( 'NONE', *, *, #1518, .F. ) ;
#560 = LINE ( 'NONE', #1363, #608 ) ;
#561 = FACE_BOUND ( 'NONE', #1065, .T. ) ;
#562 = CARTESIAN_POINT ( 'NONE',  ( 0.000000000000000000, 0.000000000000000000, 0.000000000000000000 ) ) ;
#563 = APPROVAL_ROLE ( '' ) ;
#564 = ORIENTED_EDGE ( 'NONE', *, *, #1368, .F. ) ;
#565 = EDGE_CURVE ( 'NONE', #601, #1531, #944, .T. ) ;
#566 = CARTESIAN_POINT ( 'NONE',  ( -15.00000000000000355, 45.00000000000000711, -1.000000000000000000 ) ) ;
#567 = ORIENTED_EDGE ( 'NONE', *, *, #597, .T. ) ;
#568 = CARTESIAN_POINT ( 'NONE',  ( 4.999999999999999112, 2.468259366592385540, -3.000000000000000000 ) ) ;
#569 = CARTESIAN_POINT ( 'NONE',  ( 6.750000000000000888, 34.85000000000000853, -3.000000000000000000 ) ) ;
#570 = CARTESIAN_POINT ( 'NONE',  ( -15.00000000000000355, 10.00000000000000000, -2.000000000000000000 ) ) ;
#571 = SHAPE_DEFINITION_REPRESENTATION ( #157, #132 ) ;
#572 = VECTOR ( 'NONE', #1191, 1000.000000000000000 ) ;
#573 = FACE_OUTER_BOUND ( 'NONE', #1289, .T. ) ;
#574 = EDGE_CURVE ( 'NONE', #890, #1030, #886, .T. ) ;
#575 = VECTOR ( 'NONE', #1150, 1000.000000000000000 ) ;
#576 = ORIENTED_EDGE ( 'NONE', *, *, #1135, .T. ) ;
#577 = EDGE_CURVE ( 'NONE', #374, #1605, #682, .T. ) ;
#578 = CARTESIAN_POINT ( 'NONE',  ( 13.25000000000000178, 34.85000000000000853, -2.000000000000000000 ) ) ;
#579 = VECTOR ( 'NONE', #662, 1000.000000000000000 ) ;
#580 = CIRCLE ( 'NONE', #884, 1.000000000000000000 ) ;
#581 = DIRECTION ( 'NONE',  ( 1.000000000000000000, 0.000000000000000000, 0.000000000000000000 ) ) ;
#582 = VECTOR ( 'NONE', #1080, 1000.000000000000000 ) ;
#583 = DIRECTION ( 'NONE',  ( 0.000000000000000000, 0.000000000000000000, 1.000000000000000000 ) ) ;
#584 = COORDINATED_UNIVERSAL_TIME_OFFSET ( 1, 0, .AHEAD. ) ;
#585 = CARTESIAN_POINT ( 'NONE',  ( 3.000000000000005773, 7.000000000000000000, 0.000000000000000000 ) ) ;
#586 = ORIENTED_EDGE ( 'NONE', *, *, #137, .T. ) ;
#587 = LINE ( 'NONE', #56, #42 ) ;
#588 = ADVANCED_FACE ( 'NONE', ( #815 ), #149, .F. ) ;
#589 = VECTOR ( 'NONE', #980, 1000.000000000000000 ) ;
#590 = DIRECTION ( 'NONE',  ( 0.000000000000000000, -1.000000000000000000, 0.000000000000000000 ) ) ;
#591 = DIRECTION ( 'NONE',  ( -0.000000000000000000, 0.000000000000000000, 1.000000000000000000 ) ) ;
#592 = CALENDAR_DATE ( 2026, 7, 5 ) ;
#593 = LINE ( 'NONE', #818, #645 ) ;
#594 = ORIENTED_EDGE ( 'NONE', *, *, #237, .T. ) ;
#595 = CARTESIAN_POINT ( 'NONE',  ( 9.999999999999998224, 2.000000000000014655, 6.500000000000000888 ) ) ;
#596 = CARTESIAN_POINT ( 'NONE',  ( 32.70000000000000995, 17.30000000000001137, 0.000000000000000000 ) ) ;
#597 = EDGE_CURVE ( 'NONE', #758, #1642, #979, .T. ) ;
#598 = ORIENTED_EDGE ( 'NONE', *, *, #1286, .F. ) ;
#599 = DIRECTION ( 'NONE',  ( -8.564875549879810497E-17, -1.000000000000000000, 0.000000000000000000 ) ) ;
#600 = DIRECTION ( 'NONE',  ( 1.000000000000000000, 0.000000000000000000, 0.000000000000000000 ) ) ;
#601 = VERTEX_POINT ( 'NONE', #322 ) ;
#602 = ORIENTED_EDGE ( 'NONE', *, *, #565, .T. ) ;
#603 = AXIS2_PLACEMENT_3D ( 'NONE', #606, #590, #1141 ) ;
#604 = DIRECTION ( 'NONE',  ( -0.000000000000000000, -0.000000000000000000, 1.000000000000000000 ) ) ;
#605 = VECTOR ( 'NONE', #1197, 1000.000000000000000 ) ;
#606 = CARTESIAN_POINT ( 'NONE',  ( 0.000000000000000000, 45.00000000000000711, -3.000000000000000000 ) ) ;
#607 = VERTEX_POINT ( 'NONE', #570 ) ;
#608 = VECTOR ( 'NONE', #438, 1000.000000000000114 ) ;
#609 = ADVANCED_FACE ( 'NONE', ( #1230 ), #1602, .T. ) ;
#610 = LINE ( 'NONE', #1123, #1027 ) ;
#611 = CIRCLE ( 'NONE', #1575, 2.000000000000005329 ) ;
#612 = EDGE_CURVE ( 'NONE', #1458, #231, #307, .T. ) ;
#613 = LINE ( 'NONE', #1683, #834 ) ;
#614 = ORIENTED_EDGE ( 'NONE', *, *, #1501, .T. ) ;
#615 = ORIENTED_EDGE ( 'NONE', *, *, #857, .F. ) ;
#616 = CARTESIAN_POINT ( 'NONE',  ( 3.000000000000005329, 7.000000000000000000, -2.000000000000000000 ) ) ;
#617 = CARTESIAN_POINT ( 'NONE',  ( 9.999999999999998224, 0.000000000000000000, 6.500000000000000888 ) ) ;
#618 = VERTEX_POINT ( 'NONE', #421 ) ;
#619 = DIRECTION ( 'NONE',  ( 1.000000000000000000, 1.528390727732869609E-16, 0.000000000000000000 ) ) ;
#620 = CARTESIAN_POINT ( 'NONE',  ( 0.000000000000000000, 0.000000000000000000, -3.000000000000000000 ) ) ;
#621 = EDGE_CURVE ( 'NONE', #198, #1391, #171, .T. ) ;
#622 = VERTEX_POINT ( 'NONE', #555 ) ;
#623 = EDGE_CURVE ( 'NONE', #1142, #17, #707, .T. ) ;
#624 = VERTEX_POINT ( 'NONE', #31 ) ;
#625 = LINE ( 'NONE', #1546, #355 ) ;
#626 = DIRECTION ( 'NONE',  ( 0.000000000000000000, 1.000000000000000000, 0.000000000000000000 ) ) ;
#627 = EDGE_LOOP ( 'NONE', ( #248, #1076, #98, #415 ) ) ;
#628 = CARTESIAN_POINT ( 'NONE',  ( 32.70000000000000995, 17.30000000000001137, 0.000000000000000000 ) ) ;
#629 = CARTESIAN_POINT ( 'NONE',  ( 13.25000000000000178, 34.85000000000000853, -3.000000000000000000 ) ) ;
#630 = ORIENTED_EDGE ( 'NONE', *, *, #1306, .T. ) ;
#631 = EDGE_CURVE ( 'NONE', #1552, #255, #1639, .T. ) ;
#632 = ORIENTED_EDGE ( 'NONE', *, *, #1722, .F. ) ;
#633 = DESIGN_CONTEXT ( 'detailed design', #879, 'design' ) ;
#634 = EDGE_CURVE ( 'NONE', #124, #135, #1503, .T. ) ;
#635 = EDGE_LOOP ( 'NONE', ( #1426, #1687, #923, #1543, #1505 ) ) ;
#636 = PLANE ( 'NONE',  #1428 ) ;
#637 = VECTOR ( 'NONE', #1323, 1000.000000000000000 ) ;
#638 = CARTESIAN_POINT ( 'NONE',  ( 34.00000000000000000, 45.00000000000000711, -1.000000000000000000 ) ) ;
#639 = ORIENTED_EDGE ( 'NONE', *, *, #315, .F. ) ;
#640 = CARTESIAN_POINT ( 'NONE',  ( 34.00000000000000000, 45.00000000000000711, -3.000000000000000000 ) ) ;
#641 = ORIENTED_EDGE ( 'NONE', *, *, #1221, .F. ) ;
#642 = VERTEX_POINT ( 'NONE', #825 ) ;
#643 = EDGE_CURVE ( 'NONE', #1421, #1029, #955, .T. ) ;
#644 = DIRECTION ( 'NONE',  ( 1.156482317317871725E-16, -1.000000000000000000, 0.000000000000000000 ) ) ;
#645 = VECTOR ( 'NONE', #190, 1000.000000000000000 ) ;
#646 = DIRECTION ( 'NONE',  ( 0.000000000000000000, 0.000000000000000000, 1.000000000000000000 ) ) ;
#647 = EDGE_LOOP ( 'NONE', ( #502, #347 ) ) ;
#648 = CARTESIAN_POINT ( 'NONE',  ( 3.000000000000003997, 17.30000000000000782, 0.000000000000000000 ) ) ;
#649 = ORIENTED_EDGE ( 'NONE', *, *, #868, .T. ) ;
#650 = EDGE_CURVE ( 'NONE', #1659, #219, #1205, .T. ) ;
#651 = LINE ( 'NONE', #1174, #661 ) ;
#652 = ADVANCED_FACE ( 'NONE', ( #414 ), #1237, .T. ) ;
#653 = CARTESIAN_POINT ( 'NONE',  ( 13.25000000000000178, 34.85000000000000853, -3.000000000000000000 ) ) ;
#654 = PLANE ( 'NONE',  #970 ) ;
#655 = ORIENTED_EDGE ( 'NONE', *, *, #352, .T. ) ;
#656 = APPROVAL_PERSON_ORGANIZATION ( #1081, #1710, #422 ) ;
#657 = PLANE ( 'NONE',  #434 ) ;
#658 = CARTESIAN_POINT ( 'NONE',  ( 31.27000000000000668, 27.50000000000000711, -3.000000000000000000 ) ) ;
#659 = VECTOR ( 'NONE', #939, 1000.000000000000000 ) ;
#660 = EDGE_LOOP ( 'NONE', ( #971, #862, #25, #1019, #702, #1652 ) ) ;
#661 = VECTOR ( 'NONE', #106, 1000.000000000000000 ) ;
#662 = DIRECTION ( 'NONE',  ( -0.000000000000000000, -0.000000000000000000, -1.000000000000000000 ) ) ;
#663 = CIRCLE ( 'NONE', #1625, 8.000000000000001776 ) ;
#664 = PLANE ( 'NONE',  #909 ) ;
#665 = FACE_OUTER_BOUND ( 'NONE', #1219, .T. ) ;
#666 = VERTEX_POINT ( 'NONE', #984 ) ;
#667 = ADVANCED_FACE ( 'NONE', ( #1374 ), #358, .F. ) ;
#668 = EDGE_CURVE ( 'NONE', #231, #981, #610, .T. ) ;
#669 = CARTESIAN_POINT ( 'NONE',  ( -12.69999999999999751, 37.70000000000000284, -2.000000000000000000 ) ) ;
#670 = AXIS2_PLACEMENT_3D ( 'NONE', #295, #849, #1352 ) ;
#671 = VECTOR ( 'NONE', #1705, 1000.000000000000000 ) ;
#672 = ORIENTED_EDGE ( 'NONE', *, *, #201, .T. ) ;
#673 = DIRECTION ( 'NONE',  ( -0.000000000000000000, 1.000000000000000000, -0.000000000000000000 ) ) ;
#674 = CARTESIAN_POINT ( 'NONE',  ( 4.999999999999998224, -1.712975109975960423E-15, -2.000000000000000000 ) ) ;
#675 = CARTESIAN_POINT ( 'NONE',  ( 6.750000000000000888, 36.70000000000000995, -2.000000000000000000 ) ) ;
#676 = ORIENTED_EDGE ( 'NONE', *, *, #1401, .F. ) ;
#677 = VECTOR ( 'NONE', #1343, 1000.000000000000000 ) ;
#678 = DIRECTION ( 'NONE',  ( 1.000000000000000000, -0.000000000000000000, 0.000000000000000000 ) ) ;
#679 = ORIENTED_EDGE ( 'NONE', *, *, #811, .F. ) ;
#680 = LINE ( 'NONE', #537, #494 ) ;
#681 = CARTESIAN_POINT ( 'NONE',  ( -15.00000000000000355, 10.00000000000000000, -3.000000000000000000 ) ) ;
#682 = LINE ( 'NONE', #1475, #442 ) ;
#683 = ORIENTED_EDGE ( 'NONE', *, *, #536, .T. ) ;
#684 = CARTESIAN_POINT ( 'NONE',  ( -14.00000000000000178, 10.00000000000000000, 0.000000000000000000 ) ) ;
#685 = ORIENTED_EDGE ( 'NONE', *, *, #1306, .F. ) ;
#686 = DIRECTION ( 'NONE',  ( 0.000000000000000000, 0.000000000000000000, -1.000000000000000000 ) ) ;
#687 = LINE ( 'NONE', #1330, #1490 ) ;
#688 = VECTOR ( 'NONE', #1422, 1000.000000000000000 ) ;
#689 = AXIS2_PLACEMENT_3D ( 'NONE', #30, #1339, #4 ) ;
#690 = CARTESIAN_POINT ( 'NONE',  ( 0.000000000000000000, 0.000000000000000000, -3.000000000000000000 ) ) ;
#691 = VECTOR ( 'NONE', #1143, 1000.000000000000000 ) ;
#692 = COORDINATED_UNIVERSAL_TIME_OFFSET ( 1, 0, .AHEAD. ) ;
#693 = EDGE_LOOP ( 'NONE', ( #1436, #1312, #1090, #1199 ) ) ;
#694 = LINE ( 'NONE', #1361, #1638 ) ;
#695 = AXIS2_PLACEMENT_3D ( 'NONE', #1244, #200, #1119 ) ;
#696 = ORIENTED_EDGE ( 'NONE', *, *, #1138, .T. ) ;
#697 = LINE ( 'NONE', #551, #241 ) ;
#698 = CARTESIAN_POINT ( 'NONE',  ( 35.00000000000000000, 45.00000000000000711, -1.000000000000000000 ) ) ;
#699 = EDGE_CURVE ( 'NONE', #1009, #508, #1133, .T. ) ;
#700 = CARTESIAN_POINT ( 'NONE',  ( 9.999999999999998224, 2.000000000000014655, 3.499999999999999112 ) ) ;
#701 = PERSON_AND_ORGANIZATION ( #1483, #1701 ) ;
#702 = ORIENTED_EDGE ( 'NONE', *, *, #1635, .F. ) ;
#703 = CARTESIAN_POINT ( 'NONE',  ( -12.69999999999999751, 17.30000000000000426, -2.000000000000000000 ) ) ;
#704 = ORIENTED_EDGE ( 'NONE', *, *, #1695, .T. ) ;
#705 = DIRECTION ( 'NONE',  ( 1.000000000000000000, 0.000000000000000000, 0.000000000000000000 ) ) ;
#706 = CARTESIAN_POINT ( 'NONE',  ( 35.00000000000000000, 45.00000000000000711, -2.000000000000000000 ) ) ;
#707 = LINE ( 'NONE', #431, #1243 ) ;
#708 = DIRECTION ( 'NONE',  ( 1.000000000000000000, 0.000000000000000000, 0.000000000000000000 ) ) ;
#709 = ADVANCED_FACE ( 'NONE', ( #855 ), #1383, .F. ) ;
#710 = LINE ( 'NONE', #1232, #528 ) ;
#711 = VERTEX_POINT ( 'NONE', #885 ) ;
#712 = CARTESIAN_POINT ( 'NONE',  ( 13.25000000000000000, 36.70000000000000995, -3.000000000000000000 ) ) ;
#713 = DIRECTION ( 'NONE',  ( -0.000000000000000000, -0.000000000000000000, 1.000000000000000000 ) ) ;
#714 = CARTESIAN_POINT ( 'NONE',  ( 20.00000000000000000, 10.00000000000000000, -3.000000000000000000 ) ) ;
#715 = PERSON_AND_ORGANIZATION_ROLE ( 'creator' ) ;
#716 = VECTOR ( 'NONE', #1058, 1000.000000000000000 ) ;
#717 = DIRECTION ( 'NONE',  ( 1.000000000000000000, 0.000000000000000000, 0.000000000000000000 ) ) ;
#718 = VECTOR ( 'NONE', #1253, 1000.000000000000000 ) ;
#719 = EDGE_CURVE ( 'NONE', #1642, #1173, #1262, .T. ) ;
#720 = VERTEX_POINT ( 'NONE', #476 ) ;
#721 = DIRECTION ( 'NONE',  ( 0.000000000000000000, -1.000000000000000000, 0.000000000000000000 ) ) ;
#722 = VECTOR ( 'NONE', #705, 1000.000000000000000 ) ;
#723 = CARTESIAN_POINT ( 'NONE',  ( 3.000000000000000000, 5.000000000000000000, -2.000000000000000000 ) ) ;
#724 = VECTOR ( 'NONE', #583, 1000.000000000000000 ) ;
#725 = CARTESIAN_POINT ( 'NONE',  ( 0.000000000000000000, 0.000000000000000000, 0.000000000000000000 ) ) ;
#726 = PERSON_AND_ORGANIZATION ( #1483, #1701 ) ;
#727 = DIRECTION ( 'NONE',  ( 0.000000000000000000, -1.000000000000000000, 0.000000000000000000 ) ) ;
#728 = ORIENTED_EDGE ( 'NONE', *, *, #1223, .T. ) ;
#729 = DIRECTION ( 'NONE',  ( 1.000000000000000000, 0.000000000000000000, 0.000000000000000000 ) ) ;
#730 = VECTOR ( 'NONE', #298, 1000.000000000000000 ) ;
#731 = FACE_OUTER_BOUND ( 'NONE', #783, .T. ) ;
#732 = VERTEX_POINT ( 'NONE', #486 ) ;
#733 = LINE ( 'NONE', #725, #68 ) ;
#734 = DIRECTION ( 'NONE',  ( -0.000000000000000000, 0.000000000000000000, 1.000000000000000000 ) ) ;
#735 = ORIENTED_EDGE ( 'NONE', *, *, #643, .F. ) ;
#736 = ORIENTED_EDGE ( 'NONE', *, *, #26, .T. ) ;
#737 = CARTESIAN_POINT ( 'NONE',  ( 0.000000000000000000, 10.00000000000000000, -3.000000000000000000 ) ) ;
#738 = EDGE_CURVE ( 'NONE', #1712, #1535, #1007, .T. ) ;
#739 = DIRECTION ( 'NONE',  ( 0.000000000000000000, -0.000000000000000000, -1.000000000000000000 ) ) ;
#740 = VERTEX_POINT ( 'NONE', #863 ) ;
#741 = ADVANCED_FACE ( 'NONE', ( #365, #1283, #1670, #1392 ), #71, .F. ) ;
#742 = DIRECTION ( 'NONE',  ( 0.000000000000000000, 1.000000000000000000, -0.000000000000000000 ) ) ;
#743 = DIRECTION ( 'NONE',  ( 0.000000000000000000, 0.000000000000000000, -1.000000000000000000 ) ) ;
#744 = VERTEX_POINT ( 'NONE', #872 ) ;
#745 = VERTEX_POINT ( 'NONE', #628 ) ;
#746 = DIRECTION ( 'NONE',  ( -0.000000000000000000, -0.000000000000000000, 1.000000000000000000 ) ) ;
#747 = DIRECTION ( 'NONE',  ( 0.000000000000000000, -0.000000000000000000, -1.000000000000000000 ) ) ;
#748 = ORIENTED_EDGE ( 'NONE', *, *, #1387, .T. ) ;
#749 = VECTOR ( 'NONE', #746, 1000.000000000000000 ) ;
#750 = DIRECTION ( 'NONE',  ( 1.000000000000000000, 0.000000000000000000, 0.000000000000000000 ) ) ;
#751 = AXIS2_PLACEMENT_3D ( 'NONE', #1332, #1429, #1565 ) ;
#752 = AXIS2_PLACEMENT_3D ( 'NONE', #1016, #743, #100 ) ;
#753 = CARTESIAN_POINT ( 'NONE',  ( 16.99999999999999645, 4.999999999999999112, 0.000000000000000000 ) ) ;
#754 = ORIENTED_EDGE ( 'NONE', *, *, #933, .F. ) ;
#755 = DIRECTION ( 'NONE',  ( -3.425950219951921734E-16, -1.000000000000000000, 0.000000000000000000 ) ) ;
#756 = CARTESIAN_POINT ( 'NONE',  ( 3.000000000000006661, 4.336808689942027597E-16, -2.000000000000000000 ) ) ;
#757 = LINE ( 'NONE', #464, #718 ) ;
#758 = VERTEX_POINT ( 'NONE', #1015 ) ;
#759 = CARTESIAN_POINT ( 'NONE',  ( 9.999999999999998224, 2.000000000000014655, 5.000000000000000000 ) ) ;
#760 = EDGE_CURVE ( 'NONE', #875, #1029, #1550, .T. ) ;
#761 = DIRECTION ( 'NONE',  ( 0.000000000000000000, -1.000000000000000000, 0.000000000000000000 ) ) ;
#762 = EDGE_LOOP ( 'NONE', ( #1217, #19, #1450, #1461, #506, #780 ) ) ;
#763 = EDGE_CURVE ( 'NONE', #601, #1712, #1655, .T. ) ;
#764 = ORIENTED_EDGE ( 'NONE', *, *, #1591, .F. ) ;
#765 = ORIENTED_EDGE ( 'NONE', *, *, #228, .T. ) ;
#766 = ORIENTED_EDGE ( 'NONE', *, *, #14, .T. ) ;
#767 = CARTESIAN_POINT ( 'NONE',  ( -15.00000000000000355, 0.000000000000000000, -3.000000000000000000 ) ) ;
#768 = DIRECTION ( 'NONE',  ( 0.000000000000000000, -1.000000000000000000, 0.000000000000000000 ) ) ;
#769 =( GEOMETRIC_REPRESENTATION_CONTEXT ( 3 ) GLOBAL_UNCERTAINTY_ASSIGNED_CONTEXT ( ( #1165 ) ) GLOBAL_UNIT_ASSIGNED_CONTEXT ( ( #406, #790, #6 ) ) REPRESENTATION_CONTEXT ( 'NONE', 'WORKASPACE' ) );
#770 = ORIENTED_EDGE ( 'NONE', *, *, #1704, .F. ) ;
#771 = DIRECTION ( 'NONE',  ( -0.000000000000000000, -0.000000000000000000, 1.000000000000000000 ) ) ;
#772 = EDGE_CURVE ( 'NONE', #198, #97, #733, .T. ) ;
#773 = AXIS2_PLACEMENT_3D ( 'NONE', #1152, #591, #750 ) ;
#774 = ORIENTED_EDGE ( 'NONE', *, *, #1581, .F. ) ;
#775 = CARTESIAN_POINT ( 'NONE',  ( 17.00000000000000711, 1.966019939440382425E-15, -2.000000000000000000 ) ) ;
#776 = LINE ( 'NONE', #674, #605 ) ;
#777 = ORIENTED_EDGE ( 'NONE', *, *, #961, .F. ) ;
#778 = CARTESIAN_POINT ( 'NONE',  ( 16.99999999999999645, 2.468259366592386428, 0.000000000000000000 ) ) ;
#779 = EDGE_CURVE ( 'NONE', #182, #1003, #1540, .T. ) ;
#780 = ORIENTED_EDGE ( 'NONE', *, *, #1252, .T. ) ;
#781 = LINE ( 'NONE', #1696, #1488 ) ;
#782 = DIRECTION ( 'NONE',  ( 0.000000000000000000, -1.000000000000000000, 0.000000000000000000 ) ) ;
#783 = EDGE_LOOP ( 'NONE', ( #437, #1587, #1487, #391, #424, #154 ) ) ;
#784 = CARTESIAN_POINT ( 'NONE',  ( -14.00000000000000178, 10.00000000000000000, -1.000000000000000000 ) ) ;
#785 = EDGE_CURVE ( 'NONE', #740, #1659, #52, .T. ) ;
#786 = VERTEX_POINT ( 'NONE', #1255 ) ;
#787 = DIRECTION ( 'NONE',  ( 1.000000000000000000, 3.401418580346680326E-16, 0.000000000000000000 ) ) ;
#788 = EDGE_CURVE ( 'NONE', #94, #839, #1515, .T. ) ;
#789 = CARTESIAN_POINT ( 'NONE',  ( 0.000000000000000000, 36.70000000000000995, -3.000000000000000000 ) ) ;
#790 =( NAMED_UNIT ( * ) PLANE_ANGLE_UNIT ( ) SI_UNIT ( $, .RADIAN. ) );
#791 = ORIENTED_EDGE ( 'NONE', *, *, #1276, .F. ) ;
#792 = LINE ( 'NONE', #1580, #491 ) ;
#793 = DIRECTION ( 'NONE',  ( -0.000000000000000000, 0.000000000000000000, 1.000000000000000000 ) ) ;
#794 = ORIENTED_EDGE ( 'NONE', *, *, #1678, .T. ) ;
#795 = CARTESIAN_POINT ( 'NONE',  ( 9.999999999999998224, -7.000000000000000000, 5.000000000000000000 ) ) ;
#796 = AXIS2_PLACEMENT_3D ( 'NONE', #1444, #793, #254 ) ;
#797 = EDGE_CURVE ( 'NONE', #732, #758, #1275, .T. ) ;
#798 = CARTESIAN_POINT ( 'NONE',  ( 0.000000000000000000, 36.70000000000000995, -3.000000000000000000 ) ) ;
#799 = PLANE ( 'NONE',  #410 ) ;
#800 = VERTEX_POINT ( 'NONE', #1524 ) ;
#801 = CIRCLE ( 'NONE', #1572, 1.500000000000000444 ) ;
#802 = FACE_OUTER_BOUND ( 'NONE', #291, .T. ) ;
#803 = EDGE_LOOP ( 'NONE', ( #1406, #1562, #1354, #233, #1408 ) ) ;
#804 = AXIS2_PLACEMENT_3D ( 'NONE', #5, #161, #546 ) ;
#805 = CARTESIAN_POINT ( 'NONE',  ( 34.00000000000000000, 0.000000000000000000, -2.000000000000000000 ) ) ;
#806 = DIRECTION ( 'NONE',  ( 1.000000000000000000, 0.000000000000000000, 0.000000000000000000 ) ) ;
#807 = CARTESIAN_POINT ( 'NONE',  ( 16.99999999999999645, 4.999999999999999112, -3.000000000000000000 ) ) ;
#808 = ORIENTED_EDGE ( 'NONE', *, *, #426, .T. ) ;
#809 = AXIS2_PLACEMENT_3D ( 'NONE', #986, #425, #46 ) ;
#810 = DIRECTION ( 'NONE',  ( -0.000000000000000000, 0.000000000000000000, 1.000000000000000000 ) ) ;
#811 = EDGE_CURVE ( 'NONE', #279, #1574, #301, .T. ) ;
#812 = ORIENTED_EDGE ( 'NONE', *, *, #180, .T. ) ;
#813 = LINE ( 'NONE', #840, #1319 ) ;
#814 = CARTESIAN_POINT ( 'NONE',  ( 3.000000000000006661, 4.336808689942027597E-16, 0.000000000000000000 ) ) ;
#815 = FACE_OUTER_BOUND ( 'NONE', #1619, .T. ) ;
#816 = DATE_AND_TIME ( #1359, #513 ) ;
#817 = ORIENTED_EDGE ( 'NONE', *, *, #1571, .T. ) ;
#818 = CARTESIAN_POINT ( 'NONE',  ( 15.27000000000000135, 27.50000000000000711, -3.000000000000000000 ) ) ;
#819 = ORIENTED_EDGE ( 'NONE', *, *, #237, .F. ) ;
#820 = EDGE_CURVE ( 'NONE', #1495, #557, #155, .T. ) ;
#821 = DIRECTION ( 'NONE',  ( 0.000000000000000000, 1.000000000000000000, -0.000000000000000000 ) ) ;
#822 = CARTESIAN_POINT ( 'NONE',  ( 35.00000000000000000, 10.00000000000000000, -2.000000000000000000 ) ) ;
#823 = CIRCLE ( 'NONE', #377, 1.500000000000000444 ) ;
#824 = VECTOR ( 'NONE', #203, 1000.000000000000000 ) ;
#825 = CARTESIAN_POINT ( 'NONE',  ( 15.27000000000000135, 27.50000000000000711, -2.000000000000000000 ) ) ;
#826 = AXIS2_PLACEMENT_3D ( 'NONE', #1246, #344, #91 ) ;
#827 = PERSON_AND_ORGANIZATION ( #1483, #1701 ) ;
#828 = ORIENTED_EDGE ( 'NONE', *, *, #1025, .F. ) ;
#829 = AXIS2_PLACEMENT_3D ( 'NONE', #511, #1322, #258 ) ;
#830 = DIRECTION ( 'NONE',  ( -0.000000000000000000, -1.000000000000000000, -0.000000000000000000 ) ) ;
#831 = AXIS2_PLACEMENT_3D ( 'NONE', #1598, #1615, #312 ) ;
#832 = ORIENTED_EDGE ( 'NONE', *, *, #1508, .T. ) ;
#833 = DIRECTION ( 'NONE',  ( -0.000000000000000000, 1.000000000000000000, -0.000000000000000000 ) ) ;
#834 = VECTOR ( 'NONE', #1136, 1000.000000000000114 ) ;
#835 = DIRECTION ( 'NONE',  ( 1.000000000000000000, 0.000000000000000000, 0.000000000000000000 ) ) ;
#836 = DIRECTION ( 'NONE',  ( -1.000000000000000000, -0.000000000000000000, -0.000000000000000000 ) ) ;
#837 = EDGE_LOOP ( 'NONE', ( #1379, #649, #1324, #1132 ) ) ;
#838 = DIRECTION ( 'NONE',  ( 0.000000000000000000, 0.000000000000000000, 1.000000000000000000 ) ) ;
#839 = VERTEX_POINT ( 'NONE', #1516 ) ;
#840 = CARTESIAN_POINT ( 'NONE',  ( 19.00000000000000000, 4.999999999999999112, -3.000000000000000000 ) ) ;
#841 = CARTESIAN_POINT ( 'NONE',  ( 15.10000000000000497, 34.85000000000000853, -2.000000000000000000 ) ) ;
#842 = ADVANCED_FACE ( 'NONE', ( #336 ), #329, .F. ) ;
#843 = DIRECTION ( 'NONE',  ( -0.000000000000000000, -1.000000000000000000, 0.000000000000000000 ) ) ;
#844 = APPLICATION_PROTOCOL_DEFINITION ( 'international standard', 'config_control_design', 1994, #1375 ) ;
#845 = DIRECTION ( 'NONE',  ( 1.370380087980770468E-15, -1.000000000000000000, 0.000000000000000000 ) ) ;
#846 = ORIENTED_EDGE ( 'NONE', *, *, #1635, .T. ) ;
#847 = DIRECTION ( 'NONE',  ( 1.000000000000000000, 0.000000000000000000, 0.000000000000000000 ) ) ;
#848 = CARTESIAN_POINT ( 'NONE',  ( -11.26999999999999957, 27.50000000000000355, -3.000000000000000000 ) ) ;
#849 = DIRECTION ( 'NONE',  ( -1.000000000000000000, 0.000000000000000000, 0.000000000000000000 ) ) ;
#850 = EDGE_CURVE ( 'NONE', #981, #890, #1160, .T. ) ;
#851 = LINE ( 'NONE', #54, #51 ) ;
#852 = ORIENTED_EDGE ( 'NONE', *, *, #1501, .F. ) ;
#853 = CARTESIAN_POINT ( 'NONE',  ( 1.000000000000000222, 2.468259366592386872, 0.000000000000000000 ) ) ;
#854 = DIRECTION ( 'NONE',  ( 0.000000000000000000, 0.000000000000000000, 1.000000000000000000 ) ) ;
#855 = FACE_OUTER_BOUND ( 'NONE', #1480, .T. ) ;
#856 = DIRECTION ( 'NONE',  ( -0.000000000000000000, 1.000000000000000000, -0.000000000000000000 ) ) ;
#857 = EDGE_CURVE ( 'NONE', #1414, #1190, #651, .T. ) ;
#858 = EDGE_LOOP ( 'NONE', ( #1702, #1171, #335, #951 ) ) ;
#859 = ADVANCED_FACE ( 'NONE', ( #257 ), #636, .F. ) ;
#860 = PLANE ( 'NONE',  #1268 ) ;
#861 = DIRECTION ( 'NONE',  ( 0.000000000000000000, 0.000000000000000000, 1.000000000000000000 ) ) ;
#862 = ORIENTED_EDGE ( 'NONE', *, *, #631, .T. ) ;
#863 = CARTESIAN_POINT ( 'NONE',  ( 13.99999999999999822, 2.300000000000007816, 0.000000000000000000 ) ) ;
#864 = CARTESIAN_POINT ( 'NONE',  ( 0.000000000000000000, 33.00000000000000000, -3.000000000000000000 ) ) ;
#865 = ORIENTED_EDGE ( 'NONE', *, *, #265, .T. ) ;
#866 = ORIENTED_EDGE ( 'NONE', *, *, #1079, .F. ) ;
#867 = CARTESIAN_POINT ( 'NONE',  ( 4.999999999999999112, 2.468259366592385540, -2.000000000000000000 ) ) ;
#868 = EDGE_CURVE ( 'NONE', #622, #557, #371, .T. ) ;
#869 = CC_DESIGN_PERSON_AND_ORGANIZATION_ASSIGNMENT ( #24, #956, ( #952 ) ) ;
#870 = CARTESIAN_POINT ( 'NONE',  ( 17.00000000000000711, 7.000000000000002665, -2.000000000000000000 ) ) ;
#871 = ORIENTED_EDGE ( 'NONE', *, *, #501, .T. ) ;
#872 = CARTESIAN_POINT ( 'NONE',  ( 17.00000000000000355, 17.30000000000000782, 0.000000000000000000 ) ) ;
#873 = LINE ( 'NONE', #1664, #1272 ) ;
#874 = VECTOR ( 'NONE', #408, 1000.000000000000000 ) ;
#875 = VERTEX_POINT ( 'NONE', #1033 ) ;
#876 = CARTESIAN_POINT ( 'NONE',  ( 4.999999999999998224, -1.712975109975960423E-15, -3.000000000000000000 ) ) ;
#877 = AXIS2_PLACEMENT_3D ( 'NONE', #210, #747, #89 ) ;
#878 = CARTESIAN_POINT ( 'NONE',  ( 20.00000000000000000, 0.000000000000000000, -3.000000000000000000 ) ) ;
#879 = APPLICATION_CONTEXT ( 'configuration controlled 3d designs of mechanical parts and assemblies' ) ;
#880 = VECTOR ( 'NONE', #713, 1000.000000000000000 ) ;
#881 = CARTESIAN_POINT ( 'NONE',  ( -14.00000000000000178, 45.00000000000000711, -3.000000000000000000 ) ) ;
#882 = ADVANCED_FACE ( 'NONE', ( #925 ), #509, .T. ) ;
#883 = ORIENTED_EDGE ( 'NONE', *, *, #385, .F. ) ;
#884 = AXIS2_PLACEMENT_3D ( 'NONE', #333, #1389, #1259 ) ;
#885 = CARTESIAN_POINT ( 'NONE',  ( 31.27000000000000668, 27.50000000000000711, -3.000000000000000000 ) ) ;
#886 = CIRCLE ( 'NONE', #499, 1.000000000000000000 ) ;
#887 = VECTOR ( 'NONE', #1153, 1000.000000000000000 ) ;
#888 = DIRECTION ( 'NONE',  ( 1.445602896647339163E-16, -1.000000000000000000, 0.000000000000000000 ) ) ;
#889 = ORIENTED_EDGE ( 'NONE', *, *, #1558, .F. ) ;
#890 = VERTEX_POINT ( 'NONE', #1703 ) ;
#891 = DIRECTION ( 'NONE',  ( -1.000000000000000000, 0.000000000000000000, 0.000000000000000000 ) ) ;
#892 = ORIENTED_EDGE ( 'NONE', *, *, #353, .T. ) ;
#893 = CIRCLE ( 'NONE', #1331, 8.000000000000003553 ) ;
#894 = DIRECTION ( 'NONE',  ( 0.000000000000000000, 0.000000000000000000, 1.000000000000000000 ) ) ;
#895 = EDGE_CURVE ( 'NONE', #1242, #622, #823, .T. ) ;
#896 = EDGE_CURVE ( 'NONE', #212, #1648, #1726, .T. ) ;
#897 = CARTESIAN_POINT ( 'NONE',  ( 32.70000000000000284, 37.70000000000000995, 0.000000000000000000 ) ) ;
#898 = VERTEX_POINT ( 'NONE', #516 ) ;
#899 = ORIENTED_EDGE ( 'NONE', *, *, #290, .T. ) ;
#900 = VERTEX_POINT ( 'NONE', #1592 ) ;
#901 = CARTESIAN_POINT ( 'NONE',  ( 9.999999999999998224, -7.000000000000000000, 3.499999999999999556 ) ) ;
#902 = CYLINDRICAL_SURFACE ( 'NONE', #974, 2.000000000000005329 ) ;
#903 = EDGE_CURVE ( 'NONE', #1458, #198, #131, .T. ) ;
#904 = ORIENTED_EDGE ( 'NONE', *, *, #385, .T. ) ;
#905 = CARTESIAN_POINT ( 'NONE',  ( 14.99999999999999645, 2.468259366592386428, -3.000000000000000000 ) ) ;
#906 = AXIS2_PLACEMENT_3D ( 'NONE', #1382, #456, #65 ) ;
#907 = VECTOR ( 'NONE', #1646, 1000.000000000000000 ) ;
#908 = ORIENTED_EDGE ( 'NONE', *, *, #612, .F. ) ;
#909 = AXIS2_PLACEMENT_3D ( 'NONE', #133, #782, #1055 ) ;
#910 = DIRECTION ( 'NONE',  ( -3.401418580346680326E-16, 1.000000000000000000, 0.000000000000000000 ) ) ;
#911 = CONICAL_SURFACE ( 'NONE', #695, 1.500000000000000444, 0.7853981633974530530 ) ;
#912 = DIRECTION ( 'NONE',  ( 0.000000000000000000, 0.000000000000000000, 1.000000000000000000 ) ) ;
#913 = ORIENTED_EDGE ( 'NONE', *, *, #1134, .F. ) ;
#914 = EDGE_CURVE ( 'NONE', #666, #1035, #781, .T. ) ;
#915 = PLANE ( 'NONE',  #1313 ) ;
#916 = ADVANCED_FACE ( 'NONE', ( #1045 ), #1584, .F. ) ;
#917 = ORIENTED_EDGE ( 'NONE', *, *, #413, .F. ) ;
#918 = DIRECTION ( 'NONE',  ( 0.000000000000000000, 0.000000000000000000, -1.000000000000000000 ) ) ;
#919 = LINE ( 'NONE', #381, #671 ) ;
#920 = DIRECTION ( 'NONE',  ( -0.000000000000000000, -1.000000000000000000, 0.000000000000000000 ) ) ;
#921 = ORIENTED_EDGE ( 'NONE', *, *, #1010, .T. ) ;
#922 = DIRECTION ( 'NONE',  ( 0.000000000000000000, -0.000000000000000000, -1.000000000000000000 ) ) ;
#923 = ORIENTED_EDGE ( 'NONE', *, *, #1446, .F. ) ;
#924 = EDGE_CURVE ( 'NONE', #607, #1707, #964, .T. ) ;
#925 = FACE_OUTER_BOUND ( 'NONE', #62, .T. ) ;
#926 = DIRECTION ( 'NONE',  ( 0.000000000000000000, -0.000000000000000000, -1.000000000000000000 ) ) ;
#927 = CARTESIAN_POINT ( 'NONE',  ( 1.000000000000000000, -8.564875549879810497E-17, -3.000000000000000000 ) ) ;
#928 = EDGE_LOOP ( 'NONE', ( #559, #1424, #1679, #1082 ) ) ;
#929 = DIRECTION ( 'NONE',  ( -3.425950219951921734E-16, -1.000000000000000000, 0.000000000000000000 ) ) ;
#930 = ORIENTED_EDGE ( 'NONE', *, *, #86, .F. ) ;
#931 = DIRECTION ( 'NONE',  ( 0.000000000000000000, 1.000000000000000000, 0.000000000000000000 ) ) ;
#932 = VECTOR ( 'NONE', #771, 1000.000000000000000 ) ;
#933 = EDGE_CURVE ( 'NONE', #1297, #900, #1054, .T. ) ;
#934 = CYLINDRICAL_SURFACE ( 'NONE', #1682, 1.000000000000000000 ) ;
#935 = EDGE_CURVE ( 'NONE', #732, #1233, #1185, .T. ) ;
#936 = LINE ( 'NONE', #250, #1350 ) ;
#937 = ORIENTED_EDGE ( 'NONE', *, *, #247, .F. ) ;
#938 = AXIS2_PLACEMENT_3D ( 'NONE', #1111, #348, #448 ) ;
#939 = DIRECTION ( 'NONE',  ( -0.000000000000000000, -0.000000000000000000, 1.000000000000000000 ) ) ;
#940 = VERTEX_POINT ( 'NONE', #1453 ) ;
#941 = VECTOR ( 'NONE', #286, 1000.000000000000000 ) ;
#942 = FACE_OUTER_BOUND ( 'NONE', #199, .T. ) ;
#943 = CARTESIAN_POINT ( 'NONE',  ( 0.000000000000000000, 33.00000000000000000, -3.000000000000000000 ) ) ;
#944 = LINE ( 'NONE', #1493, #941 ) ;
#945 = DIRECTION ( 'NONE',  ( -0.000000000000000000, 0.000000000000000000, 1.000000000000000000 ) ) ;
#946 = ORIENTED_EDGE ( 'NONE', *, *, #1001, .T. ) ;
#947 = ADVANCED_FACE ( 'NONE', ( #530 ), #266, .F. ) ;
#948 = CIRCLE ( 'NONE', #1474, 2.000000000000001776 ) ;
#949 = ADVANCED_FACE ( 'NONE', ( #234 ), #402, .F. ) ;
#950 = LINE ( 'NONE', #1479, #677 ) ;
#951 = ORIENTED_EDGE ( 'NONE', *, *, #14, .F. ) ;
#952 = PRODUCT ( 'D5 - ultrasonic holder final', 'D5 - ultrasonic holder final', '', ( #1494 ) ) ;
#953 = CARTESIAN_POINT ( 'NONE',  ( 4.730000000000001315, 27.50000000000000355, -3.000000000000000000 ) ) ;
#954 = FACE_OUTER_BOUND ( 'NONE', #762, .T. ) ;
#955 = LINE ( 'NONE', #452, #1686 ) ;
#956 = PERSON_AND_ORGANIZATION_ROLE ( 'design_owner' ) ;
#957 = EDGE_LOOP ( 'NONE', ( #1665, #195, #507, #1685, #639, #543, #1579, #1183 ) ) ;
#958 = DIRECTION ( 'NONE',  ( -0.000000000000000000, -1.000000000000000000, -0.000000000000000000 ) ) ;
#959 = ORIENTED_EDGE ( 'NONE', *, *, #110, .F. ) ;
#960 = CC_DESIGN_APPROVAL ( #1710, ( #1175 ) ) ;
#961 = EDGE_CURVE ( 'NONE', #1258, #1068, #1557, .T. ) ;
#962 = DIRECTION ( 'NONE',  ( 0.000000000000000000, 0.000000000000000000, -1.000000000000000000 ) ) ;
#963 = FACE_OUTER_BOUND ( 'NONE', #387, .T. ) ;
#964 = CIRCLE ( 'NONE', #216, 1.000000000000000000 ) ;
#965 = CIRCLE ( 'NONE', #379, 2.000000000000000000 ) ;
#966 = DIRECTION ( 'NONE',  ( 1.000000000000000000, 0.000000000000000000, 0.000000000000000000 ) ) ;
#967 = COORDINATED_UNIVERSAL_TIME_OFFSET ( 1, 0, .AHEAD. ) ;
#968 = ORIENTED_EDGE ( 'NONE', *, *, #247, .T. ) ;
#969 = DIRECTION ( 'NONE',  ( -0.000000000000000000, -1.000000000000000000, -0.000000000000000000 ) ) ;
#970 = AXIS2_PLACEMENT_3D ( 'NONE', #927, #1073, #547 ) ;
#971 = ORIENTED_EDGE ( 'NONE', *, *, #1138, .F. ) ;
#972 = AXIS2_PLACEMENT_3D ( 'NONE', #1106, #1617, #1340 ) ;
#973 = LINE ( 'NONE', #1500, #1656 ) ;
#974 = AXIS2_PLACEMENT_3D ( 'NONE', #807, #646, #1697 ) ;
#975 = CIRCLE ( 'NONE', #1107, 1.000000000000000000 ) ;
#976 = EDGE_CURVE ( 'NONE', #368, #77, #439, .T. ) ;
#977 = APPROVAL ( #172, 'UNSPECIFIED' ) ;
#978 = DIRECTION ( 'NONE',  ( -0.000000000000000000, 1.000000000000000000, -0.000000000000000000 ) ) ;
#979 = LINE ( 'NONE', #15, #1321 ) ;
#980 = DIRECTION ( 'NONE',  ( 1.000000000000000000, 1.528390727732869609E-16, 0.000000000000000000 ) ) ;
#981 = VERTEX_POINT ( 'NONE', #141 ) ;
#982 = LINE ( 'NONE', #1396, #749 ) ;
#983 = CARTESIAN_POINT ( 'NONE',  ( -12.69999999999999751, 17.30000000000000426, -2.000000000000000000 ) ) ;
#984 = CARTESIAN_POINT ( 'NONE',  ( 20.00000000000000000, 10.00000000000000000, 0.000000000000000000 ) ) ;
#985 = CARTESIAN_POINT ( 'NONE',  ( 0.000000000000000000, 0.000000000000000000, 0.000000000000000000 ) ) ;
#986 = CARTESIAN_POINT ( 'NONE',  ( -3.269999999999998685, 27.50000000000000355, -3.000000000000000000 ) ) ;
#987 = ORIENTED_EDGE ( 'NONE', *, *, #1443, .T. ) ;
#988 = DIRECTION ( 'NONE',  ( 0.000000000000000000, -1.000000000000000000, 0.000000000000000000 ) ) ;
#989 = CC_DESIGN_APPROVAL ( #1582, ( #1618 ) ) ;
#990 = DIRECTION ( 'NONE',  ( 0.000000000000000000, -1.000000000000000000, 0.000000000000000000 ) ) ;
#991 = ADVANCED_FACE ( 'NONE', ( #963 ), #934, .T. ) ;
#992 = DIRECTION ( 'NONE',  ( 0.000000000000000000, 0.000000000000000000, -1.000000000000000000 ) ) ;
#993 = VECTOR ( 'NONE', #1447, 1000.000000000000000 ) ;
#994 = PLANE ( 'NONE',  #364 ) ;
#995 = ORIENTED_EDGE ( 'NONE', *, *, #103, .F. ) ;
#996 = DIRECTION ( 'NONE',  ( 0.000000000000000000, 0.000000000000000000, 1.000000000000000000 ) ) ;
#997 = DIRECTION ( 'NONE',  ( -0.000000000000000000, -1.000000000000000000, -0.000000000000000000 ) ) ;
#998 = ORIENTED_EDGE ( 'NONE', *, *, #1558, .T. ) ;
#999 = DIRECTION ( 'NONE',  ( 1.000000000000000000, 0.000000000000000000, 0.000000000000000000 ) ) ;
#1000 = PLANE ( 'NONE',  #1498 ) ;
#1001 = EDGE_CURVE ( 'NONE', #1583, #212, #1097, .T. ) ;
#1002 = ORIENTED_EDGE ( 'NONE', *, *, #413, .T. ) ;
#1003 = VERTEX_POINT ( 'NONE', #1105 ) ;
#1004 = DIRECTION ( 'NONE',  ( 1.000000000000000000, 0.000000000000000000, 0.000000000000000000 ) ) ;
#1005 = DIRECTION ( 'NONE',  ( -1.000000000000000000, 0.000000000000000000, 0.000000000000000000 ) ) ;
#1006 = EDGE_LOOP ( 'NONE', ( #273, #808, #433, #832, #108, #343, #632, #548, #1723, #1360, #1128, #1227, #1151, #1672, #1285, #66, #1419, #1553, #1179, #1675, #522, #475, #1544, #191, #461, #1698 ) ) ;
#1007 = LINE ( 'NONE', #1532, #518 ) ;
#1008 = FACE_OUTER_BOUND ( 'NONE', #55, .T. ) ;
#1009 = VERTEX_POINT ( 'NONE', #1599 ) ;
#1010 = EDGE_CURVE ( 'NONE', #93, #255, #294, .T. ) ;
#1011 = PLANE ( 'NONE',  #121 ) ;
#1012 = DIRECTION ( 'NONE',  ( 0.000000000000000000, 0.000000000000000000, -1.000000000000000000 ) ) ;
#1013 = CARTESIAN_POINT ( 'NONE',  ( -15.00000000000000355, 10.00000000000000000, -1.000000000000000000 ) ) ;
#1014 = EDGE_LOOP ( 'NONE', ( #765, #1478, #696, #498, #1445, #1109, #728, #1399, #968, #615, #704, #1344, #357, #1206 ) ) ;
#1015 = CARTESIAN_POINT ( 'NONE',  ( 13.99999999999999822, 3.000000000000000000, 10.00000000000000000 ) ) ;
#1016 = CARTESIAN_POINT ( 'NONE',  ( -3.269999999999998685, 27.50000000000000355, -2.000000000000000000 ) ) ;
#1017 = AXIS2_PLACEMENT_3D ( 'NONE', #1200, #810, #1041 ) ;
#1018 = EDGE_LOOP ( 'NONE', ( #111, #1155, #252, #630, #1145, #472, #1526, #1195 ) ) ;
#1019 = ORIENTED_EDGE ( 'NONE', *, *, #763, .F. ) ;
#1020 = AXIS2_PLACEMENT_3D ( 'NONE', #1086, #441, #1214 ) ;
#1021 = DIRECTION ( 'NONE',  ( 0.000000000000000000, 1.000000000000000000, 0.000000000000000000 ) ) ;
#1022 = ORIENTED_EDGE ( 'NONE', *, *, #1157, .T. ) ;
#1023 = ORIENTED_EDGE ( 'NONE', *, *, #552, .T. ) ;
#1024 = CIRCLE ( 'NONE', #938, 1.850000000000004530 ) ;
#1025 = EDGE_CURVE ( 'NONE', #1512, #839, #687, .T. ) ;
#1026 = DIRECTION ( 'NONE',  ( -0.000000000000000000, -1.000000000000000000, -0.000000000000000000 ) ) ;
#1027 = VECTOR ( 'NONE', #742, 1000.000000000000000 ) ;
#1028 = CARTESIAN_POINT ( 'NONE',  ( -12.69999999999999751, 17.30000000000000426, -2.000000000000000000 ) ) ;
#1029 = VERTEX_POINT ( 'NONE', #168 ) ;
#1030 = VERTEX_POINT ( 'NONE', #822 ) ;
#1031 = VERTEX_POINT ( 'NONE', #706 ) ;
#1032 = CIRCLE ( 'NONE', #1250, 1.000000000000000000 ) ;
#1033 = CARTESIAN_POINT ( 'NONE',  ( 6.749999999999997335, 33.00000000000000000, -2.000000000000000000 ) ) ;
#1034 = FACE_OUTER_BOUND ( 'NONE', #143, .T. ) ;
#1035 = VERTEX_POINT ( 'NONE', #430 ) ;
#1036 = VERTEX_POINT ( 'NONE', #841 ) ;
#1037 = ORIENTED_EDGE ( 'NONE', *, *, #1079, .T. ) ;
#1038 = DIRECTION ( 'NONE',  ( -1.000000000000000000, -0.000000000000000000, -0.000000000000000000 ) ) ;
#1039 = LINE ( 'NONE', #789, #1270 ) ;
#1040 = ORIENTED_EDGE ( 'NONE', *, *, #1387, .F. ) ;
#1041 = DIRECTION ( 'NONE',  ( 1.000000000000000000, 0.000000000000000000, 0.000000000000000000 ) ) ;
#1042 = CIRCLE ( 'NONE', #877, 2.000000000000001776 ) ;
#1043 = VECTOR ( 'NONE', #354, 1000.000000000000000 ) ;
#1044 = ORIENTED_EDGE ( 'NONE', *, *, #1336, .T. ) ;
#1045 = FACE_OUTER_BOUND ( 'NONE', #660, .T. ) ;
#1046 = VECTOR ( 'NONE', #1649, 1000.000000000000000 ) ;
#1047 = CYLINDRICAL_SURFACE ( 'NONE', #1570, 1.500000000000000444 ) ;
#1048 = CARTESIAN_POINT ( 'NONE',  ( -12.69999999999999751, 17.30000000000000426, 0.000000000000000000 ) ) ;
#1049 = AXIS2_PLACEMENT_3D ( 'NONE', #1593, #1577, #107 ) ;
#1050 = VECTOR ( 'NONE', #1291, 1000.000000000000000 ) ;
#1051 = ORIENTED_EDGE ( 'NONE', *, *, #22, .T. ) ;
#1052 = CARTESIAN_POINT ( 'NONE',  ( -12.69999999999999751, 37.70000000000000284, -2.000000000000000000 ) ) ;
#1053 = ORIENTED_EDGE ( 'NONE', *, *, #504, .T. ) ;
#1054 = LINE ( 'NONE', #120, #579 ) ;
#1055 = DIRECTION ( 'NONE',  ( 0.000000000000000000, -0.000000000000000000, -1.000000000000000000 ) ) ;
#1056 = DIRECTION ( 'NONE',  ( 0.000000000000000000, -0.000000000000000000, -1.000000000000000000 ) ) ;
#1057 = ORIENTED_EDGE ( 'NONE', *, *, #554, .F. ) ;
#1058 = DIRECTION ( 'NONE',  ( 0.000000000000000000, 0.000000000000000000, 1.000000000000000000 ) ) ;
#1059 = ORIENTED_EDGE ( 'NONE', *, *, #1365, .F. ) ;
#1060 = LINE ( 'NONE', #568, #1212 ) ;
#1061 = EDGE_CURVE ( 'NONE', #77, #1421, #1229, .T. ) ;
#1062 = CARTESIAN_POINT ( 'NONE',  ( 9.999999999999998224, 0.000000000000000000, 5.000000000000000000 ) ) ;
#1063 = DIRECTION ( 'NONE',  ( 1.000000000000000000, 0.000000000000000000, 0.000000000000000000 ) ) ;
#1064 = CARTESIAN_POINT ( 'NONE',  ( -14.00000000000000178, 10.00000000000000000, -3.000000000000000000 ) ) ;
#1065 = EDGE_LOOP ( 'NONE', ( #1, #866 ) ) ;
#1066 = LOCAL_TIME ( 11, 36, 37.00000000000000000, #967 ) ;
#1067 = CARTESIAN_POINT ( 'NONE',  ( 13.99999999999999822, 0.000000000000000000, 10.00000000000000000 ) ) ;
#1068 = VERTEX_POINT ( 'NONE', #305 ) ;
#1069 = DIRECTION ( 'NONE',  ( -0.000000000000000000, -0.000000000000000000, 1.000000000000000000 ) ) ;
#1070 = FACE_BOUND ( 'NONE', #803, .T. ) ;
#1071 = EDGE_CURVE ( 'NONE', #607, #1249, #13, .T. ) ;
#1072 = DIRECTION ( 'NONE',  ( 0.000000000000000000, -1.000000000000000000, 0.000000000000000000 ) ) ;
#1073 = DIRECTION ( 'NONE',  ( -1.000000000000000000, 8.564875549879809264E-17, 0.000000000000000000 ) ) ;
#1074 = ORIENTED_EDGE ( 'NONE', *, *, #180, .F. ) ;
#1075 = LINE ( 'NONE', #1596, #874 ) ;
#1076 = ORIENTED_EDGE ( 'NONE', *, *, #510, .F. ) ;
#1077 = LINE ( 'NONE', #2, #524 ) ;
#1078 = PLANE ( 'NONE',  #1020 ) ;
#1079 = EDGE_CURVE ( 'NONE', #1282, #711, #517, .T. ) ;
#1080 = DIRECTION ( 'NONE',  ( 1.000000000000000000, 0.000000000000000000, 0.000000000000000000 ) ) ;
#1081 = PERSON_AND_ORGANIZATION ( #1483, #1701 ) ;
#1082 = ORIENTED_EDGE ( 'NONE', *, *, #1240, .F. ) ;
#1083 = DIRECTION ( 'NONE',  ( 1.000000000000000000, 0.000000000000000000, 0.000000000000000000 ) ) ;
#1084 = VERTEX_POINT ( 'NONE', #698 ) ;
#1085 = LINE ( 'NONE', #20, #722 ) ;
#1086 = CARTESIAN_POINT ( 'NONE',  ( 0.000000000000000000, 0.000000000000000000, -3.000000000000000000 ) ) ;
#1087 = CARTESIAN_POINT ( 'NONE',  ( -3.269999999999998685, 27.50000000000000355, -3.000000000000000000 ) ) ;
#1088 = APPROVAL_STATUS ( 'not_yet_approved' ) ;
#1089 = ADVANCED_FACE ( 'NONE', ( #1222 ), #412, .F. ) ;
#1090 = ORIENTED_EDGE ( 'NONE', *, *, #565, .F. ) ;
#1091 = LINE ( 'NONE', #1486, #418 ) ;
#1092 = ADVANCED_FACE ( 'NONE', ( #954 ), #1607, .F. ) ;
#1093 = ORIENTED_EDGE ( 'NONE', *, *, #1061, .F. ) ;
#1094 = PRODUCT_DEFINITION ( 'UNKNOWN', '', #1175, #633 ) ;
#1095 = LINE ( 'NONE', #1329, #1465 ) ;
#1096 = VECTOR ( 'NONE', #8, 1000.000000000000000 ) ;
#1097 = LINE ( 'NONE', #1492, #1124 ) ;
#1098 = VECTOR ( 'NONE', #1668, 1000.000000000000000 ) ;
#1099 = DIRECTION ( 'NONE',  ( 0.000000000000000000, 0.000000000000000000, 1.000000000000000000 ) ) ;
#1100 = LINE ( 'NONE', #1369, #1167 ) ;
#1101 = VECTOR ( 'NONE', #1021, 1000.000000000000000 ) ;
#1102 = ORIENTED_EDGE ( 'NONE', *, *, #1688, .F. ) ;
#1103 = LINE ( 'NONE', #1251, #496 ) ;
#1104 = CIRCLE ( 'NONE', #359, 1.500000000000000444 ) ;
#1105 = CARTESIAN_POINT ( 'NONE',  ( 14.99999999999999289, 4.999999999999998224, -2.000000000000000000 ) ) ;
#1106 = CARTESIAN_POINT ( 'NONE',  ( 0.000000000000000000, 0.000000000000000000, 0.000000000000000000 ) ) ;
#1107 = AXIS2_PLACEMENT_3D ( 'NONE', #1393, #229, #1265 ) ;
#1108 = CARTESIAN_POINT ( 'NONE',  ( 20.00000000000000000, 0.000000000000000000, -3.000000000000000000 ) ) ;
#1109 = ORIENTED_EDGE ( 'NONE', *, *, #1591, .T. ) ;
#1110 = VECTOR ( 'NONE', #289, 1000.000000000000000 ) ;
#1111 = CARTESIAN_POINT ( 'NONE',  ( 13.25000000000000178, 34.85000000000000853, -2.000000000000000000 ) ) ;
#1112 = ADVANCED_FACE ( 'NONE', ( #1070, #285, #148, #313, #561, #553 ), #1078, .F. ) ;
#1113 = CARTESIAN_POINT ( 'NONE',  ( 6.750000000000000888, 34.85000000000000853, -2.000000000000000000 ) ) ;
#1114 = EDGE_CURVE ( 'NONE', #1031, #17, #1347, .T. ) ;
#1115 = CARTESIAN_POINT ( 'NONE',  ( 13.99999999999999822, 0.000000000000000000, 10.00000000000000000 ) ) ;
#1116 = DATE_AND_TIME ( #1476, #118 ) ;
#1117 = CARTESIAN_POINT ( 'NONE',  ( 0.000000000000000000, 0.000000000000000000, 0.000000000000000000 ) ) ;
#1118 = EDGE_LOOP ( 'NONE', ( #1560, #904, #163, #1520 ) ) ;
#1119 = DIRECTION ( 'NONE',  ( 0.000000000000000000, 0.000000000000000000, 1.000000000000000000 ) ) ;
#1120 = PLANE ( 'NONE',  #906 ) ;
#1121 = ORIENTED_EDGE ( 'NONE', *, *, #650, .F. ) ;
#1122 = ADVANCED_FACE ( 'NONE', ( #176 ), #1637, .T. ) ;
#1123 = CARTESIAN_POINT ( 'NONE',  ( 20.00000000000000000, 0.000000000000000000, -3.000000000000000000 ) ) ;
#1124 = VECTOR ( 'NONE', #1204, 1000.000000000000000 ) ;
#1125 = DIRECTION ( 'NONE',  ( 1.156482317317871478E-16, -1.000000000000000000, 0.000000000000000000 ) ) ;
#1126 = CIRCLE ( 'NONE', #829, 2.000000000000005329 ) ;
#1127 = ORIENTED_EDGE ( 'NONE', *, *, #1446, .T. ) ;
#1128 = ORIENTED_EDGE ( 'NONE', *, *, #1240, .T. ) ;
#1129 = CIRCLE ( 'NONE', #383, 2.000000000000000000 ) ;
#1130 = CARTESIAN_POINT ( 'NONE',  ( 13.25000000000000533, 33.00000000000000000, -3.000000000000000000 ) ) ;
#1131 = DIRECTION ( 'NONE',  ( 1.000000000000000000, 0.000000000000000000, 0.000000000000000000 ) ) ;
#1132 = ORIENTED_EDGE ( 'NONE', *, *, #267, .F. ) ;
#1133 = LINE ( 'NONE', #495, #1548 ) ;
#1134 = EDGE_CURVE ( 'NONE', #94, #318, #1522, .T. ) ;
#1135 = EDGE_CURVE ( 'NONE', #219, #1294, #1390, .T. ) ;
#1136 = DIRECTION ( 'NONE',  ( 8.659560562354973534E-17, 0.7071067811865441310, -0.7071067811865507924 ) ) ;
#1137 = ORIENTED_EDGE ( 'NONE', *, *, #668, .F. ) ;
#1138 = EDGE_CURVE ( 'NONE', #1552, #940, #965, .T. ) ;
#1139 = EDGE_LOOP ( 'NONE', ( #865, #794, #398, #207 ) ) ;
#1140 = DIRECTION ( 'NONE',  ( -0.000000000000000000, 0.000000000000000000, 1.000000000000000000 ) ) ;
#1141 = DIRECTION ( 'NONE',  ( 0.000000000000000000, -0.000000000000000000, -1.000000000000000000 ) ) ;
#1142 = VERTEX_POINT ( 'NONE', #881 ) ;
#1143 = DIRECTION ( 'NONE',  ( 0.000000000000000000, 0.000000000000000000, 1.000000000000000000 ) ) ;
#1144 = FACE_OUTER_BOUND ( 'NONE', #1669, .T. ) ;
#1145 = ORIENTED_EDGE ( 'NONE', *, *, #280, .T. ) ;
#1146 = ORIENTED_EDGE ( 'NONE', *, *, #426, .F. ) ;
#1147 = EDGE_CURVE ( 'NONE', #255, #1712, #351, .T. ) ;
#1148 = CC_DESIGN_PERSON_AND_ORGANIZATION_ASSIGNMENT ( #459, #556, ( #1175 ) ) ;
#1149 = DIRECTION ( 'NONE',  ( -0.000000000000000000, -1.000000000000000000, -0.000000000000000000 ) ) ;
#1150 = DIRECTION ( 'NONE',  ( 0.000000000000000000, 0.000000000000000000, 1.000000000000000000 ) ) ;
#1151 = ORIENTED_EDGE ( 'NONE', *, *, #634, .T. ) ;
#1152 = CARTESIAN_POINT ( 'NONE',  ( 16.99999999999999645, 2.468259366592386428, -3.000000000000000000 ) ) ;
#1153 = DIRECTION ( 'NONE',  ( -0.000000000000000000, -0.000000000000000000, 1.000000000000000000 ) ) ;
#1154 = EDGE_LOOP ( 'NONE', ( #1121, #1394, #10, #407 ) ) ;
#1155 = ORIENTED_EDGE ( 'NONE', *, *, #403, .T. ) ;
#1156 = AXIS2_PLACEMENT_3D ( 'NONE', #428, #833, #686 ) ;
#1157 = EDGE_CURVE ( 'NONE', #745, #374, #1507, .T. ) ;
#1158 = ORIENTED_EDGE ( 'NONE', *, *, #760, .T. ) ;
#1159 = AXIS2_PLACEMENT_3D ( 'NONE', #64, #604, #327 ) ;
#1160 = LINE ( 'NONE', #249, #993 ) ;
#1161 = DIRECTION ( 'NONE',  ( 0.000000000000000000, -1.000000000000000000, 0.000000000000000000 ) ) ;
#1162 = ORIENTED_EDGE ( 'NONE', *, *, #469, .T. ) ;
#1163 = ORIENTED_EDGE ( 'NONE', *, *, #481, .F. ) ;
#1164 = ORIENTED_EDGE ( 'NONE', *, *, #1623, .F. ) ;
#1165 = UNCERTAINTY_MEASURE_WITH_UNIT (LENGTH_MEASURE( 1.000000000000000082E-05 ), #406, 'distance_accuracy_value', 'NONE');
#1166 = ORIENTED_EDGE ( 'NONE', *, *, #192, .F. ) ;
#1167 = VECTOR ( 'NONE', #958, 1000.000000000000000 ) ;
#1168 = CARTESIAN_POINT ( 'NONE',  ( 0.000000000000000000, 0.000000000000000000, -3.000000000000000000 ) ) ;
#1169 = ADVANCED_FACE ( 'NONE', ( #194 ), #1120, .F. ) ;
#1170 = FACE_OUTER_BOUND ( 'NONE', #1118, .T. ) ;
#1171 = ORIENTED_EDGE ( 'NONE', *, *, #961, .T. ) ;
#1172 = DIRECTION ( 'NONE',  ( 0.000000000000000000, 0.000000000000000000, -1.000000000000000000 ) ) ;
#1173 = VERTEX_POINT ( 'NONE', #328 ) ;
#1174 = CARTESIAN_POINT ( 'NONE',  ( 17.00000000000000711, 1.966019939440382425E-15, -2.000000000000000000 ) ) ;
#1175 = PRODUCT_DEFINITION_FORMATION_WITH_SPECIFIED_SOURCE ( 'ANY', '', #952, .NOT_KNOWN. ) ;
#1176 = EDGE_CURVE ( 'NONE', #135, #97, #757, .T. ) ;
#1177 = DIRECTION ( 'NONE',  ( 0.000000000000000000, -0.000000000000000000, -1.000000000000000000 ) ) ;
#1178 = CARTESIAN_POINT ( 'NONE',  ( -12.69999999999999751, 37.70000000000000284, 0.000000000000000000 ) ) ;
#1179 = ORIENTED_EDGE ( 'NONE', *, *, #1397, .F. ) ;
#1180 = VECTOR ( 'NONE', #1588, 1000.000000000000000 ) ;
#1181 = DIRECTION ( 'NONE',  ( 0.000000000000000000, 0.000000000000000000, 1.000000000000000000 ) ) ;
#1182 = CIRCLE ( 'NONE', #1404, 1.850000000000004530 ) ;
#1183 = ORIENTED_EDGE ( 'NONE', *, *, #394, .T. ) ;
#1184 = AXIS2_PLACEMENT_3D ( 'NONE', #767, #1290, #99 ) ;
#1185 = LINE ( 'NONE', #1717, #1627 ) ;
#1186 = VECTOR ( 'NONE', #920, 1000.000000000000000 ) ;
#1187 = DIRECTION ( 'NONE',  ( -0.000000000000000000, -0.000000000000000000, 1.000000000000000000 ) ) ;
#1188 = CARTESIAN_POINT ( 'NONE',  ( 0.000000000000000000, 2.300000000000007816, -2.000000000000000000 ) ) ;
#1189 = AXIS2_PLACEMENT_3D ( 'NONE', #653, #1187, #1448 ) ;
#1190 = VERTEX_POINT ( 'NONE', #870 ) ;
#1191 = DIRECTION ( 'NONE',  ( -0.000000000000000000, -1.000000000000000000, -0.000000000000000000 ) ) ;
#1192 = EDGE_CURVE ( 'NONE', #1648, #875, #1182, .T. ) ;
#1193 = ORIENTED_EDGE ( 'NONE', *, *, #504, .F. ) ;
#1194 = CARTESIAN_POINT ( 'NONE',  ( 15.27000000000000135, 27.50000000000000711, -3.000000000000000000 ) ) ;
#1195 = ORIENTED_EDGE ( 'NONE', *, *, #1114, .T. ) ;
#1196 = DIRECTION ( 'NONE',  ( 0.000000000000000000, 0.000000000000000000, 1.000000000000000000 ) ) ;
#1197 = DIRECTION ( 'NONE',  ( 3.425950219951921734E-16, 1.000000000000000000, 0.000000000000000000 ) ) ;
#1198 = FACE_OUTER_BOUND ( 'NONE', #693, .T. ) ;
#1199 = ORIENTED_EDGE ( 'NONE', *, *, #763, .T. ) ;
#1200 = CARTESIAN_POINT ( 'NONE',  ( -3.269999999999998685, 27.50000000000000355, -3.000000000000000000 ) ) ;
#1201 = ORIENTED_EDGE ( 'NONE', *, *, #1518, .T. ) ;
#1202 = ADVANCED_FACE ( 'NONE', ( #484 ), #334, .F. ) ;
#1203 = DIRECTION ( 'NONE',  ( 0.000000000000000000, -1.000000000000000000, 0.000000000000000000 ) ) ;
#1204 = DIRECTION ( 'NONE',  ( -0.000000000000000000, -0.000000000000000000, 1.000000000000000000 ) ) ;
#1205 = LINE ( 'NONE', #177, #129 ) ;
#1206 = ORIENTED_EDGE ( 'NONE', *, *, #256, .T. ) ;
#1207 = LINE ( 'NONE', #549, #1622 ) ;
#1208 = ORIENTED_EDGE ( 'NONE', *, *, #1645, .T. ) ;
#1209 = DIRECTION ( 'NONE',  ( 0.000000000000000000, 0.000000000000000000, -1.000000000000000000 ) ) ;
#1210 = ADVANCED_FACE ( 'NONE', ( #731 ), #58, .T. ) ;
#1211 = EDGE_CURVE ( 'NONE', #800, #642, #663, .T. ) ;
#1212 = VECTOR ( 'NONE', #1228, 1000.000000000000000 ) ;
#1213 = AXIS2_PLACEMENT_3D ( 'NONE', #759, #458, #992 ) ;
#1214 = DIRECTION ( 'NONE',  ( 1.000000000000000000, 0.000000000000000000, 0.000000000000000000 ) ) ;
#1215 = DIRECTION ( 'NONE',  ( 0.000000000000000000, 0.000000000000000000, -1.000000000000000000 ) ) ;
#1216 = PERSON_AND_ORGANIZATION ( #1483, #1701 ) ;
#1217 = ORIENTED_EDGE ( 'NONE', *, *, #1397, .T. ) ;
#1218 = DIRECTION ( 'NONE',  ( 1.000000000000000000, 0.000000000000000000, 0.000000000000000000 ) ) ;
#1219 = EDGE_LOOP ( 'NONE', ( #764, #754, #1044, #515, #1611, #852 ) ) ;
#1220 = CARTESIAN_POINT ( 'NONE',  ( -12.69999999999999751, 37.70000000000000284, -2.000000000000000000 ) ) ;
#1221 = EDGE_CURVE ( 'NONE', #1574, #279, #185, .T. ) ;
#1222 = FACE_OUTER_BOUND ( 'NONE', #1523, .T. ) ;
#1223 = EDGE_CURVE ( 'NONE', #1658, #318, #1042, .T. ) ;
#1224 = LINE ( 'NONE', #714, #724 ) ;
#1225 = EDGE_LOOP ( 'NONE', ( #471, #614, #260, #819, #105, #288 ) ) ;
#1226 = LINE ( 'NONE', #416, #1608 ) ;
#1227 = ORIENTED_EDGE ( 'NONE', *, *, #280, .F. ) ;
#1228 = DIRECTION ( 'NONE',  ( 0.000000000000000000, 0.000000000000000000, 1.000000000000000000 ) ) ;
#1229 = LINE ( 'NONE', #943, #299 ) ;
#1230 = FACE_OUTER_BOUND ( 'NONE', #1006, .T. ) ;
#1231 = APPROVAL_ROLE ( '' ) ;
#1232 = CARTESIAN_POINT ( 'NONE',  ( 20.00000000000000000, 0.000000000000000000, 0.000000000000000000 ) ) ;
#1233 = VERTEX_POINT ( 'NONE', #450 ) ;
#1234 = LINE ( 'NONE', #38, #187 ) ;
#1235 = DIRECTION ( 'NONE',  ( 0.000000000000000000, -0.000000000000000000, -1.000000000000000000 ) ) ;
#1236 = AXIS2_PLACEMENT_3D ( 'NONE', #40, #349, #861 ) ;
#1237 = PLANE ( 'NONE',  #670 ) ;
#1238 = SECURITY_CLASSIFICATION_LEVEL ( 'unclassified' ) ;
#1239 = LINE ( 'NONE', #317, #1554 ) ;
#1240 = EDGE_CURVE ( 'NONE', #1035, #59, #1271, .T. ) ;
#1241 = VECTOR ( 'NONE', #721, 1000.000000000000000 ) ;
#1242 = VERTEX_POINT ( 'NONE', #617 ) ;
#1243 = VECTOR ( 'NONE', #966, 1000.000000000000000 ) ;
#1244 = CARTESIAN_POINT ( 'NONE',  ( 9.999999999999998224, 2.000000000000014655, 5.000000000000000000 ) ) ;
#1245 = CARTESIAN_POINT ( 'NONE',  ( 35.00000000000000000, 0.000000000000000000, -3.000000000000000000 ) ) ;
#1246 = CARTESIAN_POINT ( 'NONE',  ( 0.000000000000000000, 0.000000000000000000, -2.000000000000000000 ) ) ;
#1247 = PERSON_AND_ORGANIZATION ( #1483, #1701 ) ;
#1248 = LINE ( 'NONE', #566, #730 ) ;
#1249 = VERTEX_POINT ( 'NONE', #1013 ) ;
#1250 = AXIS2_PLACEMENT_3D ( 'NONE', #784, #727, #27 ) ;
#1251 = CARTESIAN_POINT ( 'NONE',  ( -0.000000000000000000, 2.300000000000007816, 0.000000000000000000 ) ) ;
#1252 = EDGE_CURVE ( 'NONE', #1531, #1535, #225, .T. ) ;
#1253 = DIRECTION ( 'NONE',  ( 1.000000000000000000, 0.000000000000000000, 0.000000000000000000 ) ) ;
#1254 = VERTEX_POINT ( 'NONE', #983 ) ;
#1255 = CARTESIAN_POINT ( 'NONE',  ( 15.10000000000000497, 34.85000000000000853, -3.000000000000000000 ) ) ;
#1256 = CARTESIAN_POINT ( 'NONE',  ( 0.000000000000000000, 0.000000000000000000, -3.000000000000000000 ) ) ;
#1257 = ORIENTED_EDGE ( 'NONE', *, *, #797, .F. ) ;
#1258 = VERTEX_POINT ( 'NONE', #848 ) ;
#1259 = DIRECTION ( 'NONE',  ( 0.000000000000000000, 0.000000000000000000, -1.000000000000000000 ) ) ;
#1260 = DIRECTION ( 'NONE',  ( 0.000000000000000000, -0.000000000000000000, -1.000000000000000000 ) ) ;
#1261 = ORIENTED_EDGE ( 'NONE', *, *, #146, .F. ) ;
#1262 = LINE ( 'NONE', #1663, #1568 ) ;
#1263 = ADVANCED_FACE ( 'NONE', ( #1373 ), #186, .T. ) ;
#1264 = VECTOR ( 'NONE', #626, 1000.000000000000000 ) ;
#1265 = DIRECTION ( 'NONE',  ( 0.000000000000000000, 0.000000000000000000, -1.000000000000000000 ) ) ;
#1266 = ORIENTED_EDGE ( 'NONE', *, *, #895, .F. ) ;
#1267 = EDGE_LOOP ( 'NONE', ( #465, #1201, #527, #1057, #1420, #1633 ) ) ;
#1268 = AXIS2_PLACEMENT_3D ( 'NONE', #1269, #1012, #319 ) ;
#1269 = CARTESIAN_POINT ( 'NONE',  ( 0.000000000000000000, 0.000000000000000000, 10.00000000000000000 ) ) ;
#1270 = VECTOR ( 'NONE', #1063, 1000.000000000000000 ) ;
#1271 = LINE ( 'NONE', #1514, #1264 ) ;
#1272 = VECTOR ( 'NONE', #1125, 1000.000000000000000 ) ;
#1273 = VERTEX_POINT ( 'NONE', #1573 ) ;
#1274 = ADVANCED_FACE ( 'NONE', ( #386 ), #262, .F. ) ;
#1275 = LINE ( 'NONE', #1115, #907 ) ;
#1276 = EDGE_CURVE ( 'NONE', #711, #800, #104, .T. ) ;
#1277 = FACE_OUTER_BOUND ( 'NONE', #957, .T. ) ;
#1278 = ORIENTED_EDGE ( 'NONE', *, *, #788, .T. ) ;
#1279 = LINE ( 'NONE', #514, #572 ) ;
#1280 = DIRECTION ( 'NONE',  ( 1.445602896647339163E-16, -1.000000000000000000, 0.000000000000000000 ) ) ;
#1281 = CARTESIAN_POINT ( 'NONE',  ( 1.000000000000000222, 2.468259366592386872, -3.000000000000000000 ) ) ;
#1282 = VERTEX_POINT ( 'NONE', #1194 ) ;
#1283 = FACE_BOUND ( 'NONE', #1370, .T. ) ;
#1284 = CYLINDRICAL_SURFACE ( 'NONE', #444, 1.850000000000004530 ) ;
#1285 = ORIENTED_EDGE ( 'NONE', *, *, #772, .F. ) ;
#1286 = EDGE_CURVE ( 'NONE', #318, #1003, #680, .T. ) ;
#1287 = ORIENTED_EDGE ( 'NONE', *, *, #924, .F. ) ;
#1288 = ORIENTED_EDGE ( 'NONE', *, *, #1674, .T. ) ;
#1289 = EDGE_LOOP ( 'NONE', ( #1589, #165, #685, #1074 ) ) ;
#1290 = DIRECTION ( 'NONE',  ( 1.000000000000000000, -0.000000000000000000, 0.000000000000000000 ) ) ;
#1291 = DIRECTION ( 'NONE',  ( 1.000000000000000000, 0.000000000000000000, 0.000000000000000000 ) ) ;
#1292 = ORIENTED_EDGE ( 'NONE', *, *, #779, .T. ) ;
#1293 = VERTEX_POINT ( 'NONE', #953 ) ;
#1294 = VERTEX_POINT ( 'NONE', #1590 ) ;
#1295 = DIRECTION ( 'NONE',  ( 0.000000000000000000, 0.000000000000000000, -1.000000000000000000 ) ) ;
#1296 = DIRECTION ( 'NONE',  ( -0.000000000000000000, 0.000000000000000000, 1.000000000000000000 ) ) ;
#1297 = VERTEX_POINT ( 'NONE', #544 ) ;
#1298 = CYLINDRICAL_SURFACE ( 'NONE', #1459, 1.850000000000004530 ) ;
#1299 = EDGE_LOOP ( 'NONE', ( #47, #512, #7, #529 ) ) ;
#1300 = ADVANCED_FACE ( 'NONE', ( #942 ), #147, .F. ) ;
#1301 = DIRECTION ( 'NONE',  ( 1.000000000000000000, 0.000000000000000000, 0.000000000000000000 ) ) ;
#1302 = CARTESIAN_POINT ( 'NONE',  ( 15.00709037195512963, 2.300000000000007816, 0.000000000000000000 ) ) ;
#1303 = ORIENTED_EDGE ( 'NONE', *, *, #785, .T. ) ;
#1304 = LINE ( 'NONE', #117, #1096 ) ;
#1305 = EDGE_LOOP ( 'NONE', ( #332, #817 ) ) ;
#1306 = EDGE_CURVE ( 'NONE', #624, #124, #1462, .T. ) ;
#1307 = DIRECTION ( 'NONE',  ( 0.000000000000000000, 0.000000000000000000, 1.000000000000000000 ) ) ;
#1308 = AXIS2_PLACEMENT_3D ( 'NONE', #985, #1610, #708 ) ;
#1309 = EDGE_CURVE ( 'NONE', #618, #1556, #1060, .T. ) ;
#1310 = CARTESIAN_POINT ( 'NONE',  ( 17.00000000000000711, 7.000000000000002665, 0.000000000000000000 ) ) ;
#1311 = DIRECTION ( 'NONE',  ( 1.000000000000000000, 1.528390727732869609E-16, 0.000000000000000000 ) ) ;
#1312 = ORIENTED_EDGE ( 'NONE', *, *, #1252, .F. ) ;
#1313 = AXIS2_PLACEMENT_3D ( 'NONE', #1067, #525, #1181 ) ;
#1314 = DIRECTION ( 'NONE',  ( 1.000000000000000000, 0.000000000000000000, 0.000000000000000000 ) ) ;
#1315 = ORIENTED_EDGE ( 'NONE', *, *, #668, .T. ) ;
#1316 = AXIS2_PLACEMENT_3D ( 'NONE', #1626, #978, #1502 ) ;
#1317 = DIRECTION ( 'NONE',  ( -0.000000000000000000, -0.000000000000000000, 1.000000000000000000 ) ) ;
#1318 = ORIENTED_EDGE ( 'NONE', *, *, #1276, .T. ) ;
#1319 = VECTOR ( 'NONE', #1624, 1000.000000000000000 ) ;
#1320 = CARTESIAN_POINT ( 'NONE',  ( 3.000000000000000000, 5.000000000000000000, -3.000000000000000000 ) ) ;
#1321 = VECTOR ( 'NONE', #836, 1000.000000000000000 ) ;
#1322 = DIRECTION ( 'NONE',  ( -0.000000000000000000, 0.000000000000000000, 1.000000000000000000 ) ) ;
#1323 = DIRECTION ( 'NONE',  ( -0.000000000000000000, -0.000000000000000000, 1.000000000000000000 ) ) ;
#1324 = ORIENTED_EDGE ( 'NONE', *, *, #1400, .T. ) ;
#1325 = ADVANCED_FACE ( 'NONE', ( #419 ), #275, .T. ) ;
#1326 = PLANE ( 'NONE',  #283 ) ;
#1327 = VERTEX_POINT ( 'NONE', #401 ) ;
#1328 = VECTOR ( 'NONE', #197, 1000.000000000000000 ) ;
#1329 = CARTESIAN_POINT ( 'NONE',  ( 17.00000000000000711, 7.000000000000002665, -3.000000000000000000 ) ) ;
#1330 = CARTESIAN_POINT ( 'NONE',  ( 19.00000000000000000, 0.000000000000000000, -3.000000000000000000 ) ) ;
#1331 = AXIS2_PLACEMENT_3D ( 'NONE', #18, #558, #1083 ) ;
#1332 = CARTESIAN_POINT ( 'NONE',  ( 13.25000000000000178, 34.85000000000000853, -3.000000000000000000 ) ) ;
#1333 = LINE ( 'NONE', #1439, #1101 ) ;
#1334 = ORIENTED_EDGE ( 'NONE', *, *, #797, .T. ) ;
#1335 = FACE_OUTER_BOUND ( 'NONE', #1362, .T. ) ;
#1336 = EDGE_CURVE ( 'NONE', #1297, #1294, #697, .T. ) ;
#1337 = VERTEX_POINT ( 'NONE', #1606 ) ;
#1338 = DIRECTION ( 'NONE',  ( 0.000000000000000000, 0.000000000000000000, 1.000000000000000000 ) ) ;
#1339 = DIRECTION ( 'NONE',  ( 0.000000000000000000, 0.000000000000000000, 1.000000000000000000 ) ) ;
#1340 = DIRECTION ( 'NONE',  ( 1.000000000000000000, 0.000000000000000000, 0.000000000000000000 ) ) ;
#1341 = DATE_TIME_ROLE ( 'creation_date' ) ;
#1342 = ORIENTED_EDGE ( 'NONE', *, *, #779, .F. ) ;
#1343 = DIRECTION ( 'NONE',  ( -0.000000000000000000, 1.000000000000000000, -0.000000000000000000 ) ) ;
#1344 = ORIENTED_EDGE ( 'NONE', *, *, #699, .T. ) ;
#1345 = AXIS2_PLACEMENT_3D ( 'NONE', #1320, #1307, #538 ) ;
#1346 = CARTESIAN_POINT ( 'NONE',  ( 13.25000000000000178, 34.85000000000000853, -3.000000000000000000 ) ) ;
#1347 = CIRCLE ( 'NONE', #1316, 1.000000000000000000 ) ;
#1348 = ADVANCED_FACE ( 'NONE', ( #1357 ), #166, .F. ) ;
#1349 = CARTESIAN_POINT ( 'NONE',  ( -11.26999999999999957, 27.50000000000000355, -3.000000000000000000 ) ) ;
#1350 = VECTOR ( 'NONE', #531, 1000.000000000000000 ) ;
#1351 = AXIS2_PLACEMENT_3D ( 'NONE', #123, #1468, #891 ) ;
#1352 = DIRECTION ( 'NONE',  ( 0.000000000000000000, 0.000000000000000000, 1.000000000000000000 ) ) ;
#1353 = DATE_AND_TIME ( #287, #1371 ) ;
#1354 = ORIENTED_EDGE ( 'NONE', *, *, #478, .T. ) ;
#1355 = DIRECTION ( 'NONE',  ( 0.000000000000000000, 0.000000000000000000, 1.000000000000000000 ) ) ;
#1356 = ORIENTED_EDGE ( 'NONE', *, *, #850, .F. ) ;
#1357 = FACE_OUTER_BOUND ( 'NONE', #1299, .T. ) ;
#1358 = DIRECTION ( 'NONE',  ( 1.445602896647339163E-16, -1.000000000000000000, 0.000000000000000000 ) ) ;
#1359 = CALENDAR_DATE ( 2026, 7, 5 ) ;
#1360 = ORIENTED_EDGE ( 'NONE', *, *, #914, .T. ) ;
#1361 = CARTESIAN_POINT ( 'NONE',  ( -0.000000000000000000, 45.00000000000000711, 0.000000000000000000 ) ) ;
#1362 = EDGE_LOOP ( 'NONE', ( #309, #1303, #1261, #1257, #270 ) ) ;
#1363 = CARTESIAN_POINT ( 'NONE',  ( 9.999999999999998224, 2.000000000000014655, 6.500000000000000888 ) ) ;
#1364 = DIRECTION ( 'NONE',  ( 0.000000000000000000, 0.000000000000000000, 1.000000000000000000 ) ) ;
#1365 = EDGE_CURVE ( 'NONE', #1512, #1595, #813, .T. ) ;
#1366 = EDGE_CURVE ( 'NONE', #740, #533, #1085, .T. ) ;
#1367 = DIRECTION ( 'NONE',  ( -0.000000000000000000, -0.000000000000000000, 1.000000000000000000 ) ) ;
#1368 = EDGE_CURVE ( 'NONE', #508, #374, #1077, .T. ) ;
#1369 = CARTESIAN_POINT ( 'NONE',  ( 5.999999999999999112, 0.000000000000000000, 0.000000000000000000 ) ) ;
#1370 = EDGE_LOOP ( 'NONE', ( #892, #1053 ) ) ;
#1371 = LOCAL_TIME ( 11, 36, 37.00000000000000000, #692 ) ;
#1372 = FACE_OUTER_BOUND ( 'NONE', #1662, .T. ) ;
#1373 = FACE_OUTER_BOUND ( 'NONE', #1139, .T. ) ;
#1374 = FACE_OUTER_BOUND ( 'NONE', #1452, .T. ) ;
#1375 = APPLICATION_CONTEXT ( 'configuration controlled 3d designs of mechanical parts and assemblies' ) ;
#1376 = CARTESIAN_POINT ( 'NONE',  ( 35.00000000000000000, 10.00000000000000000, -3.000000000000000000 ) ) ;
#1377 = CIRCLE ( 'NONE', #303, 1.850000000000004530 ) ;
#1378 = EDGE_CURVE ( 'NONE', #1495, #1574, #560, .T. ) ;
#1379 = ORIENTED_EDGE ( 'NONE', *, *, #895, .T. ) ;
#1380 = CC_DESIGN_PERSON_AND_ORGANIZATION_ASSIGNMENT ( #1247, #44, ( #1618 ) ) ;
#1381 = PLANE ( 'NONE',  #466 ) ;
#1382 = CARTESIAN_POINT ( 'NONE',  ( 15.00000000000000000, 2.055570131971155821E-14, -3.000000000000000000 ) ) ;
#1383 = PLANE ( 'NONE',  #242 ) ;
#1384 = DIRECTION ( 'NONE',  ( 1.000000000000000000, -0.000000000000000000, 0.000000000000000000 ) ) ;
#1385 = EDGE_LOOP ( 'NONE', ( #1430, #987, #1127, #63 ) ) ;
#1386 = AXIS2_PLACEMENT_3D ( 'NONE', #164, #1620, #717 ) ;
#1387 = EDGE_CURVE ( 'NONE', #1190, #479, #1095, .T. ) ;
#1388 = ORIENTED_EDGE ( 'NONE', *, *, #643, .T. ) ;
#1389 = DIRECTION ( 'NONE',  ( 0.000000000000000000, -1.000000000000000000, 0.000000000000000000 ) ) ;
#1390 = LINE ( 'NONE', #1644, #436 ) ;
#1391 = VERTEX_POINT ( 'NONE', #1724 ) ;
#1392 = FACE_BOUND ( 'NONE', #635, .T. ) ;
#1393 = CARTESIAN_POINT ( 'NONE',  ( -14.00000000000000178, 45.00000000000000711, -2.000000000000000000 ) ) ;
#1394 = ORIENTED_EDGE ( 'NONE', *, *, #785, .F. ) ;
#1395 = VERTEX_POINT ( 'NONE', #140 ) ;
#1396 = CARTESIAN_POINT ( 'NONE',  ( 32.70000000000000995, 17.30000000000001137, -2.000000000000000000 ) ) ;
#1397 = EDGE_CURVE ( 'NONE', #1535, #1297, #1435, .T. ) ;
#1398 = CARTESIAN_POINT ( 'NONE',  ( 3.000000000000000000, 5.000000000000000000, 0.000000000000000000 ) ) ;
#1399 = ORIENTED_EDGE ( 'NONE', *, *, #1286, .T. ) ;
#1400 = EDGE_CURVE ( 'NONE', #557, #1495, #801, .T. ) ;
#1401 = EDGE_CURVE ( 'NONE', #1030, #1031, #973, .T. ) ;
#1402 = AXIS2_PLACEMENT_3D ( 'NONE', #1604, #922, #1314 ) ;
#1403 = DIRECTION ( 'NONE',  ( 0.000000000000000000, 1.000000000000000000, -0.000000000000000000 ) ) ;
#1404 = AXIS2_PLACEMENT_3D ( 'NONE', #1113, #854, #1131 ) ;
#1405 = FACE_BOUND ( 'NONE', #1547, .T. ) ;
#1406 = ORIENTED_EDGE ( 'NONE', *, *, #976, .T. ) ;
#1407 = AXIS2_PLACEMENT_3D ( 'NONE', #795, #673, #1196 ) ;
#1408 = ORIENTED_EDGE ( 'NONE', *, *, #468, .F. ) ;
#1409 = VECTOR ( 'NONE', #1311, 1000.000000000000000 ) ;
#1410 = DIRECTION ( 'NONE',  ( 0.000000000000000000, 0.000000000000000000, 1.000000000000000000 ) ) ;
#1411 = VECTOR ( 'NONE', #1099, 1000.000000000000000 ) ;
#1412 = CIRCLE ( 'NONE', #1049, 8.000000000000000000 ) ;
#1413 = DIRECTION ( 'NONE',  ( 0.000000000000000000, 0.000000000000000000, -1.000000000000000000 ) ) ;
#1414 = VERTEX_POINT ( 'NONE', #292 ) ;
#1415 = EDGE_CURVE ( 'NONE', #786, #1583, #1600, .T. ) ;
#1416 = CARTESIAN_POINT ( 'NONE',  ( 9.999999999999998224, 3.000000000000000000, 5.000000000000000000 ) ) ;
#1417 = CYLINDRICAL_SURFACE ( 'NONE', #222, 1.000000000000000000 ) ;
#1418 = VERTEX_POINT ( 'NONE', #1463 ) ;
#1419 = ORIENTED_EDGE ( 'NONE', *, *, #211, .F. ) ;
#1420 = ORIENTED_EDGE ( 'NONE', *, *, #850, .T. ) ;
#1421 = VERTEX_POINT ( 'NONE', #1130 ) ;
#1422 = DIRECTION ( 'NONE',  ( -0.000000000000000000, 1.000000000000000000, -0.000000000000000000 ) ) ;
#1423 = CARTESIAN_POINT ( 'NONE',  ( 9.999999999999998224, 0.000000000000000000, 5.000000000000000000 ) ) ;
#1424 = ORIENTED_EDGE ( 'NONE', *, *, #1678, .F. ) ;
#1425 = ORIENTED_EDGE ( 'NONE', *, *, #623, .T. ) ;
#1426 = ORIENTED_EDGE ( 'NONE', *, *, #1192, .F. ) ;
#1427 = CARTESIAN_POINT ( 'NONE',  ( -12.69999999999999751, 17.30000000000000426, -2.000000000000000000 ) ) ;
#1428 = AXIS2_PLACEMENT_3D ( 'NONE', #378, #787, #910 ) ;
#1429 = DIRECTION ( 'NONE',  ( -0.000000000000000000, 0.000000000000000000, 1.000000000000000000 ) ) ;
#1430 = ORIENTED_EDGE ( 'NONE', *, *, #1415, .F. ) ;
#1431 = AXIS2_PLACEMENT_3D ( 'NONE', #1530, #342, #1413 ) ;
#1432 = VECTOR ( 'NONE', #894, 1000.000000000000000 ) ;
#1433 = DIRECTION ( 'NONE',  ( 0.000000000000000000, 0.000000000000000000, -1.000000000000000000 ) ) ;
#1434 = ADVANCED_FACE ( 'NONE', ( #193 ), #911, .F. ) ;
#1435 = CIRCLE ( 'NONE', #831, 1.999999999999999112 ) ;
#1436 = ORIENTED_EDGE ( 'NONE', *, *, #738, .T. ) ;
#1437 = CARTESIAN_POINT ( 'NONE',  ( 6.750000000000000888, 36.70000000000000995, -2.000000000000000000 ) ) ;
#1438 = LINE ( 'NONE', #505, #156 ) ;
#1439 = CARTESIAN_POINT ( 'NONE',  ( -14.00000000000000178, 0.000000000000000000, -3.000000000000000000 ) ) ;
#1440 = ORIENTED_EDGE ( 'NONE', *, *, #1211, .T. ) ;
#1441 = DIRECTION ( 'NONE',  ( -0.000000000000000000, -0.000000000000000000, 1.000000000000000000 ) ) ;
#1442 = ADVANCED_FACE ( 'NONE', ( #455 ), #1381, .T. ) ;
#1443 = EDGE_CURVE ( 'NONE', #786, #1036, #587, .T. ) ;
#1444 = CARTESIAN_POINT ( 'NONE',  ( 0.000000000000000000, 0.000000000000000000, 0.000000000000000000 ) ) ;
#1445 = ORIENTED_EDGE ( 'NONE', *, *, #82, .T. ) ;
#1446 = EDGE_CURVE ( 'NONE', #1036, #212, #1377, .T. ) ;
#1447 = DIRECTION ( 'NONE',  ( 1.000000000000000000, 0.000000000000000000, 0.000000000000000000 ) ) ;
#1448 = DIRECTION ( 'NONE',  ( 1.000000000000000000, 0.000000000000000000, 0.000000000000000000 ) ) ;
#1449 = LINE ( 'NONE', #397, #1409 ) ;
#1450 = ORIENTED_EDGE ( 'NONE', *, *, #82, .F. ) ;
#1451 = FACE_OUTER_BOUND ( 'NONE', #1538, .T. ) ;
#1452 = EDGE_LOOP ( 'NONE', ( #417, #208, #641, #1692 ) ) ;
#1453 = CARTESIAN_POINT ( 'NONE',  ( 5.000000000000000000, 5.000000000000000000, -2.000000000000000000 ) ) ;
#1454 = EDGE_CURVE ( 'NONE', #1029, #1036, #1024, .T. ) ;
#1455 = CC_DESIGN_APPROVAL ( #977, ( #1094 ) ) ;
#1456 = DIRECTION ( 'NONE',  ( 1.000000000000000000, 0.000000000000000000, 0.000000000000000000 ) ) ;
#1457 = CYLINDRICAL_SURFACE ( 'NONE', #159, 2.000000000000001776 ) ;
#1458 = VERTEX_POINT ( 'NONE', #473 ) ;
#1459 = AXIS2_PLACEMENT_3D ( 'NONE', #272, #1441, #542 ) ;
#1460 = FACE_OUTER_BOUND ( 'NONE', #375, .T. ) ;
#1461 = ORIENTED_EDGE ( 'NONE', *, *, #1309, .F. ) ;
#1462 = CIRCLE ( 'NONE', #1156, 1.000000000000000000 ) ;
#1463 = CARTESIAN_POINT ( 'NONE',  ( -12.69999999999999751, 17.30000000000000426, 0.000000000000000000 ) ) ;
#1464 = DIRECTION ( 'NONE',  ( 0.000000000000000000, 1.000000000000000000, 0.000000000000000000 ) ) ;
#1465 = VECTOR ( 'NONE', #1338, 1000.000000000000000 ) ;
#1466 = VECTOR ( 'NONE', #843, 1000.000000000000000 ) ;
#1467 = CARTESIAN_POINT ( 'NONE',  ( 3.000000000000000000, 2.468259366592385984, -3.000000000000000000 ) ) ;
#1468 = DIRECTION ( 'NONE',  ( -0.000000000000000000, -0.000000000000000000, 1.000000000000000000 ) ) ;
#1469 = ORIENTED_EDGE ( 'NONE', *, *, #811, .T. ) ;
#1470 = CARTESIAN_POINT ( 'NONE',  ( 34.00000000000000000, 45.00000000000000711, 0.000000000000000000 ) ) ;
#1471 = ORIENTED_EDGE ( 'NONE', *, *, #1688, .T. ) ;
#1472 = DIRECTION ( 'NONE',  ( -1.528390727732869855E-16, 1.000000000000000000, 0.000000000000000000 ) ) ;
#1473 = DIRECTION ( 'NONE',  ( 0.000000000000000000, 0.000000000000000000, 1.000000000000000000 ) ) ;
#1474 = AXIS2_PLACEMENT_3D ( 'NONE', #778, #1699, #253 ) ;
#1475 = CARTESIAN_POINT ( 'NONE',  ( -12.69999999999999751, 37.70000000000000284, 0.000000000000000000 ) ) ;
#1476 = CALENDAR_DATE ( 2026, 7, 5 ) ;
#1477 = EDGE_CURVE ( 'NONE', #1294, #740, #1103, .T. ) ;
#1478 = ORIENTED_EDGE ( 'NONE', *, *, #1704, .T. ) ;
#1479 = CARTESIAN_POINT ( 'NONE',  ( 9.999999999999998224, -7.000000000000000000, 6.500000000000000888 ) ) ;
#1480 = EDGE_LOOP ( 'NONE', ( #1288, #360, #488, #655 ) ) ;
#1481 = CARTESIAN_POINT ( 'NONE',  ( -12.69999999999999751, 17.30000000000000426, -2.000000000000000000 ) ) ;
#1482 = DIRECTION ( 'NONE',  ( 1.000000000000000000, 0.000000000000000000, 0.000000000000000000 ) ) ;
#1483 = PERSON ( 'UNSPECIFIED', 'UNSPECIFIED', 'UNSPECIFIED', ('UNSPECIFIED'), ('UNSPECIFIED'), ('UNSPECIFIED') ) ;
#1484 = DIRECTION ( 'NONE',  ( -1.000000000000000000, -0.000000000000000000, -0.000000000000000000 ) ) ;
#1485 = EDGE_LOOP ( 'NONE', ( #102, #1102, #541, #676 ) ) ;
#1486 = CARTESIAN_POINT ( 'NONE',  ( 19.00000000000000000, 2.468259366592386428, -3.000000000000000000 ) ) ;
#1487 = ORIENTED_EDGE ( 'NONE', *, *, #521, .T. ) ;
#1488 = VECTOR ( 'NONE', #1301, 1000.000000000000000 ) ;
#1489 = DIRECTION ( 'NONE',  ( -0.000000000000000000, 0.000000000000000000, 1.000000000000000000 ) ) ;
#1490 = VECTOR ( 'NONE', #276, 1000.000000000000000 ) ;
#1491 = VECTOR ( 'NONE', #999, 1000.000000000000000 ) ;
#1492 = CARTESIAN_POINT ( 'NONE',  ( 13.25000000000000000, 36.70000000000000995, -3.000000000000000000 ) ) ;
#1493 = CARTESIAN_POINT ( 'NONE',  ( 1.000000000000000000, -8.564875549879810497E-17, -3.000000000000000000 ) ) ;
#1494 = MECHANICAL_CONTEXT ( 'NONE', #1375, 'mechanical' ) ;
#1495 = VERTEX_POINT ( 'NONE', #595 ) ;
#1496 = AXIS2_PLACEMENT_3D ( 'NONE', #798, #1161, #926 ) ;
#1497 = LINE ( 'NONE', #1511, #1693 ) ;
#1498 = AXIS2_PLACEMENT_3D ( 'NONE', #864, #61, #337 ) ;
#1499 = EDGE_LOOP ( 'NONE', ( #346, #1469 ) ) ;
#1500 = CARTESIAN_POINT ( 'NONE',  ( 35.00000000000000000, 45.00000000000000711, -2.000000000000000000 ) ) ;
#1501 = EDGE_CURVE ( 'NONE', #1658, #533, #1521, .T. ) ;
#1502 = DIRECTION ( 'NONE',  ( 0.000000000000000000, 0.000000000000000000, -1.000000000000000000 ) ) ;
#1503 = LINE ( 'NONE', #316, #1466 ) ;
#1504 = CARTESIAN_POINT ( 'NONE',  ( 4.730000000000001315, 27.50000000000000355, -2.000000000000000000 ) ) ;
#1505 = ORIENTED_EDGE ( 'NONE', *, *, #760, .F. ) ;
#1506 = CARTESIAN_POINT ( 'NONE',  ( 19.00000000000000000, 4.999999999999999112, 0.000000000000000000 ) ) ;
#1507 = LINE ( 'NONE', #596, #824 ) ;
#1508 = EDGE_CURVE ( 'NONE', #1595, #1395, #463, .T. ) ;
#1509 = PRODUCT_RELATED_PRODUCT_CATEGORY ( 'detail', '', ( #952 ) ) ;
#1510 = CARTESIAN_POINT ( 'NONE',  ( 34.00000000000000000, 10.00000000000000000, -2.000000000000000000 ) ) ;
#1511 = CARTESIAN_POINT ( 'NONE',  ( -12.69999999999999751, 17.30000000000000426, 0.000000000000000000 ) ) ;
#1512 = VERTEX_POINT ( 'NONE', #209 ) ;
#1513 = CARTESIAN_POINT ( 'NONE',  ( 15.00709037195512963, 2.300000000000007816, -3.000000000000000000 ) ) ;
#1514 = CARTESIAN_POINT ( 'NONE',  ( 34.00000000000000000, 0.000000000000000000, 0.000000000000000000 ) ) ;
#1515 = CIRCLE ( 'NONE', #773, 2.000000000000001776 ) ;
#1516 = CARTESIAN_POINT ( 'NONE',  ( 19.00000000000000000, 2.468259366592386428, -3.000000000000000000 ) ) ;
#1517 = ADVANCED_FACE ( 'NONE', ( #184 ), #860, .F. ) ;
#1518 = EDGE_CURVE ( 'NONE', #1549, #1035, #580, .T. ) ;
#1519 = CARTESIAN_POINT ( 'NONE',  ( 0.000000000000000000, 0.000000000000000000, -3.000000000000000000 ) ) ;
#1520 = ORIENTED_EDGE ( 'NONE', *, *, #820, .T. ) ;
#1521 = LINE ( 'NONE', #1513, #1046 ) ;
#1522 = LINE ( 'NONE', #1537, #1098 ) ;
#1523 = EDGE_LOOP ( 'NONE', ( #899, #1720, #1208, #791 ) ) ;
#1524 = CARTESIAN_POINT ( 'NONE',  ( 31.27000000000000668, 27.50000000000000711, -2.000000000000000000 ) ) ;
#1525 = DIRECTION ( 'NONE',  ( -0.000000000000000000, -0.000000000000000000, -1.000000000000000000 ) ) ;
#1526 = ORIENTED_EDGE ( 'NONE', *, *, #265, .F. ) ;
#1527 = CARTESIAN_POINT ( 'NONE',  ( 4.730000000000001315, 27.50000000000000355, -3.000000000000000000 ) ) ;
#1528 = ADVANCED_FACE ( 'NONE', ( #1372 ), #49, .F. ) ;
#1529 = CARTESIAN_POINT ( 'NONE',  ( 1.000000000000000222, 2.468259366592386872, -3.000000000000000000 ) ) ;
#1530 = CARTESIAN_POINT ( 'NONE',  ( 9.999999999999998224, 3.000000000000000000, 5.000000000000000000 ) ) ;
#1531 = VERTEX_POINT ( 'NONE', #1529 ) ;
#1532 = CARTESIAN_POINT ( 'NONE',  ( 1.000000000000000000, -8.564875549879810497E-17, 0.000000000000000000 ) ) ;
#1533 = LINE ( 'NONE', #1028, #887 ) ;
#1534 = EDGE_LOOP ( 'NONE', ( #400, #683, #282, #586 ) ) ;
#1535 = VERTEX_POINT ( 'NONE', #853 ) ;
#1536 = DIRECTION ( 'NONE',  ( 1.000000000000000000, 0.000000000000000000, 0.000000000000000000 ) ) ;
#1537 = CARTESIAN_POINT ( 'NONE',  ( 14.99999999999999645, 2.468259366592386428, -3.000000000000000000 ) ) ;
#1538 = EDGE_LOOP ( 'NONE', ( #1164, #362, #1162, #174 ) ) ;
#1539 = CIRCLE ( 'NONE', #1017, 8.000000000000000000 ) ;
#1540 = LINE ( 'NONE', #81, #691 ) ;
#1541 = AXIS2_PLACEMENT_3D ( 'NONE', #1245, #1700, #1555 ) ;
#1542 = DIRECTION ( 'NONE',  ( -0.000000000000000000, -0.000000000000000000, 1.000000000000000000 ) ) ;
#1543 = ORIENTED_EDGE ( 'NONE', *, *, #1454, .F. ) ;
#1544 = ORIENTED_EDGE ( 'NONE', *, *, #1674, .F. ) ;
#1545 = AXIS2_PLACEMENT_3D ( 'NONE', #78, #1140, #1536 ) ;
#1546 = CARTESIAN_POINT ( 'NONE',  ( 13.99999999999999822, 0.000000000000000000, 0.000000000000000000 ) ) ;
#1547 = EDGE_LOOP ( 'NONE', ( #1266, #883 ) ) ;
#1548 = VECTOR ( 'NONE', #1681, 1000.000000000000000 ) ;
#1549 = VERTEX_POINT ( 'NONE', #341 ) ;
#1550 = LINE ( 'NONE', #205, #1491 ) ;
#1551 = PLANE ( 'NONE',  #1632 ) ;
#1552 = VERTEX_POINT ( 'NONE', #616 ) ;
#1553 = ORIENTED_EDGE ( 'NONE', *, *, #1336, .F. ) ;
#1554 = VECTOR ( 'NONE', #845, 1000.000000000000000 ) ;
#1555 = DIRECTION ( 'NONE',  ( 0.000000000000000000, 0.000000000000000000, -1.000000000000000000 ) ) ;
#1556 = VERTEX_POINT ( 'NONE', #867 ) ;
#1557 = LINE ( 'NONE', #1349, #880 ) ;
#1558 = EDGE_CURVE ( 'NONE', #1009, #745, #982, .T. ) ;
#1559 = CARTESIAN_POINT ( 'NONE',  ( 9.999999999999998224, -7.000000000000000000, 5.000000000000000000 ) ) ;
#1560 = ORIENTED_EDGE ( 'NONE', *, *, #868, .F. ) ;
#1561 = ORIENTED_EDGE ( 'NONE', *, *, #211, .T. ) ;
#1562 = ORIENTED_EDGE ( 'NONE', *, *, #1061, .T. ) ;
#1563 = DIRECTION ( 'NONE',  ( -1.000000000000000000, -1.156482317317871725E-16, 0.000000000000000000 ) ) ;
#1564 = AXIS2_PLACEMENT_3D ( 'NONE', #775, #1563, #644 ) ;
#1565 = DIRECTION ( 'NONE',  ( 1.000000000000000000, 0.000000000000000000, 0.000000000000000000 ) ) ;
#1566 = ORIENTED_EDGE ( 'NONE', *, *, #554, .T. ) ;
#1567 = AXIS2_PLACEMENT_3D ( 'NONE', #21, #545, #1482 ) ;
#1568 = VECTOR ( 'NONE', #1026, 1000.000000000000000 ) ;
#1569 = LINE ( 'NONE', #534, #716 ) ;
#1570 = AXIS2_PLACEMENT_3D ( 'NONE', #1559, #1585, #405 ) ;
#1571 = EDGE_CURVE ( 'NONE', #1258, #1293, #1713, .T. ) ;
#1572 = AXIS2_PLACEMENT_3D ( 'NONE', #29, #931, #962 ) ;
#1573 = CARTESIAN_POINT ( 'NONE',  ( -12.69999999999999751, 37.70000000000000284, -2.000000000000000000 ) ) ;
#1574 = VERTEX_POINT ( 'NONE', #1667 ) ;
#1575 = AXIS2_PLACEMENT_3D ( 'NONE', #753, #734, #600 ) ;
#1576 = DIRECTION ( 'NONE',  ( 0.000000000000000000, -1.000000000000000000, 0.000000000000000000 ) ) ;
#1577 = DIRECTION ( 'NONE',  ( 0.000000000000000000, 0.000000000000000000, -1.000000000000000000 ) ) ;
#1578 = DIRECTION ( 'NONE',  ( 1.000000000000000000, 1.528390727732869609E-16, 0.000000000000000000 ) ) ;
#1579 = ORIENTED_EDGE ( 'NONE', *, *, #26, .F. ) ;
#1580 = CARTESIAN_POINT ( 'NONE',  ( 17.00000000000000000, 17.30000000000000782, -2.000000000000000000 ) ) ;
#1581 = EDGE_CURVE ( 'NONE', #231, #720, #483, .T. ) ;
#1582 = APPROVAL ( #308, 'UNSPECIFIED' ) ;
#1583 = VERTEX_POINT ( 'NONE', #712 ) ;
#1584 = CYLINDRICAL_SURFACE ( 'NONE', #1345, 2.000000000000000000 ) ;
#1585 = DIRECTION ( 'NONE',  ( -0.000000000000000000, 1.000000000000000000, -0.000000000000000000 ) ) ;
#1586 = CARTESIAN_POINT ( 'NONE',  ( 35.00000000000000000, 0.000000000000000000, -1.000000000000000000 ) ) ;
#1587 = ORIENTED_EDGE ( 'NONE', *, *, #924, .T. ) ;
#1588 = DIRECTION ( 'NONE',  ( 0.000000000000000000, 0.000000000000000000, 1.000000000000000000 ) ) ;
#1589 = ORIENTED_EDGE ( 'NONE', *, *, #170, .F. ) ;
#1590 = CARTESIAN_POINT ( 'NONE',  ( 5.999999999999999112, 2.300000000000007816, 0.000000000000000000 ) ) ;
#1591 = EDGE_CURVE ( 'NONE', #900, #1658, #1234, .T. ) ;
#1592 = CARTESIAN_POINT ( 'NONE',  ( 4.992909628044865933, 2.300000000000007816, -2.000000000000000000 ) ) ;
#1593 = CARTESIAN_POINT ( 'NONE',  ( -3.269999999999998685, 27.50000000000000355, -2.000000000000000000 ) ) ;
#1594 = DIRECTION ( 'NONE',  ( 0.000000000000000000, 1.000000000000000000, 0.000000000000000000 ) ) ;
#1595 = VERTEX_POINT ( 'NONE', #1506 ) ;
#1596 = CARTESIAN_POINT ( 'NONE',  ( 13.99999999999999822, 3.000000000000000000, 10.00000000000000000 ) ) ;
#1597 = EDGE_LOOP ( 'NONE', ( #326, #80, #1691, #679 ) ) ;
#1598 = CARTESIAN_POINT ( 'NONE',  ( 3.000000000000000000, 2.468259366592385984, 0.000000000000000000 ) ) ;
#1599 = CARTESIAN_POINT ( 'NONE',  ( 32.70000000000000995, 17.30000000000001137, -2.000000000000000000 ) ) ;
#1600 = CIRCLE ( 'NONE', #72, 1.850000000000004530 ) ;
#1601 = ADVANCED_FACE ( 'NONE', ( #665 ), #799, .F. ) ;
#1602 = PLANE ( 'NONE',  #972 ) ;
#1603 = ORIENTED_EDGE ( 'NONE', *, *, #1695, .F. ) ;
#1604 = CARTESIAN_POINT ( 'NONE',  ( 3.000000000000000000, 2.468259366592385984, -2.000000000000000000 ) ) ;
#1605 = VERTEX_POINT ( 'NONE', #1178 ) ;
#1606 = CARTESIAN_POINT ( 'NONE',  ( -15.00000000000000355, 45.00000000000000711, -2.000000000000000000 ) ) ;
#1607 = CYLINDRICAL_SURFACE ( 'NONE', #689, 1.999999999999999112 ) ;
#1608 = VECTOR ( 'NONE', #838, 1000.000000000000000 ) ;
#1609 = CARTESIAN_POINT ( 'NONE',  ( 3.000000000000005329, 7.000000000000000000, -3.000000000000000000 ) ) ;
#1610 = DIRECTION ( 'NONE',  ( 0.000000000000000000, 0.000000000000000000, 1.000000000000000000 ) ) ;
#1611 = ORIENTED_EDGE ( 'NONE', *, *, #1366, .T. ) ;
#1612 = ADVANCED_FACE ( 'NONE', ( #134 ), #1457, .F. ) ;
#1613 = CARTESIAN_POINT ( 'NONE',  ( 13.25000000000000000, 36.70000000000000995, -2.000000000000000000 ) ) ;
#1614 = ORIENTED_EDGE ( 'NONE', *, *, #192, .T. ) ;
#1615 = DIRECTION ( 'NONE',  ( -0.000000000000000000, 0.000000000000000000, 1.000000000000000000 ) ) ;
#1616 = CARTESIAN_POINT ( 'NONE',  ( -14.00000000000000178, 0.000000000000000000, -2.000000000000000000 ) ) ;
#1617 = DIRECTION ( 'NONE',  ( -0.000000000000000000, 0.000000000000000000, 1.000000000000000000 ) ) ;
#1618 = SECURITY_CLASSIFICATION ( '', '', #1238 ) ;
#1619 = EDGE_LOOP ( 'NONE', ( #777, #363, #766, #1193 ) ) ;
#1620 = DIRECTION ( 'NONE',  ( 0.000000000000000000, -0.000000000000000000, -1.000000000000000000 ) ) ;
#1621 = ORIENTED_EDGE ( 'NONE', *, *, #1623, .T. ) ;
#1622 = VECTOR ( 'NONE', #929, 1000.000000000000000 ) ;
#1623 = EDGE_CURVE ( 'NONE', #77, #875, #1676, .T. ) ;
#1624 = DIRECTION ( 'NONE',  ( 0.000000000000000000, 0.000000000000000000, 1.000000000000000000 ) ) ;
#1625 = AXIS2_PLACEMENT_3D ( 'NONE', #1661, #474, #1005 ) ;
#1626 = CARTESIAN_POINT ( 'NONE',  ( 34.00000000000000000, 45.00000000000000711, -2.000000000000000000 ) ) ;
#1627 = VECTOR ( 'NONE', #395, 1000.000000000000000 ) ;
#1628 = CIRCLE ( 'NONE', #1351, 8.000000000000001776 ) ;
#1629 = DIRECTION ( 'NONE',  ( -1.000000000000000000, -1.528390727732869855E-16, -0.000000000000000000 ) ) ;
#1630 = AXIS2_PLACEMENT_3D ( 'NONE', #1087, #43, #23 ) ;
#1631 = FACE_OUTER_BOUND ( 'NONE', #858, .T. ) ;
#1632 = AXIS2_PLACEMENT_3D ( 'NONE', #1671, #218, #888 ) ;
#1633 = ORIENTED_EDGE ( 'NONE', *, *, #574, .T. ) ;
#1634 = CARTESIAN_POINT ( 'NONE',  ( 19.00000000000000000, 0.000000000000000000, 0.000000000000000000 ) ) ;
#1635 = EDGE_CURVE ( 'NONE', #1327, #601, #1129, .T. ) ;
#1636 = CC_DESIGN_PERSON_AND_ORGANIZATION_ASSIGNMENT ( #1216, #715, ( #1175 ) ) ;
#1637 = CYLINDRICAL_SURFACE ( 'NONE', #1236, 1.000000000000000000 ) ;
#1638 = VECTOR ( 'NONE', #1218, 1000.000000000000000 ) ;
#1639 = LINE ( 'NONE', #1609, #1411 ) ;
#1640 = APPROVAL_DATE_TIME ( #32, #1582 ) ;
#1641 = DIRECTION ( 'NONE',  ( 1.000000000000000000, 1.528390727732869609E-16, 0.000000000000000000 ) ) ;
#1642 = VERTEX_POINT ( 'NONE', #278 ) ;
#1643 = DIRECTION ( 'NONE',  ( 0.000000000000000000, -0.000000000000000000, -1.000000000000000000 ) ) ;
#1644 = CARTESIAN_POINT ( 'NONE',  ( 5.999999999999999112, 0.000000000000000000, 0.000000000000000000 ) ) ;
#1645 = EDGE_CURVE ( 'NONE', #642, #800, #1628, .T. ) ;
#1646 = DIRECTION ( 'NONE',  ( 0.000000000000000000, 1.000000000000000000, 0.000000000000000000 ) ) ;
#1647 = LINE ( 'NONE', #356, #1716 ) ;
#1648 = VERTEX_POINT ( 'NONE', #675 ) ;
#1649 = DIRECTION ( 'NONE',  ( 0.000000000000000000, 0.000000000000000000, 1.000000000000000000 ) ) ;
#1650 = VECTOR ( 'NONE', #1038, 1000.000000000000000 ) ;
#1651 = DIRECTION ( 'NONE',  ( 1.000000000000000000, 0.000000000000000000, 0.000000000000000000 ) ) ;
#1652 = ORIENTED_EDGE ( 'NONE', *, *, #482, .T. ) ;
#1653 = AXIS2_PLACEMENT_3D ( 'NONE', #1481, #158, #302 ) ;
#1654 = AXIS2_PLACEMENT_3D ( 'NONE', #1416, #227, #60 ) ;
#1655 = LINE ( 'NONE', #467, #1432 ) ;
#1656 = VECTOR ( 'NONE', #821, 1000.000000000000000 ) ;
#1657 = CARTESIAN_POINT ( 'NONE',  ( 14.99999999999999645, 2.468259366592386428, -2.000000000000000000 ) ) ;
#1658 = VERTEX_POINT ( 'NONE', #532 ) ;
#1659 = VERTEX_POINT ( 'NONE', #224 ) ;
#1660 = DIRECTION ( 'NONE',  ( -0.000000000000000000, -0.000000000000000000, 1.000000000000000000 ) ) ;
#1661 = CARTESIAN_POINT ( 'NONE',  ( 23.27000000000000313, 27.50000000000000711, -2.000000000000000000 ) ) ;
#1662 = EDGE_LOOP ( 'NONE', ( #300, #1037, #1318, #1440 ) ) ;
#1663 = CARTESIAN_POINT ( 'NONE',  ( 5.999999999999999112, 0.000000000000000000, 10.00000000000000000 ) ) ;
#1664 = CARTESIAN_POINT ( 'NONE',  ( 17.00000000000000711, 1.966019939440382425E-15, 0.000000000000000000 ) ) ;
#1665 = ORIENTED_EDGE ( 'NONE', *, *, #621, .F. ) ;
#1666 = EDGE_LOOP ( 'NONE', ( #1022, #564, #204, #998 ) ) ;
#1667 = CARTESIAN_POINT ( 'NONE',  ( 9.999999999999998224, 3.000000000000000000, 7.499999999999995559 ) ) ;
#1668 = DIRECTION ( 'NONE',  ( 0.000000000000000000, 0.000000000000000000, 1.000000000000000000 ) ) ;
#1669 = EDGE_LOOP ( 'NONE', ( #735, #1093, #1621, #1158 ) ) ;
#1670 = FACE_OUTER_BOUND ( 'NONE', #1014, .T. ) ;
#1671 = CARTESIAN_POINT ( 'NONE',  ( 3.000000000000006661, 4.336808689942027597E-16, -2.000000000000000000 ) ) ;
#1672 = ORIENTED_EDGE ( 'NONE', *, *, #1176, .T. ) ;
#1673 = ADVANCED_FACE ( 'NONE', ( #1198 ), #654, .F. ) ;
#1674 = EDGE_CURVE ( 'NONE', #1418, #93, #251, .T. ) ;
#1675 = ORIENTED_EDGE ( 'NONE', *, *, #738, .F. ) ;
#1676 = LINE ( 'NONE', #520, #637 ) ;
#1677 = APPROVAL_PERSON_ORGANIZATION ( #701, #1582, #1231 ) ;
#1678 = EDGE_CURVE ( 'NONE', #1084, #1549, #390, .T. ) ;
#1679 = ORIENTED_EDGE ( 'NONE', *, *, #372, .F. ) ;
#1680 = CIRCLE ( 'NONE', #1402, 1.999999999999999112 ) ;
#1681 = DIRECTION ( 'NONE',  ( -3.401418580346680326E-16, 1.000000000000000000, 0.000000000000000000 ) ) ;
#1682 = AXIS2_PLACEMENT_3D ( 'NONE', #1616, #1464, #1473 ) ;
#1683 = CARTESIAN_POINT ( 'NONE',  ( 9.999999999999998224, 2.000000000000014655, 3.499999999999999556 ) ) ;
#1684 = EDGE_LOOP ( 'NONE', ( #1023, #369, #846, #602 ) ) ;
#1685 = ORIENTED_EDGE ( 'NONE', *, *, #1581, .T. ) ;
#1686 = VECTOR ( 'NONE', #1367, 1000.000000000000000 ) ;
#1687 = ORIENTED_EDGE ( 'NONE', *, *, #896, .F. ) ;
#1688 = EDGE_CURVE ( 'NONE', #17, #890, #269, .T. ) ;
#1689 = DIRECTION ( 'NONE',  ( 0.000000000000000000, -1.000000000000000000, 0.000000000000000000 ) ) ;
#1690 = CARTESIAN_POINT ( 'NONE',  ( 5.000000000000000000, 5.000000000000000000, -3.000000000000000000 ) ) ;
#1691 = ORIENTED_EDGE ( 'NONE', *, *, #1378, .T. ) ;
#1692 = ORIENTED_EDGE ( 'NONE', *, *, #1378, .F. ) ;
#1693 = VECTOR ( 'NONE', #1641, 1000.000000000000000 ) ;
#1694 = ORIENTED_EDGE ( 'NONE', *, *, #95, .F. ) ;
#1695 = EDGE_CURVE ( 'NONE', #1414, #1009, #1449, .T. ) ;
#1696 = CARTESIAN_POINT ( 'NONE',  ( -0.000000000000000000, 10.00000000000000000, 0.000000000000000000 ) ) ;
#1697 = DIRECTION ( 'NONE',  ( 1.000000000000000000, 0.000000000000000000, 0.000000000000000000 ) ) ;
#1698 = ORIENTED_EDGE ( 'NONE', *, *, #1157, .F. ) ;
#1699 = DIRECTION ( 'NONE',  ( -0.000000000000000000, 0.000000000000000000, 1.000000000000000000 ) ) ;
#1700 = DIRECTION ( 'NONE',  ( 1.000000000000000000, -0.000000000000000000, 0.000000000000000000 ) ) ;
#1701 = ORGANIZATION ( 'UNSPECIFIED', 'UNSPECIFIED', '' ) ;
#1702 = ORIENTED_EDGE ( 'NONE', *, *, #1571, .F. ) ;
#1703 = CARTESIAN_POINT ( 'NONE',  ( 34.00000000000000000, 10.00000000000000000, -3.000000000000000000 ) ) ;
#1704 = EDGE_CURVE ( 'NONE', #898, #1552, #540, .T. ) ;
#1705 = DIRECTION ( 'NONE',  ( -0.000000000000000000, -0.000000000000000000, -1.000000000000000000 ) ) ;
#1706 = CARTESIAN_POINT ( 'NONE',  ( 3.000000000000000000, 5.000000000000000000, -3.000000000000000000 ) ) ;
#1707 = VERTEX_POINT ( 'NONE', #1064 ) ;
#1708 = AXIS2_PLACEMENT_3D ( 'NONE', #160, #1235, #581 ) ;
#1709 = EDGE_CURVE ( 'NONE', #1707, #1142, #1333, .T. ) ;
#1710 = APPROVAL ( #1088, 'UNSPECIFIED' ) ;
#1711 = CARTESIAN_POINT ( 'NONE',  ( 0.000000000000000000, 10.00000000000000000, -3.000000000000000000 ) ) ;
#1712 = VERTEX_POINT ( 'NONE', #259 ) ;
#1713 = CIRCLE ( 'NONE', #1545, 8.000000000000000000 ) ;
#1714 = ORIENTED_EDGE ( 'NONE', *, *, #501, .F. ) ;
#1715 = AXIS2_PLACEMENT_3D ( 'NONE', #1467, #1296, #277 ) ;
#1716 = VECTOR ( 'NONE', #1525, 1000.000000000000000 ) ;
#1717 = CARTESIAN_POINT ( 'NONE',  ( 13.99999999999999822, 0.000000000000000000, 10.00000000000000000 ) ) ;
#1718 = CYLINDRICAL_SURFACE ( 'NONE', #1189, 1.850000000000004530 ) ;
#1719 = DIRECTION ( 'NONE',  ( 1.000000000000000000, 0.000000000000000000, 0.000000000000000000 ) ) ;
#1720 = ORIENTED_EDGE ( 'NONE', *, *, #264, .T. ) ;
#1721 = CARTESIAN_POINT ( 'NONE',  ( 6.749999999999997335, 33.00000000000000000, -3.000000000000000000 ) ) ;
#1722 = EDGE_CURVE ( 'NONE', #1233, #740, #625, .T. ) ;
#1723 = ORIENTED_EDGE ( 'NONE', *, *, #304, .T. ) ;
#1724 = CARTESIAN_POINT ( 'NONE',  ( 5.999999999999999112, 0.000000000000000000, 0.000000000000000000 ) ) ;
#1725 = ORIENTED_EDGE ( 'NONE', *, *, #903, .T. ) ;
#1726 = LINE ( 'NONE', #1437, #1650 ) ;
#1727 = CARTESIAN_POINT ( 'NONE',  ( 32.70000000000000284, 37.70000000000000995, -2.000000000000000000 ) ) ;
#1728 = CARTESIAN_POINT ( 'NONE',  ( 34.00000000000000000, 10.00000000000000000, -3.000000000000000000 ) ) ;
#1729 = ORIENTED_EDGE ( 'NONE', *, *, #478, .F. ) ;
#1730 = CARTESIAN_POINT ( 'NONE',  ( 0.000000000000000000, 10.00000000000000000, 0.000000000000000000 ) ) ;
ENDSEC;
END-ISO-10303-21;
