ISO-10303-21;
HEADER;
FILE_DESCRIPTION (( 'STEP AP203' ),
    '1' );
FILE_NAME ('D5 - Motor Holder Left.STEP',
    '2026-05-12T08:56:33',
    ( '' ),
    ( '' ),
    'SwSTEP 2.0',
    'SolidWorks 2025',
    '' );
FILE_SCHEMA (( 'CONFIG_CONTROL_DESIGN' ));
ENDSEC;

DATA;
#1 = CARTESIAN_POINT ( 'NONE',  ( -3.000000000000000000, 0.000000000000000000, 32.70000000000000284 ) ) ;
#2 = VERTEX_POINT ( 'NONE', #1610 ) ;
#3 = VECTOR ( 'NONE', #98, 1000.000000000000000 ) ;
#4 = EDGE_CURVE ( 'NONE', #1579, #1665, #1157, .T. ) ;
#5 = VECTOR ( 'NONE', #943, 1000.000000000000000 ) ;
#6 = PLANE ( 'NONE',  #1772 ) ;
#7 = LINE ( 'NONE', #1818, #262 ) ;
#8 = LINE ( 'NONE', #655, #511 ) ;
#9 = PRODUCT_DEFINITION_FORMATION_WITH_SPECIFIED_SOURCE ( 'ANY', '', #1616, .NOT_KNOWN. ) ;
#10 = LINE ( 'NONE', #657, #284 ) ;
#11 = LINE ( 'NONE', #33, #622 ) ;
#12 = DIRECTION ( 'NONE',  ( 0.000000000000000000, -1.000000000000000000, 0.000000000000000000 ) ) ;
#13 = VECTOR ( 'NONE', #1458, 1000.000000000000000 ) ;
#14 = ORIENTED_EDGE ( 'NONE', *, *, #2011, .F. ) ;
#15 = FACE_OUTER_BOUND ( 'NONE', #1184, .T. ) ;
#16 = CC_DESIGN_DATE_AND_TIME_ASSIGNMENT ( #237, #1716, ( #586 ) ) ;
#17 = CARTESIAN_POINT ( 'NONE',  ( 1.999999999999997335, 20.44999999999999218, 0.000000000000000000 ) ) ;
#18 = EDGE_CURVE ( 'NONE', #122, #1457, #10, .T. ) ;
#19 = DIRECTION ( 'NONE',  ( 0.000000000000000000, 0.000000000000000000, -1.000000000000000000 ) ) ;
#20 = PLANE ( 'NONE',  #1221 ) ;
#21 = VERTEX_POINT ( 'NONE', #1952 ) ;
#22 = VECTOR ( 'NONE', #461, 1000.000000000000000 ) ;
#23 = CARTESIAN_POINT ( 'NONE',  ( -1.999999999999993117, 0.000000000000000000, 10.93000000000000149 ) ) ;
#24 = VERTEX_POINT ( 'NONE', #786 ) ;
#25 = LINE ( 'NONE', #674, #597 ) ;
#26 = AXIS2_PLACEMENT_3D ( 'NONE', #509, #1174, #1826 ) ;
#27 = VERTEX_POINT ( 'NONE', #1438 ) ;
#28 = CARTESIAN_POINT ( 'NONE',  ( -4.000000000000000888, 2.999999999999999112, 12.69999999999999929 ) ) ;
#29 = DIRECTION ( 'NONE',  ( 1.192835396054779323E-16, -1.000000000000000000, 3.103262032158867841E-16 ) ) ;
#30 = PLANE ( 'NONE',  #2086 ) ;
#31 = ADVANCED_FACE ( 'NONE', ( #1662 ), #1788, .F. ) ;
#32 = CARTESIAN_POINT ( 'NONE',  ( -3.000000000000001332, -10.00000000000000178, 12.69999999999999929 ) ) ;
#33 = CARTESIAN_POINT ( 'NONE',  ( -6.000000000000003553, 0.9999999999999988898, 12.69999999999999929 ) ) ;
#34 = ORIENTED_EDGE ( 'NONE', *, *, #1069, .T. ) ;
#35 = AXIS2_PLACEMENT_3D ( 'NONE', #677, #988, #663 ) ;
#36 = LINE ( 'NONE', #1027, #1887 ) ;
#37 = ORIENTED_EDGE ( 'NONE', *, *, #1544, .F. ) ;
#38 = CARTESIAN_POINT ( 'NONE',  ( -6.000000000000001776, 1.585786437626903522, 32.28578643762690348 ) ) ;
#39 = CIRCLE ( 'NONE', #312, 5.000000000000000000 ) ;
#40 = DIRECTION ( 'NONE',  ( 0.000000000000000000, 1.000000000000000000, 7.758155080397172067E-17 ) ) ;
#41 = CC_DESIGN_APPROVAL ( #1592, ( #1436 ) ) ;
#42 = CARTESIAN_POINT ( 'NONE',  ( 27.30000000000000071, 2.000000000000000000, 27.67999999999999616 ) ) ;
#43 = EDGE_CURVE ( 'NONE', #300, #1665, #1966, .T. ) ;
#44 = DIRECTION ( 'NONE',  ( 1.545410669021654585E-16, -1.000000000000000000, -7.758155080397172067E-17 ) ) ;
#45 = ORIENTED_EDGE ( 'NONE', *, *, #1876, .T. ) ;
#46 = ORIENTED_EDGE ( 'NONE', *, *, #75, .T. ) ;
#47 = DIRECTION ( 'NONE',  ( -1.000000000000000000, -1.445602896647338917E-16, -0.000000000000000000 ) ) ;
#48 = CARTESIAN_POINT ( 'NONE',  ( 28.30000000000000071, 0.000000000000000000, 27.67999999999999616 ) ) ;
#49 = EDGE_CURVE ( 'NONE', #1982, #835, #1136, .T. ) ;
#50 = VERTEX_POINT ( 'NONE', #1944 ) ;
#51 = AXIS2_PLACEMENT_3D ( 'NONE', #971, #1808, #1977 ) ;
#52 = CARTESIAN_POINT ( 'NONE',  ( -4.999999999999990230, -4.999999999999998224, 29.19999999999999574 ) ) ;
#53 = VERTEX_POINT ( 'NONE', #2098 ) ;
#54 = VECTOR ( 'NONE', #611, 1000.000000000000000 ) ;
#55 = DIRECTION ( 'NONE',  ( -1.445602896647338917E-16, 1.000000000000000000, -0.000000000000000000 ) ) ;
#56 = CYLINDRICAL_SURFACE ( 'NONE', #2077, 1.500000000000000444 ) ;
#57 = EDGE_LOOP ( 'NONE', ( #1452, #288, #682, #1587 ) ) ;
#58 = ORIENTED_EDGE ( 'NONE', *, *, #454, .T. ) ;
#59 = CC_DESIGN_PERSON_AND_ORGANIZATION_ASSIGNMENT ( #247, #1865, ( #1436 ) ) ;
#60 = LINE ( 'NONE', #590, #1973 ) ;
#61 = VECTOR ( 'NONE', #1108, 1000.000000000000000 ) ;
#62 = ORIENTED_EDGE ( 'NONE', *, *, #1780, .F. ) ;
#63 = EDGE_CURVE ( 'NONE', #558, #356, #1652, .T. ) ;
#64 = FACE_OUTER_BOUND ( 'NONE', #556, .T. ) ;
#65 = ORIENTED_EDGE ( 'NONE', *, *, #1368, .T. ) ;
#66 = CARTESIAN_POINT ( 'NONE',  ( 22.80000000000000426, 0.000000000000000000, 28.67999999999999616 ) ) ;
#67 = AXIS2_PLACEMENT_3D ( 'NONE', #1179, #1961, #501 ) ;
#68 = DIRECTION ( 'NONE',  ( 0.000000000000000000, 0.000000000000000000, 1.000000000000000000 ) ) ;
#69 = DIRECTION ( 'NONE',  ( -1.000000000000000000, 0.000000000000000000, 0.000000000000000000 ) ) ;
#70 = VERTEX_POINT ( 'NONE', #1010 ) ;
#71 = DIRECTION ( 'NONE',  ( 0.000000000000000000, 0.000000000000000000, -1.000000000000000000 ) ) ;
#72 = ORIENTED_EDGE ( 'NONE', *, *, #1795, .F. ) ;
#73 = CALENDAR_DATE ( 2026, 12, 5 ) ;
#74 = VERTEX_POINT ( 'NONE', #470 ) ;
#75 = EDGE_CURVE ( 'NONE', #617, #1765, #1300, .T. ) ;
#76 = DIRECTION ( 'NONE',  ( -0.000000000000000000, -0.000000000000000000, 1.000000000000000000 ) ) ;
#77 = AXIS2_PLACEMENT_3D ( 'NONE', #227, #1677, #870 ) ;
#78 = VECTOR ( 'NONE', #1638, 1000.000000000000000 ) ;
#79 = CARTESIAN_POINT ( 'NONE',  ( -10.89999999999999680, 11.17999999999999972, 3.930000000000000160 ) ) ;
#80 = CARTESIAN_POINT ( 'NONE',  ( 27.30000000000000071, 2.000000000000000000, 11.92999999999999439 ) ) ;
#81 = ORIENTED_EDGE ( 'NONE', *, *, #421, .T. ) ;
#82 = VERTEX_POINT ( 'NONE', #799 ) ;
#83 = AXIS2_PLACEMENT_3D ( 'NONE', #52, #1680, #488 ) ;
#84 = VERTEX_POINT ( 'NONE', #1621 ) ;
#85 = DIRECTION ( 'NONE',  ( 1.000000000000000000, -0.000000000000000000, -0.000000000000000000 ) ) ;
#86 = EDGE_CURVE ( 'NONE', #1185, #1534, #1492, .T. ) ;
#87 = CARTESIAN_POINT ( 'NONE',  ( -4.000000000000000888, 2.999999999999999112, 32.70000000000000284 ) ) ;
#88 = ORIENTED_EDGE ( 'NONE', *, *, #800, .F. ) ;
#89 = EDGE_LOOP ( 'NONE', ( #1325, #394, #37, #1704 ) ) ;
#90 = PERSON_AND_ORGANIZATION ( #580, #389 ) ;
#91 = CARTESIAN_POINT ( 'NONE',  ( -4.999999999999990230, -5.000000000000001776, 14.69999999999999751 ) ) ;
#92 = EDGE_CURVE ( 'NONE', #1399, #1078, #322, .T. ) ;
#93 = CARTESIAN_POINT ( 'NONE',  ( 22.21421356237310007, 2.000000000000000000, 11.92999999999999616 ) ) ;
#94 = EDGE_CURVE ( 'NONE', #53, #1982, #1473, .T. ) ;
#95 = ORIENTED_EDGE ( 'NONE', *, *, #665, .T. ) ;
#96 = VERTEX_POINT ( 'NONE', #671 ) ;
#97 = CARTESIAN_POINT ( 'NONE',  ( 18.80000000000000426, 11.17999999999999972, 3.930000000000000160 ) ) ;
#98 = DIRECTION ( 'NONE',  ( 1.000000000000000000, 0.000000000000000000, 0.000000000000000000 ) ) ;
#99 = AXIS2_PLACEMENT_3D ( 'NONE', #1927, #318, #944 ) ;
#100 = CARTESIAN_POINT ( 'NONE',  ( -5.000000000000003553, -7.228014483236699514E-16, 32.70000000000000284 ) ) ;
#101 = VECTOR ( 'NONE', #1180, 1000.000000000000000 ) ;
#102 = EDGE_CURVE ( 'NONE', #96, #53, #192, .T. ) ;
#103 = ORIENTED_EDGE ( 'NONE', *, *, #360, .T. ) ;
#104 = LINE ( 'NONE', #313, #330 ) ;
#105 = EDGE_CURVE ( 'NONE', #21, #159, #11, .T. ) ;
#106 = VECTOR ( 'NONE', #931, 1000.000000000000000 ) ;
#107 = DIRECTION ( 'NONE',  ( -0.000000000000000000, 1.000000000000000000, -0.000000000000000000 ) ) ;
#108 = VECTOR ( 'NONE', #1169, 1000.000000000000000 ) ;
#109 = LINE ( 'NONE', #48, #241 ) ;
#110 = LINE ( 'NONE', #286, #570 ) ;
#111 = ORIENTED_EDGE ( 'NONE', *, *, #442, .F. ) ;
#112 = ORIENTED_EDGE ( 'NONE', *, *, #2091, .T. ) ;
#113 = CARTESIAN_POINT ( 'NONE',  ( 20.80000000000000426, 11.17999999999999972, 3.930000000000000160 ) ) ;
#114 = AXIS2_PLACEMENT_3D ( 'NONE', #2095, #1778, #1443 ) ;
#115 = ORIENTED_EDGE ( 'NONE', *, *, #158, .F. ) ;
#116 = ADVANCED_FACE ( 'NONE', ( #1631 ), #483, .F. ) ;
#117 = DIRECTION ( 'NONE',  ( 1.000000000000000000, 0.000000000000000000, -0.000000000000000000 ) ) ;
#118 = CARTESIAN_POINT ( 'NONE',  ( 18.80000000000000426, 11.17999999999999972, 18.09500000000000242 ) ) ;
#119 = AXIS2_PLACEMENT_3D ( 'NONE', #1456, #1951, #968 ) ;
#120 = DIRECTION ( 'NONE',  ( -1.000000000000000000, -1.445602896647338917E-16, -0.000000000000000000 ) ) ;
#121 = DIRECTION ( 'NONE',  ( 0.000000000000000000, -1.000000000000000000, 0.000000000000000000 ) ) ;
#122 = VERTEX_POINT ( 'NONE', #846 ) ;
#123 = ORIENTED_EDGE ( 'NONE', *, *, #1795, .T. ) ;
#124 = DIRECTION ( 'NONE',  ( -1.000000000000000000, -0.000000000000000000, -0.000000000000000000 ) ) ;
#125 = DIRECTION ( 'NONE',  ( 1.000000000000000000, 5.782411586589356653E-16, 0.000000000000000000 ) ) ;
#126 = VERTEX_POINT ( 'NONE', #332 ) ;
#127 = DIRECTION ( 'NONE',  ( -1.545410669021654585E-16, 1.000000000000000000, -3.103262032158867841E-16 ) ) ;
#128 = CARTESIAN_POINT ( 'NONE',  ( -3.000000000000002665, -6.499999999999999112, 29.19999999999999574 ) ) ;
#129 = EDGE_CURVE ( 'NONE', #1405, #546, #1380, .T. ) ;
#130 = CARTESIAN_POINT ( 'NONE',  ( 25.05000000000000426, 0.9999999999999829026, 25.17999999999999616 ) ) ;
#131 = CARTESIAN_POINT ( 'NONE',  ( 18.80000000000000426, 0.000000000000000000, 32.70000000000000284 ) ) ;
#132 = DIRECTION ( 'NONE',  ( 1.000000000000000000, -0.000000000000000000, -0.000000000000000000 ) ) ;
#133 = LINE ( 'NONE', #1370, #1514 ) ;
#134 = AXIS2_PLACEMENT_3D ( 'NONE', #326, #1597, #1916 ) ;
#135 = CARTESIAN_POINT ( 'NONE',  ( 0.000000000000000000, 22.44999999999999929, 32.70000000000000284 ) ) ;
#136 = DIRECTION ( 'NONE',  ( 0.000000000000000000, -0.000000000000000000, -1.000000000000000000 ) ) ;
#137 = ORIENTED_EDGE ( 'NONE', *, *, #431, .F. ) ;
#138 = CARTESIAN_POINT ( 'NONE',  ( -5.000000000000000888, -10.00000000000000355, 12.69999999999999929 ) ) ;
#139 = CARTESIAN_POINT ( 'NONE',  ( 0.000000000000000000, 0.000000000000000000, 3.929999999999999272 ) ) ;
#140 = AXIS2_PLACEMENT_3D ( 'NONE', #676, #1201, #1496 ) ;
#141 = CYLINDRICAL_SURFACE ( 'NONE', #1549, 1.500000000000001332 ) ;
#142 = DIRECTION ( 'NONE',  ( 0.000000000000000000, 0.000000000000000000, 1.000000000000000000 ) ) ;
#143 = AXIS2_PLACEMENT_3D ( 'NONE', #1797, #1611, #1448 ) ;
#144 = EDGE_CURVE ( 'NONE', #280, #222, #496, .T. ) ;
#145 = AXIS2_PLACEMENT_3D ( 'NONE', #274, #751, #784 ) ;
#146 = VERTEX_POINT ( 'NONE', #1158 ) ;
#147 = DIRECTION ( 'NONE',  ( -1.000000000000000000, -1.545410669021654585E-16, -0.000000000000000000 ) ) ;
#148 = ORIENTED_EDGE ( 'NONE', *, *, #915, .T. ) ;
#149 = DIRECTION ( 'NONE',  ( -1.192835396054779323E-16, 1.000000000000000000, 7.758155080397172067E-17 ) ) ;
#150 = ORIENTED_EDGE ( 'NONE', *, *, #734, .T. ) ;
#151 = CARTESIAN_POINT ( 'NONE',  ( -4.999999999999990230, -4.999999999999998224, 27.69999999999999574 ) ) ;
#152 = DIRECTION ( 'NONE',  ( 0.000000000000000000, 1.000000000000000000, 0.000000000000000000 ) ) ;
#153 = CARTESIAN_POINT ( 'NONE',  ( 21.80000000000000426, 11.17999999999999972, 2.930000000000007265 ) ) ;
#154 = CARTESIAN_POINT ( 'NONE',  ( 18.80000000000000426, -5.640748941929031150E-16, 20.01000000000000867 ) ) ;
#155 = AXIS2_PLACEMENT_3D ( 'NONE', #1614, #2082, #163 ) ;
#156 = AXIS2_PLACEMENT_3D ( 'NONE', #1314, #836, #649 ) ;
#157 = CYLINDRICAL_SURFACE ( 'NONE', #909, 1.000000000000000888 ) ;
#158 = EDGE_CURVE ( 'NONE', #2079, #1224, #249, .T. ) ;
#159 = VERTEX_POINT ( 'NONE', #169 ) ;
#160 = CARTESIAN_POINT ( 'NONE',  ( -6.000000000000002665, -5.000000000000001776, 16.19999999999999929 ) ) ;
#161 = CARTESIAN_POINT ( 'NONE',  ( -3.000000000000002665, -4.999999999999998224, 29.19999999999999574 ) ) ;
#162 = EDGE_LOOP ( 'NONE', ( #81, #324, #2034, #368, #1708, #150, #202, #1388, #1012, #889 ) ) ;
#163 = DIRECTION ( 'NONE',  ( 0.000000000000000000, 0.000000000000000000, -1.000000000000000000 ) ) ;
#164 = LINE ( 'NONE', #1581, #1302 ) ;
#165 = CARTESIAN_POINT ( 'NONE',  ( -5.000000000000000888, -10.00000000000000355, 32.70000000000000284 ) ) ;
#166 = CARTESIAN_POINT ( 'NONE',  ( 22.80000000000000426, 0.000000000000000000, 29.67999999999999972 ) ) ;
#167 = CARTESIAN_POINT ( 'NONE',  ( -3.000000000000002665, 20.44999999999999218, 0.000000000000000000 ) ) ;
#168 = EDGE_LOOP ( 'NONE', ( #1890, #2058, #1883, #1231 ) ) ;
#169 = CARTESIAN_POINT ( 'NONE',  ( -6.000000000000003553, 0.9999999999999988898, 13.70000000000000107 ) ) ;
#170 = EDGE_CURVE ( 'NONE', #1791, #1409, #1983, .T. ) ;
#171 = CARTESIAN_POINT ( 'NONE',  ( 25.05000000000000426, 2.000000000000000000, 25.17999999999999616 ) ) ;
#172 = ORIENTED_EDGE ( 'NONE', *, *, #105, .F. ) ;
#173 = AXIS2_PLACEMENT_3D ( 'NONE', #1878, #709, #218 ) ;
#174 = EDGE_CURVE ( 'NONE', #1476, #1847, #2089, .T. ) ;
#175 = VECTOR ( 'NONE', #653, 1000.000000000000114 ) ;
#176 = CARTESIAN_POINT ( 'NONE',  ( -6.000000000000003553, 0.9999999999999988898, 31.69999999999999929 ) ) ;
#177 = DIRECTION ( 'NONE',  ( 1.192835396054779323E-16, -1.000000000000000000, 0.000000000000000000 ) ) ;
#178 = DIRECTION ( 'NONE',  ( 0.000000000000000000, -1.000000000000000000, 0.000000000000000000 ) ) ;
#179 = CARTESIAN_POINT ( 'NONE',  ( 20.80000000000000426, 4.814824860968089633E-32, 10.93000000000000149 ) ) ;
#180 = ORIENTED_EDGE ( 'NONE', *, *, #1127, .F. ) ;
#181 = CARTESIAN_POINT ( 'NONE',  ( 0.000000000000000000, 2.000000000000000000, 28.67999999999999616 ) ) ;
#182 = ORIENTED_EDGE ( 'NONE', *, *, #463, .T. ) ;
#183 = DIRECTION ( 'NONE',  ( 0.000000000000000000, 1.000000000000000000, 0.000000000000000000 ) ) ;
#184 = ORIENTED_EDGE ( 'NONE', *, *, #1660, .F. ) ;
#185 = LINE ( 'NONE', #373, #1075 ) ;
#186 = EDGE_CURVE ( 'NONE', #1791, #238, #1287, .T. ) ;
#187 = DIRECTION ( 'NONE',  ( 0.000000000000000000, 0.000000000000000000, 1.000000000000000000 ) ) ;
#188 = CARTESIAN_POINT ( 'NONE',  ( -3.000000000000002665, 1.999999999999998224, 12.69999999999999929 ) ) ;
#189 = CARTESIAN_POINT ( 'NONE',  ( -3.000000000000002665, -5.000000000000001776, 16.19999999999999929 ) ) ;
#190 = FACE_OUTER_BOUND ( 'NONE', #893, .T. ) ;
#191 = AXIS2_PLACEMENT_3D ( 'NONE', #521, #475, #204 ) ;
#192 = LINE ( 'NONE', #1323, #831 ) ;
#193 = ORIENTED_EDGE ( 'NONE', *, *, #49, .F. ) ;
#194 = VERTEX_POINT ( 'NONE', #1046 ) ;
#195 = FACE_OUTER_BOUND ( 'NONE', #2078, .T. ) ;
#196 = VERTEX_POINT ( 'NONE', #80 ) ;
#197 = VECTOR ( 'NONE', #1832, 1000.000000000000000 ) ;
#198 = DIRECTION ( 'NONE',  ( 0.000000000000000000, 1.000000000000000000, 0.000000000000000000 ) ) ;
#199 = EDGE_CURVE ( 'NONE', #576, #1765, #133, .T. ) ;
#200 = DIRECTION ( 'NONE',  ( 1.000000000000000000, -0.000000000000000000, -0.000000000000000000 ) ) ;
#201 = DIRECTION ( 'NONE',  ( 0.000000000000000000, -1.000000000000000000, 0.000000000000000000 ) ) ;
#202 = ORIENTED_EDGE ( 'NONE', *, *, #1117, .T. ) ;
#203 = ORIENTED_EDGE ( 'NONE', *, *, #2054, .T. ) ;
#204 = DIRECTION ( 'NONE',  ( 0.000000000000000000, 0.000000000000000000, -1.000000000000000000 ) ) ;
#205 = FACE_OUTER_BOUND ( 'NONE', #1523, .T. ) ;
#206 = ORIENTED_EDGE ( 'NONE', *, *, #1556, .T. ) ;
#207 = DIRECTION ( 'NONE',  ( 0.000000000000000000, -7.758155080397172067E-17, 1.000000000000000000 ) ) ;
#208 = ORIENTED_EDGE ( 'NONE', *, *, #186, .T. ) ;
#209 = CIRCLE ( 'NONE', #1467, 1.000000000000000888 ) ;
#210 = DIRECTION ( 'NONE',  ( 1.000000000000000000, 5.782411586589356653E-16, -0.000000000000000000 ) ) ;
#211 = ADVANCED_FACE ( 'NONE', ( #1686 ), #2022, .T. ) ;
#212 = EDGE_CURVE ( 'NONE', #1116, #333, #1347, .T. ) ;
#213 = VECTOR ( 'NONE', #383, 1000.000000000000000 ) ;
#214 = DIRECTION ( 'NONE',  ( 1.000000000000000000, 0.000000000000000000, 0.000000000000000000 ) ) ;
#215 = ORIENTED_EDGE ( 'NONE', *, *, #1446, .T. ) ;
#216 = ADVANCED_FACE ( 'NONE', ( #1663 ), #1860, .F. ) ;
#217 = EDGE_LOOP ( 'NONE', ( #762, #180, #1216, #592, #935 ) ) ;
#218 = DIRECTION ( 'NONE',  ( 0.000000000000000000, -0.000000000000000000, 1.000000000000000000 ) ) ;
#219 = VERTEX_POINT ( 'NONE', #1035 ) ;
#220 = AXIS2_PLACEMENT_3D ( 'NONE', #1823, #1223, #1023 ) ;
#221 = DIRECTION ( 'NONE',  ( 0.000000000000000000, -1.000000000000000000, 3.103262032158867841E-16 ) ) ;
#222 = VERTEX_POINT ( 'NONE', #1528 ) ;
#223 = LINE ( 'NONE', #1212, #550 ) ;
#224 = DIRECTION ( 'NONE',  ( 0.000000000000000000, 0.000000000000000000, 1.000000000000000000 ) ) ;
#225 = EDGE_LOOP ( 'NONE', ( #1517, #670, #1668, #946 ) ) ;
#226 = ORIENTED_EDGE ( 'NONE', *, *, #144, .F. ) ;
#227 = CARTESIAN_POINT ( 'NONE',  ( -4.999999999999990230, -5.000000000000001776, 16.19999999999999929 ) ) ;
#228 = ADVANCED_FACE ( 'NONE', ( #736 ), #729, .F. ) ;
#229 = CIRCLE ( 'NONE', #1357, 1.000000000000000000 ) ;
#230 = ORIENTED_EDGE ( 'NONE', *, *, #575, .T. ) ;
#231 = AXIS2_PLACEMENT_3D ( 'NONE', #1279, #1578, #958 ) ;
#232 = PERSON_AND_ORGANIZATION ( #580, #389 ) ;
#233 = ORIENTED_EDGE ( 'NONE', *, *, #941, .F. ) ;
#234 = CARTESIAN_POINT ( 'NONE',  ( 21.80000000000000426, 2.000000000000000000, 11.92999999999999616 ) ) ;
#235 = LINE ( 'NONE', #1515, #1110 ) ;
#236 = ORIENTED_EDGE ( 'NONE', *, *, #588, .T. ) ;
#237 = DATE_AND_TIME ( #1569, #1509 ) ;
#238 = VERTEX_POINT ( 'NONE', #367 ) ;
#239 = EDGE_CURVE ( 'NONE', #1724, #731, #1674, .T. ) ;
#240 = DIRECTION ( 'NONE',  ( 1.000000000000000000, 1.545410669021654585E-16, -0.000000000000000000 ) ) ;
#241 = VECTOR ( 'NONE', #1896, 1000.000000000000000 ) ;
#242 = AXIS2_PLACEMENT_3D ( 'NONE', #1414, #240, #921 ) ;
#243 = CARTESIAN_POINT ( 'NONE',  ( 20.80000000000000426, 11.18000000000000149, 7.430000000000000604 ) ) ;
#244 = DIRECTION ( 'NONE',  ( -1.000000000000000000, 0.000000000000000000, 5.337610695313254343E-16 ) ) ;
#245 = ORIENTED_EDGE ( 'NONE', *, *, #523, .F. ) ;
#246 = VECTOR ( 'NONE', #873, 1000.000000000000114 ) ;
#247 = PERSON_AND_ORGANIZATION ( #580, #389 ) ;
#248 = ORIENTED_EDGE ( 'NONE', *, *, #853, .T. ) ;
#249 = CIRCLE ( 'NONE', #901, 2.500000000000019540 ) ;
#250 = LINE ( 'NONE', #1378, #895 ) ;
#251 = AXIS2_PLACEMENT_3D ( 'NONE', #399, #2002, #244 ) ;
#252 = ADVANCED_FACE ( 'NONE', ( #405 ), #2014, .F. ) ;
#253 = DIRECTION ( 'NONE',  ( -1.000000000000000000, -1.545410669021654585E-16, 0.000000000000000000 ) ) ;
#254 = ORIENTED_EDGE ( 'NONE', *, *, #388, .F. ) ;
#255 = ORIENTED_EDGE ( 'NONE', *, *, #1309, .T. ) ;
#256 = APPROVAL_STATUS ( 'not_yet_approved' ) ;
#257 = EDGE_LOOP ( 'NONE', ( #1681, #103, #1162, #2016, #2009, #708, #1970, #310, #65, #1827, #856, #1123, #1676, #1098, #1693 ) ) ;
#258 = CIRCLE ( 'NONE', #530, 1.500000000000001332 ) ;
#259 = CARTESIAN_POINT ( 'NONE',  ( 28.30000000000000071, 2.000000000000000000, 12.92999999999999439 ) ) ;
#260 = EDGE_CURVE ( 'NONE', #2079, #379, #235, .T. ) ;
#261 = CARTESIAN_POINT ( 'NONE',  ( 0.000000000000000000, 0.000000000000000000, 12.69999999999999929 ) ) ;
#262 = VECTOR ( 'NONE', #362, 1000.000000000000000 ) ;
#263 = CARTESIAN_POINT ( 'NONE',  ( 0.000000000000000000, 2.232021216630266363E-15, 3.929999999999999272 ) ) ;
#264 = ADVANCED_FACE ( 'NONE', ( #1065 ), #1703, .F. ) ;
#265 = ORIENTED_EDGE ( 'NONE', *, *, #1392, .F. ) ;
#266 = DIRECTION ( 'NONE',  ( 0.000000000000000000, 0.000000000000000000, 1.000000000000000000 ) ) ;
#267 = PERSON_AND_ORGANIZATION_ROLE ( 'creator' ) ;
#268 = ORIENTED_EDGE ( 'NONE', *, *, #1885, .T. ) ;
#269 = DIRECTION ( 'NONE',  ( 0.000000000000000000, 1.000000000000000000, 7.758155080397172067E-17 ) ) ;
#270 = DIRECTION ( 'NONE',  ( 1.000000000000000000, 1.192835396054779323E-16, -0.000000000000000000 ) ) ;
#271 = EDGE_CURVE ( 'NONE', #1447, #835, #1846, .T. ) ;
#272 = CIRCLE ( 'NONE', #1705, 1.000000000000000888 ) ;
#273 = ADVANCED_FACE ( 'NONE', ( #555 ), #56, .F. ) ;
#274 = CARTESIAN_POINT ( 'NONE',  ( -4.999999999999990230, -4.999999999999998224, 29.19999999999999574 ) ) ;
#275 = CIRCLE ( 'NONE', #1469, 1.500000000000001332 ) ;
#276 = EDGE_CURVE ( 'NONE', #717, #673, #1181, .T. ) ;
#277 = ADVANCED_FACE ( 'NONE', ( #1214 ), #1383, .T. ) ;
#278 = ORIENTED_EDGE ( 'NONE', *, *, #881, .T. ) ;
#279 = CARTESIAN_POINT ( 'NONE',  ( 18.80000000000000426, -5.640748941929031150E-16, 16.18000000000000327 ) ) ;
#280 = VERTEX_POINT ( 'NONE', #542 ) ;
#281 = VECTOR ( 'NONE', #1615, 1000.000000000000000 ) ;
#282 = DIRECTION ( 'NONE',  ( -1.000000000000000000, 0.000000000000000000, 0.000000000000000000 ) ) ;
#283 = FACE_OUTER_BOUND ( 'NONE', #1809, .T. ) ;
#284 = VECTOR ( 'NONE', #1311, 1000.000000000000000 ) ;
#285 = LINE ( 'NONE', #1519, #920 ) ;
#286 = CARTESIAN_POINT ( 'NONE',  ( 21.80000000000000426, 25.44999999999999574, 32.70000000000000284 ) ) ;
#287 = VERTEX_POINT ( 'NONE', #1205 ) ;
#288 = ORIENTED_EDGE ( 'NONE', *, *, #199, .T. ) ;
#289 = ADVANCED_FACE ( 'NONE', ( #1537 ), #855, .F. ) ;
#290 = CARTESIAN_POINT ( 'NONE',  ( 27.30000000000000071, 0.000000000000000000, 27.67999999999999616 ) ) ;
#291 = CARTESIAN_POINT ( 'NONE',  ( 25.05000000000000426, 2.000000000000000000, 17.93000000000001037 ) ) ;
#292 = ORIENTED_EDGE ( 'NONE', *, *, #1746, .T. ) ;
#293 = DIRECTION ( 'NONE',  ( -3.103262032158888055E-16, -1.000000000000000000, 1.764300788059188442E-31 ) ) ;
#294 = PLANE ( 'NONE',  #1902 ) ;
#295 = LINE ( 'NONE', #1262, #746 ) ;
#296 = AXIS2_PLACEMENT_3D ( 'NONE', #290, #937, #603 ) ;
#297 = DIRECTION ( 'NONE',  ( -0.7071067811865452413, 0.000000000000000000, 0.7071067811865497932 ) ) ;
#298 = VECTOR ( 'NONE', #1575, 1000.000000000000000 ) ;
#299 = CARTESIAN_POINT ( 'NONE',  ( 20.80000000000000426, 0.000000000000000000, 10.93000000000000149 ) ) ;
#300 = VERTEX_POINT ( 'NONE', #591 ) ;
#301 = CARTESIAN_POINT ( 'NONE',  ( -3.000000000000002665, 1.999999999999998224, 12.69999999999999929 ) ) ;
#302 = FACE_OUTER_BOUND ( 'NONE', #857, .T. ) ;
#303 = ORIENTED_EDGE ( 'NONE', *, *, #260, .F. ) ;
#304 = APPROVAL ( #1241, 'UNSPECIFIED' ) ;
#305 = CARTESIAN_POINT ( 'NONE',  ( 21.80000000000000426, 7.758155080397152346E-17, 2.930000000000005489 ) ) ;
#306 = DIRECTION ( 'NONE',  ( 0.000000000000000000, 0.000000000000000000, 1.000000000000000000 ) ) ;
#307 = DIRECTION ( 'NONE',  ( -1.000000000000000000, -1.445602896647338917E-16, -0.000000000000000000 ) ) ;
#308 = ADVANCED_FACE ( 'NONE', ( #2064, #1713, #1739 ), #1584, .F. ) ;
#309 = DIRECTION ( 'NONE',  ( 0.000000000000000000, 0.000000000000000000, 1.000000000000000000 ) ) ;
#310 = ORIENTED_EDGE ( 'NONE', *, *, #1204, .T. ) ;
#311 = DIRECTION ( 'NONE',  ( 0.7071067811865505703, 0.000000000000000000, -0.7071067811865444641 ) ) ;
#312 = AXIS2_PLACEMENT_3D ( 'NONE', #17, #863, #363 ) ;
#313 = CARTESIAN_POINT ( 'NONE',  ( -3.000000000000001332, 11.17999999999999972, 2.930000000000001048 ) ) ;
#314 = ORIENTED_EDGE ( 'NONE', *, *, #1173, .T. ) ;
#315 = DIRECTION ( 'NONE',  ( 0.000000000000000000, 0.000000000000000000, -1.000000000000000000 ) ) ;
#316 = CIRCLE ( 'NONE', #447, 1.500000000000001332 ) ;
#317 = CARTESIAN_POINT ( 'NONE',  ( 21.50710678118655395, 0.000000000000000000, 11.63710678118654940 ) ) ;
#318 = DIRECTION ( 'NONE',  ( 0.000000000000000000, 1.000000000000000000, 0.000000000000000000 ) ) ;
#319 = EDGE_CURVE ( 'NONE', #1870, #1106, #1103, .T. ) ;
#320 = VECTOR ( 'NONE', #44, 1000.000000000000000 ) ;
#321 = EDGE_LOOP ( 'NONE', ( #424, #1278, #1356, #1864 ) ) ;
#322 = LINE ( 'NONE', #23, #1077 ) ;
#323 = CYLINDRICAL_SURFACE ( 'NONE', #1586, 1.500000000000001332 ) ;
#324 = ORIENTED_EDGE ( 'NONE', *, *, #429, .T. ) ;
#325 = DIRECTION ( 'NONE',  ( -1.000000000000000000, 0.000000000000000000, 0.000000000000000000 ) ) ;
#326 = CARTESIAN_POINT ( 'NONE',  ( -3.000000000000002665, 1.999999999999998224, 12.69999999999999929 ) ) ;
#327 = VECTOR ( 'NONE', #200, 1000.000000000000000 ) ;
#328 = DIRECTION ( 'NONE',  ( -0.000000000000000000, -0.000000000000000000, -1.000000000000000000 ) ) ;
#329 = EDGE_CURVE ( 'NONE', #1362, #986, #1398, .T. ) ;
#330 = VECTOR ( 'NONE', #149, 1000.000000000000000 ) ;
#331 = ORIENTED_EDGE ( 'NONE', *, *, #1885, .F. ) ;
#332 = CARTESIAN_POINT ( 'NONE',  ( -3.000000000000002665, 2.999999999999999112, 12.69999999999999929 ) ) ;
#333 = VERTEX_POINT ( 'NONE', #1555 ) ;
#334 = EDGE_CURVE ( 'NONE', #1982, #2, #449, .T. ) ;
#335 = DIRECTION ( 'NONE',  ( -1.000000000000000000, -1.445602896647338917E-16, -0.000000000000000000 ) ) ;
#336 = ORIENTED_EDGE ( 'NONE', *, *, #1863, .F. ) ;
#337 = CARTESIAN_POINT ( 'NONE',  ( -3.000000000000002665, 1.999999999999998224, 32.70000000000000284 ) ) ;
#338 = FACE_OUTER_BOUND ( 'NONE', #849, .T. ) ;
#339 = CARTESIAN_POINT ( 'NONE',  ( 25.05000000000000426, 0.000000000000000000, 25.17999999999999616 ) ) ;
#340 = FACE_BOUND ( 'NONE', #710, .T. ) ;
#341 = VERTEX_POINT ( 'NONE', #299 ) ;
#342 = CARTESIAN_POINT ( 'NONE',  ( 0.000000000000000000, 0.000000000000000000, 0.000000000000000000 ) ) ;
#343 = VERTEX_POINT ( 'NONE', #93 ) ;
#344 = DIRECTION ( 'NONE',  ( -0.7071067811865500152, 0.000000000000000000, 0.7071067811865451302 ) ) ;
#345 = EDGE_CURVE ( 'NONE', #986, #1870, #1729, .T. ) ;
#346 = ORIENTED_EDGE ( 'NONE', *, *, #1843, .T. ) ;
#347 = VECTOR ( 'NONE', #450, 1000.000000000000000 ) ;
#348 = VECTOR ( 'NONE', #198, 1000.000000000000000 ) ;
#349 = LINE ( 'NONE', #828, #1609 ) ;
#350 = LINE ( 'NONE', #678, #1735 ) ;
#351 = AXIS2_PLACEMENT_3D ( 'NONE', #1669, #207, #987 ) ;
#352 = DIRECTION ( 'NONE',  ( -1.000000000000000000, 0.000000000000000000, 0.000000000000000000 ) ) ;
#353 = LINE ( 'NONE', #1661, #327 ) ;
#354 = EDGE_LOOP ( 'NONE', ( #1837, #346, #396, #973, #566 ) ) ;
#355 = CARTESIAN_POINT ( 'NONE',  ( 28.30000000000000071, 0.000000000000000000, 0.000000000000000000 ) ) ;
#356 = VERTEX_POINT ( 'NONE', #451 ) ;
#357 = ORIENTED_EDGE ( 'NONE', *, *, #2075, .T. ) ;
#358 = CARTESIAN_POINT ( 'NONE',  ( 20.80000000000000426, 11.18000000000000149, 10.92999999999999972 ) ) ;
#359 = ORIENTED_EDGE ( 'NONE', *, *, #683, .F. ) ;
#360 = EDGE_CURVE ( 'NONE', #1299, #558, #2037, .T. ) ;
#361 = DIRECTION ( 'NONE',  ( 0.000000000000000000, 0.000000000000000000, 1.000000000000000000 ) ) ;
#362 = DIRECTION ( 'NONE',  ( 1.000000000000000000, -0.000000000000000000, -0.000000000000000000 ) ) ;
#363 = DIRECTION ( 'NONE',  ( 1.000000000000000000, 0.000000000000000000, 0.000000000000000000 ) ) ;
#364 = DIRECTION ( 'NONE',  ( 0.000000000000000000, 0.000000000000000000, -1.000000000000000000 ) ) ;
#365 = DIRECTION ( 'NONE',  ( -1.000000000000000000, 0.000000000000000000, 0.000000000000000000 ) ) ;
#366 = CONICAL_SURFACE ( 'NONE', #1150, 1.500000000000001332, 0.7853981633974490562 ) ;
#367 = CARTESIAN_POINT ( 'NONE',  ( 18.80000000000000426, 0.000000000000000000, 3.929999999999999272 ) ) ;
#368 = ORIENTED_EDGE ( 'NONE', *, *, #86, .T. ) ;
#369 = ORIENTED_EDGE ( 'NONE', *, *, #527, .T. ) ;
#370 = DIRECTION ( 'NONE',  ( 0.000000000000000000, -1.000000000000000000, 0.000000000000000000 ) ) ;
#371 = CARTESIAN_POINT ( 'NONE',  ( 18.80000000000000071, 22.44999999999999929, 32.70000000000000284 ) ) ;
#372 = EDGE_LOOP ( 'NONE', ( #1348, #2092, #471, #1271 ) ) ;
#373 = CARTESIAN_POINT ( 'NONE',  ( -6.000000000000001776, -10.00000000000000355, 12.69999999999999929 ) ) ;
#374 = ADVANCED_FACE ( 'NONE', ( #583 ), #413, .F. ) ;
#375 = CC_DESIGN_PERSON_AND_ORGANIZATION_ASSIGNMENT ( #1227, #1882, ( #9 ) ) ;
#376 = CARTESIAN_POINT ( 'NONE',  ( 27.30000000000000071, 0.000000000000000000, 12.92999999999999439 ) ) ;
#377 = EDGE_CURVE ( 'NONE', #406, #1088, #697, .T. ) ;
#378 = DIRECTION ( 'NONE',  ( 1.445602896647338917E-16, -1.000000000000000000, 0.000000000000000000 ) ) ;
#379 = VERTEX_POINT ( 'NONE', #1723 ) ;
#380 = CIRCLE ( 'NONE', #1867, 1.500000000000000444 ) ;
#381 = FACE_OUTER_BOUND ( 'NONE', #1009, .T. ) ;
#382 = ORIENTED_EDGE ( 'NONE', *, *, #941, .T. ) ;
#383 = DIRECTION ( 'NONE',  ( -1.084202172485504434E-16, 1.000000000000000000, -0.000000000000000000 ) ) ;
#384 = AXIS2_PLACEMENT_3D ( 'NONE', #1561, #1102, #749 ) ;
#385 = ORIENTED_EDGE ( 'NONE', *, *, #2008, .T. ) ;
#386 = VECTOR ( 'NONE', #397, 1000.000000000000000 ) ;
#387 = LINE ( 'NONE', #1512, #1937 ) ;
#388 = EDGE_CURVE ( 'NONE', #50, #1039, #1714, .T. ) ;
#389 = ORGANIZATION ( 'UNSPECIFIED', 'UNSPECIFIED', '' ) ;
#390 = CARTESIAN_POINT ( 'NONE',  ( 0.000000000000000000, 22.44999999999999929, 0.000000000000000000 ) ) ;
#391 = ORIENTED_EDGE ( 'NONE', *, *, #1841, .F. ) ;
#392 = ORIENTED_EDGE ( 'NONE', *, *, #724, .T. ) ;
#393 = LINE ( 'NONE', #1836, #1500 ) ;
#394 = ORIENTED_EDGE ( 'NONE', *, *, #1722, .F. ) ;
#395 = PERSON_AND_ORGANIZATION ( #580, #389 ) ;
#396 = ORIENTED_EDGE ( 'NONE', *, *, #1672, .T. ) ;
#397 = DIRECTION ( 'NONE',  ( 3.103262032158887562E-16, 1.000000000000000000, -1.656400461321082252E-31 ) ) ;
#398 = VECTOR ( 'NONE', #1972, 1000.000000000000000 ) ;
#399 = CARTESIAN_POINT ( 'NONE',  ( 6.367769559508715386E-15, 2.000000000000000000, 11.93000000000000860 ) ) ;
#400 = VERTEX_POINT ( 'NONE', #1257 ) ;
#401 = EDGE_CURVE ( 'NONE', #1439, #1447, #2057, .T. ) ;
#402 = EDGE_LOOP ( 'NONE', ( #268, #1024 ) ) ;
#403 = APPROVAL_ROLE ( '' ) ;
#404 = CARTESIAN_POINT ( 'NONE',  ( 18.80000000000000071, 22.44999999999999929, 32.70000000000000284 ) ) ;
#405 = FACE_OUTER_BOUND ( 'NONE', #1755, .T. ) ;
#406 = VERTEX_POINT ( 'NONE', #432 ) ;
#407 = VERTEX_POINT ( 'NONE', #1426 ) ;
#408 = EDGE_CURVE ( 'NONE', #433, #1763, #914, .T. ) ;
#409 = CALENDAR_DATE ( 2026, 12, 5 ) ;
#410 = ORIENTED_EDGE ( 'NONE', *, *, #94, .F. ) ;
#411 = CARTESIAN_POINT ( 'NONE',  ( 0.000000000000000000, 0.000000000000000000, 32.70000000000000284 ) ) ;
#412 = CIRCLE ( 'NONE', #99, 1.500000000000001332 ) ;
#413 = PLANE ( 'NONE',  #1649 ) ;
#414 = CIRCLE ( 'NONE', #140, 1.000000000000000000 ) ;
#415 = ORIENTED_EDGE ( 'NONE', *, *, #1685, .T. ) ;
#416 = PERSON_AND_ORGANIZATION_ROLE ( 'design_owner' ) ;
#417 = VERTEX_POINT ( 'NONE', #574 ) ;
#418 = EDGE_CURVE ( 'NONE', #1484, #1405, #601, .T. ) ;
#419 = LINE ( 'NONE', #234, #1433 ) ;
#420 = AXIS2_PLACEMENT_3D ( 'NONE', #1057, #1852, #887 ) ;
#421 = EDGE_CURVE ( 'NONE', #984, #2081, #2046, .T. ) ;
#422 = DIRECTION ( 'NONE',  ( -1.000000000000000000, -1.398970545142586048E-16, 0.000000000000000000 ) ) ;
#423 = CARTESIAN_POINT ( 'NONE',  ( -6.000000000000002665, -4.999999999999998224, 29.19999999999999574 ) ) ;
#424 = ORIENTED_EDGE ( 'NONE', *, *, #1898, .F. ) ;
#425 = FACE_OUTER_BOUND ( 'NONE', #955, .T. ) ;
#426 = VECTOR ( 'NONE', #328, 1000.000000000000000 ) ;
#427 = ORIENTED_EDGE ( 'NONE', *, *, #186, .F. ) ;
#428 = CARTESIAN_POINT ( 'NONE',  ( -10.89999999999999680, 0.000000000000000000, 10.93000000000000149 ) ) ;
#429 = EDGE_CURVE ( 'NONE', #2081, #219, #1115, .T. ) ;
#430 = DIRECTION ( 'NONE',  ( -0.000000000000000000, -0.000000000000000000, -1.000000000000000000 ) ) ;
#431 = EDGE_CURVE ( 'NONE', #433, #1958, #110, .T. ) ;
#432 = CARTESIAN_POINT ( 'NONE',  ( -6.000000000000002665, -4.999999999999998224, 31.69999999999999929 ) ) ;
#433 = VERTEX_POINT ( 'NONE', #934 ) ;
#434 = ORIENTED_EDGE ( 'NONE', *, *, #1392, .T. ) ;
#435 = DIRECTION ( 'NONE',  ( -0.000000000000000000, -0.000000000000000000, -1.000000000000000000 ) ) ;
#436 = ORIENTED_EDGE ( 'NONE', *, *, #1563, .T. ) ;
#437 = ADVANCED_FACE ( 'NONE', ( #1750 ), #1869, .T. ) ;
#438 = FACE_OUTER_BOUND ( 'NONE', #1531, .T. ) ;
#439 = PLANE ( 'NONE',  #1372 ) ;
#440 = AXIS2_PLACEMENT_3D ( 'NONE', #985, #1339, #1507 ) ;
#441 = DIRECTION ( 'NONE',  ( -0.000000000000000000, -0.000000000000000000, -1.000000000000000000 ) ) ;
#442 = EDGE_CURVE ( 'NONE', #126, #2023, #467, .T. ) ;
#443 = AXIS2_PLACEMENT_3D ( 'NONE', #1100, #282, #306 ) ;
#444 = ORIENTED_EDGE ( 'NONE', *, *, #129, .T. ) ;
#445 = LINE ( 'NONE', #1251, #22 ) ;
#446 = VERTEX_POINT ( 'NONE', #864 ) ;
#447 = AXIS2_PLACEMENT_3D ( 'NONE', #2094, #325, #1121 ) ;
#448 = DIRECTION ( 'NONE',  ( 1.000000000000000000, 0.000000000000000000, 0.000000000000000000 ) ) ;
#449 = CIRCLE ( 'NONE', #623, 1.915000000000000036 ) ;
#450 = DIRECTION ( 'NONE',  ( -0.000000000000000000, -0.000000000000000000, -1.000000000000000000 ) ) ;
#451 = CARTESIAN_POINT ( 'NONE',  ( -3.000000000000001332, -10.00000000000000178, 32.70000000000000284 ) ) ;
#452 = EDGE_LOOP ( 'NONE', ( #1625, #1147, #1807, #1170, #1188 ) ) ;
#453 = DIRECTION ( 'NONE',  ( 1.000000000000000000, 0.000000000000000000, 0.000000000000000000 ) ) ;
#454 = EDGE_CURVE ( 'NONE', #487, #810, #704, .T. ) ;
#455 = CARTESIAN_POINT ( 'NONE',  ( 13.99999999999999822, -4.999999999999995559, 29.19999999999999574 ) ) ;
#456 = DIRECTION ( 'NONE',  ( -0.7071067811865444641, -3.037799624127962930E-16, -0.7071067811865505703 ) ) ;
#457 = PLANE ( 'NONE',  #1290 ) ;
#458 = AXIS2_PLACEMENT_3D ( 'NONE', #32, #1590, #125 ) ;
#459 = FACE_BOUND ( 'NONE', #713, .T. ) ;
#460 = ORIENTED_EDGE ( 'NONE', *, *, #480, .T. ) ;
#461 = DIRECTION ( 'NONE',  ( 0.000000000000000000, -1.000000000000000000, 0.000000000000000000 ) ) ;
#462 = ORIENTED_EDGE ( 'NONE', *, *, #1647, .F. ) ;
#463 = EDGE_CURVE ( 'NONE', #1538, #1200, #2001, .T. ) ;
#464 = CARTESIAN_POINT ( 'NONE',  ( 25.05000000000000426, 0.9999999999999829026, 23.67999999999999616 ) ) ;
#465 = CARTESIAN_POINT ( 'NONE',  ( -10.89999999999999680, 0.000000000000000000, 3.929999999999999272 ) ) ;
#466 = LINE ( 'NONE', #1607, #1133 ) ;
#467 = LINE ( 'NONE', #967, #197 ) ;
#468 = FACE_OUTER_BOUND ( 'NONE', #867, .T. ) ;
#469 = VERTEX_POINT ( 'NONE', #1712 ) ;
#470 = CARTESIAN_POINT ( 'NONE',  ( 22.80000000000000426, 0.000000000000000000, 28.67999999999999616 ) ) ;
#471 = ORIENTED_EDGE ( 'NONE', *, *, #964, .T. ) ;
#472 = VECTOR ( 'NONE', #529, 1000.000000000000000 ) ;
#473 = DIRECTION ( 'NONE',  ( 0.000000000000000000, 0.000000000000000000, 1.000000000000000000 ) ) ;
#474 = ORIENTED_EDGE ( 'NONE', *, *, #463, .F. ) ;
#475 = DIRECTION ( 'NONE',  ( 0.000000000000000000, 1.000000000000000000, 0.000000000000000000 ) ) ;
#476 = CARTESIAN_POINT ( 'NONE',  ( -10.89999999999999680, 0.000000000000000000, 10.93000000000000149 ) ) ;
#477 = AXIS2_PLACEMENT_3D ( 'NONE', #891, #918, #1218 ) ;
#478 = ADVANCED_FACE ( 'NONE', ( #1064 ), #1959, .F. ) ;
#479 = DIRECTION ( 'NONE',  ( 1.000000000000000000, 0.000000000000000000, 0.000000000000000000 ) ) ;
#480 = EDGE_CURVE ( 'NONE', #1072, #2088, #1595, .T. ) ;
#481 = CARTESIAN_POINT ( 'NONE',  ( 25.05000000000000426, 2.000000000000000000, 25.17999999999999616 ) ) ;
#482 = ORIENTED_EDGE ( 'NONE', *, *, #480, .F. ) ;
#483 = PLANE ( 'NONE',  #51 ) ;
#484 = ORIENTED_EDGE ( 'NONE', *, *, #1518, .F. ) ;
#485 =( BOUNDED_CURVE ( )  B_SPLINE_CURVE ( 3, ( #1341, #862, #38, #176 ),
 .UNSPECIFIED., .F., .F. ) 
 B_SPLINE_CURVE_WITH_KNOTS ( ( 4, 4 ),
 ( 0.000000000000000000, 1.570796326794896558 ),
 .UNSPECIFIED. ) 
 CURVE ( )  GEOMETRIC_REPRESENTATION_ITEM ( )  RATIONAL_B_SPLINE_CURVE ( ( 1.000000000000000000, 0.8047378541243649375, 0.8047378541243649375, 1.000000000000000000 ) ) 
 REPRESENTATION_ITEM ( '' )  );
#486 = DIRECTION ( 'NONE',  ( -1.445602896647338917E-16, 1.000000000000000000, -0.000000000000000000 ) ) ;
#487 = VERTEX_POINT ( 'NONE', #1274 ) ;
#488 = DIRECTION ( 'NONE',  ( 0.000000000000000000, 0.000000000000000000, 1.000000000000000000 ) ) ;
#489 = CARTESIAN_POINT ( 'NONE',  ( -4.999999999999990230, -4.999999999999998224, 29.19999999999999574 ) ) ;
#490 = AXIS2_PLACEMENT_3D ( 'NONE', #1240, #124, #1753 ) ;
#491 = DIRECTION ( 'NONE',  ( 0.000000000000000000, 0.000000000000000000, -1.000000000000000000 ) ) ;
#492 = VECTOR ( 'NONE', #1461, 1000.000000000000000 ) ;
#493 = ADVANCED_FACE ( 'NONE', ( #283 ), #141, .F. ) ;
#494 = FACE_BOUND ( 'NONE', #402, .T. ) ;
#495 = ORIENTED_EDGE ( 'NONE', *, *, #522, .F. ) ;
#496 = LINE ( 'NONE', #355, #1815 ) ;
#497 = ORIENTED_EDGE ( 'NONE', *, *, #2051, .T. ) ;
#498 = LINE ( 'NONE', #371, #977 ) ;
#499 = ORIENTED_EDGE ( 'NONE', *, *, #754, .T. ) ;
#500 = CARTESIAN_POINT ( 'NONE',  ( -3.000000000000002665, -5.000000000000001776, 16.19999999999999929 ) ) ;
#501 = DIRECTION ( 'NONE',  ( 0.000000000000000000, 0.000000000000000000, -1.000000000000000000 ) ) ;
#502 = CARTESIAN_POINT ( 'NONE',  ( 20.80000000000000426, 11.17999999999999972, 3.930000000000000160 ) ) ;
#503 = DIRECTION ( 'NONE',  ( 1.000000000000000000, 1.084202172485504434E-16, -0.000000000000000000 ) ) ;
#504 = FACE_OUTER_BOUND ( 'NONE', #1159, .T. ) ;
#505 = ADVANCED_FACE ( 'NONE', ( #932 ), #952, .F. ) ;
#506 = ORIENTED_EDGE ( 'NONE', *, *, #915, .F. ) ;
#507 = CARTESIAN_POINT ( 'NONE',  ( 20.54000000000000270, 11.17999999999999972, 20.01000000000000512 ) ) ;
#508 = EDGE_LOOP ( 'NONE', ( #543, #1315, #2048, #578, #1337 ) ) ;
#509 = CARTESIAN_POINT ( 'NONE',  ( 21.80000000000000426, -6.445475240793969603E-15, 11.92999999999999616 ) ) ;
#510 = ORIENTED_EDGE ( 'NONE', *, *, #1618, .T. ) ;
#511 = VECTOR ( 'NONE', #120, 1000.000000000000000 ) ;
#512 = VECTOR ( 'NONE', #152, 1000.000000000000000 ) ;
#513 = DIRECTION ( 'NONE',  ( -1.000000000000000000, 0.000000000000000000, 0.000000000000000000 ) ) ;
#514 = LOCAL_TIME ( 10, 56, 33.00000000000000000, #1070 ) ;
#515 = DIRECTION ( 'NONE',  ( -0.000000000000000000, -1.000000000000000000, -0.000000000000000000 ) ) ;
#516 = APPROVAL_PERSON_ORGANIZATION ( #90, #1379, #1387 ) ;
#517 = DIRECTION ( 'NONE',  ( 0.000000000000000000, 0.000000000000000000, 1.000000000000000000 ) ) ;
#518 = CARTESIAN_POINT ( 'NONE',  ( 13.99999999999999822, -4.999999999999999112, 16.19999999999999929 ) ) ;
#519 = ORIENTED_EDGE ( 'NONE', *, *, #1513, .T. ) ;
#520 = ORIENTED_EDGE ( 'NONE', *, *, #1498, .T. ) ;
#521 = CARTESIAN_POINT ( 'NONE',  ( 25.05000000000000426, 0.9999999999999865663, 15.42999999999999616 ) ) ;
#522 = EDGE_CURVE ( 'NONE', #835, #146, #758, .T. ) ;
#523 = EDGE_CURVE ( 'NONE', #661, #27, #732, .T. ) ;
#524 = DIRECTION ( 'NONE',  ( 0.000000000000000000, 1.000000000000000000, 0.000000000000000000 ) ) ;
#525 = VECTOR ( 'NONE', #1265, 1000.000000000000000 ) ;
#526 = ORIENTED_EDGE ( 'NONE', *, *, #1092, .T. ) ;
#527 = EDGE_CURVE ( 'NONE', #1835, #1362, #295, .T. ) ;
#528 = DIRECTION ( 'NONE',  ( -0.000000000000000000, -0.000000000000000000, -1.000000000000000000 ) ) ;
#529 = DIRECTION ( 'NONE',  ( 0.000000000000000000, -1.000000000000000000, 0.000000000000000000 ) ) ;
#530 = AXIS2_PLACEMENT_3D ( 'NONE', #1794, #352, #517 ) ;
#531 = VECTOR ( 'NONE', #1806, 1000.000000000000000 ) ;
#532 = DIRECTION ( 'NONE',  ( 0.000000000000000000, 0.000000000000000000, 1.000000000000000000 ) ) ;
#533 = ORIENTED_EDGE ( 'NONE', *, *, #1634, .F. ) ;
#534 = VERTEX_POINT ( 'NONE', #317 ) ;
#535 = LINE ( 'NONE', #1338, #1694 ) ;
#536 = PLANE ( 'NONE',  #1637 ) ;
#537 = ORIENTED_EDGE ( 'NONE', *, *, #612, .T. ) ;
#538 = DIRECTION ( 'NONE',  ( -1.000000000000000000, 0.000000000000000000, 0.000000000000000000 ) ) ;
#539 = ORIENTED_EDGE ( 'NONE', *, *, #170, .F. ) ;
#540 = EDGE_CURVE ( 'NONE', #300, #356, #1432, .T. ) ;
#541 = CARTESIAN_POINT ( 'NONE',  ( 28.30000000000000071, 2.000000000000000000, 12.92999999999999439 ) ) ;
#542 = CARTESIAN_POINT ( 'NONE',  ( 28.30000000000000071, 0.000000000000000000, 12.92999999999999439 ) ) ;
#543 = ORIENTED_EDGE ( 'NONE', *, *, #665, .F. ) ;
#544 = ORIENTED_EDGE ( 'NONE', *, *, #1700, .F. ) ;
#545 = DIRECTION ( 'NONE',  ( -1.192835396054779323E-16, 1.000000000000000000, 0.000000000000000000 ) ) ;
#546 = VERTEX_POINT ( 'NONE', #621 ) ;
#547 = APPLICATION_PROTOCOL_DEFINITION ( 'international standard', 'config_control_design', 1994, #604 ) ;
#548 = AXIS2_PLACEMENT_3D ( 'NONE', #1468, #1583, #2084 ) ;
#549 = EDGE_LOOP ( 'NONE', ( #245, #707, #331, #890 ) ) ;
#550 = VECTOR ( 'NONE', #875, 1000.000000000000000 ) ;
#551 = CARTESIAN_POINT ( 'NONE',  ( 21.80000000000000426, 11.18000000000000149, 11.92999999999999261 ) ) ;
#552 = ADVANCED_FACE ( 'NONE', ( #961 ), #457, .T. ) ;
#553 = EDGE_CURVE ( 'NONE', #1761, #1918, #380, .T. ) ;
#554 = AXIS2_PLACEMENT_3D ( 'NONE', #1163, #1997, #1658 ) ;
#555 = FACE_OUTER_BOUND ( 'NONE', #1217, .T. ) ;
#556 = EDGE_LOOP ( 'NONE', ( #2025, #1653, #1025, #1493 ) ) ;
#557 = VERTEX_POINT ( 'NONE', #2029 ) ;
#558 = VERTEX_POINT ( 'NONE', #165 ) ;
#559 = COORDINATED_UNIVERSAL_TIME_OFFSET ( 1, 0, .AHEAD. ) ;
#560 = VERTEX_POINT ( 'NONE', #153 ) ;
#561 = AXIS2_PLACEMENT_3D ( 'NONE', #243, #1424, #2021 ) ;
#562 = DIRECTION ( 'NONE',  ( 1.000000000000000000, 0.000000000000000000, 0.000000000000000000 ) ) ;
#563 = CARTESIAN_POINT ( 'NONE',  ( -3.000000000000002665, -4.999999999999998224, 29.19999999999999574 ) ) ;
#564 = DIRECTION ( 'NONE',  ( -1.000000000000000000, -1.445602896647338917E-16, -0.000000000000000000 ) ) ;
#565 = ADVANCED_FACE ( 'NONE', ( #1191 ), #1948, .F. ) ;
#566 = ORIENTED_EDGE ( 'NONE', *, *, #1446, .F. ) ;
#567 = AXIS2_PLACEMENT_3D ( 'NONE', #1825, #815, #942 ) ;
#568 = ORIENTED_EDGE ( 'NONE', *, *, #1499, .T. ) ;
#569 = CALENDAR_DATE ( 2026, 12, 5 ) ;
#570 = VECTOR ( 'NONE', #1230, 1000.000000000000000 ) ;
#571 = EDGE_LOOP ( 'NONE', ( #1571, #1726, #1107, #1559, #1540 ) ) ;
#572 = LINE ( 'NONE', #1074, #5 ) ;
#573 = CARTESIAN_POINT ( 'NONE',  ( 25.05000000000000426, 2.000000000000000000, 15.42999999999999616 ) ) ;
#574 = CARTESIAN_POINT ( 'NONE',  ( 0.000000000000000000, 0.000000000000000000, 32.70000000000000284 ) ) ;
#575 = EDGE_CURVE ( 'NONE', #53, #1447, #817, .T. ) ;
#576 = VERTEX_POINT ( 'NONE', #1342 ) ;
#577 =( NAMED_UNIT ( * ) SI_UNIT ( $, .STERADIAN. ) SOLID_ANGLE_UNIT ( ) );
#578 = ORIENTED_EDGE ( 'NONE', *, *, #1423, .T. ) ;
#579 = CARTESIAN_POINT ( 'NONE',  ( -3.000000000000002665, -3.500000000000000888, 16.19999999999999929 ) ) ;
#580 = PERSON ( 'UNSPECIFIED', 'UNSPECIFIED', 'UNSPECIFIED', ('UNSPECIFIED'), ('UNSPECIFIED'), ('UNSPECIFIED') ) ;
#581 = VECTOR ( 'NONE', #422, 1000.000000000000000 ) ;
#582 = DIRECTION ( 'NONE',  ( -1.000000000000000000, 0.000000000000000000, 0.000000000000000000 ) ) ;
#583 = FACE_OUTER_BOUND ( 'NONE', #637, .T. ) ;
#584 = ORIENTED_EDGE ( 'NONE', *, *, #1464, .F. ) ;
#585 = ORIENTED_EDGE ( 'NONE', *, *, #43, .F. ) ;
#586 = PRODUCT_DEFINITION ( 'UNKNOWN', '', #9, #750 ) ;
#587 = ORIENTED_EDGE ( 'NONE', *, *, #1048, .T. ) ;
#588 = EDGE_CURVE ( 'NONE', #1457, #159, #1239, .T. ) ;
#589 = LINE ( 'NONE', #91, #1844 ) ;
#590 = CARTESIAN_POINT ( 'NONE',  ( 20.54000000000000270, -2.951734377831351896E-16, 16.18000000000000327 ) ) ;
#591 = CARTESIAN_POINT ( 'NONE',  ( -3.000000000000001332, -10.00000000000000178, 12.69999999999999929 ) ) ;
#592 = ORIENTED_EDGE ( 'NONE', *, *, #360, .F. ) ;
#593 = ORIENTED_EDGE ( 'NONE', *, *, #4, .F. ) ;
#594 = LINE ( 'NONE', #1725, #1696 ) ;
#595 = VECTOR ( 'NONE', #938, 1000.000000000000000 ) ;
#596 = ORIENTED_EDGE ( 'NONE', *, *, #1596, .T. ) ;
#597 = VECTOR ( 'NONE', #335, 1000.000000000000000 ) ;
#598 = DIRECTION ( 'NONE',  ( 1.000000000000000000, 0.000000000000000000, -0.000000000000000000 ) ) ;
#599 = EDGE_CURVE ( 'NONE', #1765, #1200, #1580, .T. ) ;
#600 = DIRECTION ( 'NONE',  ( 0.000000000000000000, -1.000000000000000000, 0.000000000000000000 ) ) ;
#601 = LINE ( 'NONE', #1094, #54 ) ;
#602 = ORIENTED_EDGE ( 'NONE', *, *, #1266, .F. ) ;
#603 = DIRECTION ( 'NONE',  ( 0.000000000000000000, 0.000000000000000000, 1.000000000000000000 ) ) ;
#604 = APPLICATION_CONTEXT ( 'configuration controlled 3d designs of mechanical parts and assemblies' ) ;
#605 = ORIENTED_EDGE ( 'NONE', *, *, #1105, .F. ) ;
#606 = DIRECTION ( 'NONE',  ( 1.192835396054779323E-16, -1.000000000000000000, 3.103262032158867841E-16 ) ) ;
#607 = DIRECTION ( 'NONE',  ( 0.000000000000000000, 0.000000000000000000, -1.000000000000000000 ) ) ;
#608 = PRODUCT_RELATED_PRODUCT_CATEGORY ( 'detail', '', ( #1616 ) ) ;
#609 = LINE ( 'NONE', #1264, #1604 ) ;
#610 = AXIS2_PLACEMENT_3D ( 'NONE', #933, #1373, #696 ) ;
#611 = DIRECTION ( 'NONE',  ( 0.000000000000000000, -1.000000000000000000, 0.000000000000000000 ) ) ;
#612 = EDGE_CURVE ( 'NONE', #1791, #1096, #7, .T. ) ;
#613 = AXIS2_PLACEMENT_3D ( 'NONE', #1369, #1319, #2000 ) ;
#614 = ORIENTED_EDGE ( 'NONE', *, *, #1577, .T. ) ;
#615 = ORIENTED_EDGE ( 'NONE', *, *, #1553, .F. ) ;
#616 = CARTESIAN_POINT ( 'NONE',  ( 25.05000000000000426, 2.000000000000000000, 25.17999999999999616 ) ) ;
#617 = VERTEX_POINT ( 'NONE', #689 ) ;
#618 =( GEOMETRIC_REPRESENTATION_CONTEXT ( 3 ) GLOBAL_UNCERTAINTY_ASSIGNED_CONTEXT ( ( #1628 ) ) GLOBAL_UNIT_ASSIGNED_CONTEXT ( ( #1395, #904, #577 ) ) REPRESENTATION_CONTEXT ( 'NONE', 'WORKASPACE' ) );
#619 = CARTESIAN_POINT ( 'NONE',  ( -5.000000000000003553, -7.228014483236699514E-16, 31.69999999999999929 ) ) ;
#620 = LINE ( 'NONE', #1453, #175 ) ;
#621 = CARTESIAN_POINT ( 'NONE',  ( 25.05000000000000426, 0.000000000000000000, 13.92999999999999439 ) ) ;
#622 = VECTOR ( 'NONE', #1335, 1000.000000000000000 ) ;
#623 = AXIS2_PLACEMENT_3D ( 'NONE', #1246, #253, #1598 ) ;
#624 = DIRECTION ( 'NONE',  ( 0.000000000000000000, -0.000000000000000000, 1.000000000000000000 ) ) ;
#625 = EDGE_CURVE ( 'NONE', #2023, #1202, #1415, .T. ) ;
#626 = ORIENTED_EDGE ( 'NONE', *, *, #1685, .F. ) ;
#627 = ORIENTED_EDGE ( 'NONE', *, *, #1413, .T. ) ;
#628 = LINE ( 'NONE', #1411, #1957 ) ;
#629 = ORIENTED_EDGE ( 'NONE', *, *, #2091, .F. ) ;
#630 = CARTESIAN_POINT ( 'NONE',  ( 27.30000000000000071, 2.000000000000000000, 11.92999999999999439 ) ) ;
#631 = DIRECTION ( 'NONE',  ( 0.000000000000000000, -1.000000000000000000, 0.000000000000000000 ) ) ;
#632 = CARTESIAN_POINT ( 'NONE',  ( 13.99999999999999822, -6.500000000000000000, 16.19999999999999929 ) ) ;
#633 = EDGE_CURVE ( 'NONE', #196, #407, #858, .T. ) ;
#634 = CARTESIAN_POINT ( 'NONE',  ( 18.80000000000000426, 11.18000000000000149, 10.92999999999999972 ) ) ;
#635 = ORIENTED_EDGE ( 'NONE', *, *, #1933, .F. ) ;
#636 = DIRECTION ( 'NONE',  ( 0.000000000000000000, 1.000000000000000000, 0.000000000000000000 ) ) ;
#637 = EDGE_LOOP ( 'NONE', ( #959, #614, #927, #215, #1866, #1386, #391, #888 ) ) ;
#638 = EDGE_CURVE ( 'NONE', #1042, #1484, #805, .T. ) ;
#639 = DIRECTION ( 'NONE',  ( 0.000000000000000000, -1.000000000000000000, 1.387778780781435420E-15 ) ) ;
#640 = ORIENTED_EDGE ( 'NONE', *, *, #1368, .F. ) ;
#641 = CYLINDRICAL_SURFACE ( 'NONE', #1720, 1.000000000000000000 ) ;
#642 = EDGE_CURVE ( 'NONE', #1538, #196, #1620, .T. ) ;
#643 = DIRECTION ( 'NONE',  ( 0.000000000000000000, 0.000000000000000000, -1.000000000000000000 ) ) ;
#644 = CARTESIAN_POINT ( 'NONE',  ( 21.80000000000000426, 0.000000000000000000, 0.000000000000000000 ) ) ;
#645 = EDGE_LOOP ( 'NONE', ( #1824, #1635, #1688, #314, #1732, #1462, #2015, #1946, #1800, #659 ) ) ;
#646 = CARTESIAN_POINT ( 'NONE',  ( -3.000000000000001332, -10.00000000000000178, 32.70000000000000284 ) ) ;
#647 = ORIENTED_EDGE ( 'NONE', *, *, #1876, .F. ) ;
#648 = VECTOR ( 'NONE', #76, 1000.000000000000000 ) ;
#649 = DIRECTION ( 'NONE',  ( 0.000000000000000000, 0.000000000000000000, 1.000000000000000000 ) ) ;
#650 = ORIENTED_EDGE ( 'NONE', *, *, #734, .F. ) ;
#651 = EDGE_CURVE ( 'NONE', #1394, #194, #1026, .T. ) ;
#652 = ADVANCED_FACE ( 'NONE', ( #695 ), #366, .F. ) ;
#653 = DIRECTION ( 'NONE',  ( -0.7071067811865501263, 0.000000000000000000, -0.7071067811865450192 ) ) ;
#654 = EDGE_CURVE ( 'NONE', #1699, #1409, #778, .T. ) ;
#655 = CARTESIAN_POINT ( 'NONE',  ( 13.99999999999999822, -3.499999999999998668, 16.19999999999999929 ) ) ;
#656 = DIRECTION ( 'NONE',  ( 0.000000000000000000, -1.000000000000000000, 3.103262032158868334E-16 ) ) ;
#657 = CARTESIAN_POINT ( 'NONE',  ( -3.000000000000002665, 1.999999999999998224, 12.69999999999999929 ) ) ;
#658 = DIRECTION ( 'NONE',  ( -0.000000000000000000, 1.000000000000000000, -0.000000000000000000 ) ) ;
#659 = ORIENTED_EDGE ( 'NONE', *, *, #260, .T. ) ;
#660 = CYLINDRICAL_SURFACE ( 'NONE', #1249, 1.000000000000000888 ) ;
#661 = VERTEX_POINT ( 'NONE', #464 ) ;
#662 = LINE ( 'NONE', #1984, #1905 ) ;
#663 = DIRECTION ( 'NONE',  ( -1.000000000000000000, 0.000000000000000000, -0.000000000000000000 ) ) ;
#664 = DIRECTION ( 'NONE',  ( -1.445602896647338917E-16, 1.000000000000000000, -0.000000000000000000 ) ) ;
#665 = EDGE_CURVE ( 'NONE', #673, #1088, #1979, .T. ) ;
#666 = AXIS2_PLACEMENT_3D ( 'NONE', #2093, #1293, #1913 ) ;
#667 = VECTOR ( 'NONE', #453, 1000.000000000000000 ) ;
#668 = DIRECTION ( 'NONE',  ( 0.000000000000000000, 1.000000000000000000, 0.000000000000000000 ) ) ;
#669 = CARTESIAN_POINT ( 'NONE',  ( -10.89999999999999680, 0.000000000000000000, 10.93000000000000149 ) ) ;
#670 = ORIENTED_EDGE ( 'NONE', *, *, #1781, .F. ) ;
#671 = CARTESIAN_POINT ( 'NONE',  ( 20.54000000000000270, 0.000000000000000000, 16.18000000000000327 ) ) ;
#672 = ORIENTED_EDGE ( 'NONE', *, *, #881, .F. ) ;
#673 = VERTEX_POINT ( 'NONE', #151 ) ;
#674 = CARTESIAN_POINT ( 'NONE',  ( 13.99999999999999822, -3.499999999999995115, 29.19999999999999574 ) ) ;
#675 = ORIENTED_EDGE ( 'NONE', *, *, #4, .T. ) ;
#676 = CARTESIAN_POINT ( 'NONE',  ( -5.000000000000001776, -10.00000000000000355, 13.70000000000000107 ) ) ;
#677 = CARTESIAN_POINT ( 'NONE',  ( 0.000000000000000000, 2.000000000000000000, 28.67999999999999616 ) ) ;
#678 = CARTESIAN_POINT ( 'NONE',  ( -3.000000000000000000, 0.000000000000000000, 32.70000000000000284 ) ) ;
#679 = CARTESIAN_POINT ( 'NONE',  ( 25.05000000000000426, 0.9999999999999829026, 25.17999999999999616 ) ) ;
#680 = CARTESIAN_POINT ( 'NONE',  ( 25.05000000000000426, 0.000000000000000000, 23.67999999999999616 ) ) ;
#681 = DIRECTION ( 'NONE',  ( -0.000000000000000000, 1.000000000000000000, -3.103262032158868334E-16 ) ) ;
#682 = ORIENTED_EDGE ( 'NONE', *, *, #75, .F. ) ;
#683 = EDGE_CURVE ( 'NONE', #847, #82, #876, .T. ) ;
#684 = DIRECTION ( 'NONE',  ( -0.7071067811865500152, 0.000000000000000000, 0.7071067811865451302 ) ) ;
#685 = DIRECTION ( 'NONE',  ( 1.000000000000000000, 0.000000000000000000, -5.337610695313253357E-16 ) ) ;
#686 = ORIENTED_EDGE ( 'NONE', *, *, #1710, .T. ) ;
#687 = VECTOR ( 'NONE', #1974, 1000.000000000000114 ) ;
#688 = DIRECTION ( 'NONE',  ( 1.000000000000000000, 1.084202172485504434E-16, -0.000000000000000000 ) ) ;
#689 = CARTESIAN_POINT ( 'NONE',  ( 22.80000000000000426, 2.000000000000000000, 28.67999999999999616 ) ) ;
#690 = LINE ( 'NONE', #66, #472 ) ;
#691 = LINE ( 'NONE', #1270, #531 ) ;
#692 = DIRECTION ( 'NONE',  ( 0.000000000000000000, -1.000000000000000000, 0.000000000000000000 ) ) ;
#693 = ORIENTED_EDGE ( 'NONE', *, *, #239, .F. ) ;
#694 = ORIENTED_EDGE ( 'NONE', *, *, #2040, .T. ) ;
#695 = FACE_OUTER_BOUND ( 'NONE', #1862, .T. ) ;
#696 = DIRECTION ( 'NONE',  ( 0.000000000000000000, 0.000000000000000000, 1.000000000000000000 ) ) ;
#697 = CIRCLE ( 'NONE', #1442, 2.500000000000018652 ) ;
#698 = ADVANCED_FACE ( 'NONE', ( #1140 ), #641, .T. ) ;
#699 = EDGE_LOOP ( 'NONE', ( #359, #1145 ) ) ;
#700 = CARTESIAN_POINT ( 'NONE',  ( 20.54000000000000270, 11.17999999999999972, 20.01000000000000512 ) ) ;
#701 = ORIENTED_EDGE ( 'NONE', *, *, #744, .T. ) ;
#702 = LINE ( 'NONE', #1831, #1295 ) ;
#703 = AXIS2_PLACEMENT_3D ( 'NONE', #189, #503, #668 ) ;
#704 = LINE ( 'NONE', #1360, #1393 ) ;
#705 = AXIS2_PLACEMENT_3D ( 'NONE', #999, #1799, #1931 ) ;
#706 = DIRECTION ( 'NONE',  ( -1.000000000000000000, -1.445602896647338917E-16, -0.000000000000000000 ) ) ;
#707 = ORIENTED_EDGE ( 'NONE', *, *, #1898, .T. ) ;
#708 = ORIENTED_EDGE ( 'NONE', *, *, #1841, .T. ) ;
#709 = DIRECTION ( 'NONE',  ( 0.000000000000000000, 1.000000000000000000, 0.000000000000000000 ) ) ;
#710 = EDGE_LOOP ( 'NONE', ( #1277, #2042 ) ) ;
#711 = ADVANCED_FACE ( 'NONE', ( #1936 ), #1463, .F. ) ;
#712 = PERSON_AND_ORGANIZATION ( #580, #389 ) ;
#713 = EDGE_LOOP ( 'NONE', ( #1011, #936 ) ) ;
#714 = ADVANCED_FACE ( 'NONE', ( #1991 ), #1019, .F. ) ;
#715 = LINE ( 'NONE', #1358, #1842 ) ;
#716 = DIRECTION ( 'NONE',  ( -0.000000000000000000, 1.000000000000000000, -0.000000000000000000 ) ) ;
#717 = VERTEX_POINT ( 'NONE', #1129 ) ;
#718 = CARTESIAN_POINT ( 'NONE',  ( 21.80000000000000426, 0.000000000000000000, 2.930000000000005489 ) ) ;
#719 = ORIENTED_EDGE ( 'NONE', *, *, #651, .F. ) ;
#720 = DATE_AND_TIME ( #73, #514 ) ;
#721 = ORIENTED_EDGE ( 'NONE', *, *, #174, .F. ) ;
#722 = CIRCLE ( 'NONE', #1639, 3.499999999999999556 ) ;
#723 = CARTESIAN_POINT ( 'NONE',  ( 22.21421356237310007, 2.000000000000000000, 10.92999999999999616 ) ) ;
#724 = EDGE_CURVE ( 'NONE', #1670, #534, #535, .T. ) ;
#725 = AXIS2_PLACEMENT_3D ( 'NONE', #1605, #1422, #2061 ) ;
#726 = DIRECTION ( 'NONE',  ( 0.000000000000000000, -1.000000000000000000, 0.000000000000000000 ) ) ;
#727 = ORIENTED_EDGE ( 'NONE', *, *, #1816, .F. ) ;
#728 = VERTEX_POINT ( 'NONE', #138 ) ;
#729 = CONICAL_SURFACE ( 'NONE', #2019, 2.500000000000015987, 0.7853981633974473908 ) ;
#730 = COORDINATED_UNIVERSAL_TIME_OFFSET ( 1, 0, .AHEAD. ) ;
#731 = VERTEX_POINT ( 'NONE', #1593 ) ;
#732 = CIRCLE ( 'NONE', #1760, 1.500000000000001332 ) ;
#733 = LINE ( 'NONE', #1536, #648 ) ;
#734 = EDGE_CURVE ( 'NONE', #560, #1394, #1757, .T. ) ;
#735 = DIRECTION ( 'NONE',  ( 0.000000000000000000, 0.000000000000000000, 1.000000000000000000 ) ) ;
#736 = FACE_OUTER_BOUND ( 'NONE', #321, .T. ) ;
#737 = VECTOR ( 'NONE', #789, 1000.000000000000000 ) ;
#738 = ORIENTED_EDGE ( 'NONE', *, *, #199, .F. ) ;
#739 = APPLICATION_PROTOCOL_DEFINITION ( 'international standard', 'config_control_design', 1994, #1804 ) ;
#740 = VECTOR ( 'NONE', #68, 1000.000000000000000 ) ;
#741 = ORIENTED_EDGE ( 'NONE', *, *, #454, .F. ) ;
#742 = CARTESIAN_POINT ( 'NONE',  ( 22.21421356237310007, 2.000000000000000000, 11.92999999999999616 ) ) ;
#743 = DIRECTION ( 'NONE',  ( 0.000000000000000000, -0.000000000000000000, 1.000000000000000000 ) ) ;
#744 = EDGE_CURVE ( 'NONE', #27, #661, #1280, .T. ) ;
#745 = ORIENTED_EDGE ( 'NONE', *, *, #1105, .T. ) ;
#746 = VECTOR ( 'NONE', #780, 1000.000000000000000 ) ;
#747 = DIRECTION ( 'NONE',  ( -0.000000000000000000, -0.000000000000000000, -1.000000000000000000 ) ) ;
#748 = AXIS2_PLACEMENT_3D ( 'NONE', #376, #515, #187 ) ;
#749 = DIRECTION ( 'NONE',  ( 1.000000000000000000, 0.000000000000000000, 0.000000000000000000 ) ) ;
#750 = DESIGN_CONTEXT ( 'detailed design', #604, 'design' ) ;
#751 = DIRECTION ( 'NONE',  ( -1.000000000000000000, 0.000000000000000000, 0.000000000000000000 ) ) ;
#752 = LOCAL_TIME ( 10, 56, 33.00000000000000000, #1533 ) ;
#753 = EDGE_LOOP ( 'NONE', ( #519, #761, #1503, #1849, #1678, #1967, #1000, #640, #996, #1401, #1081, #434, #148, #1260, #497, #2033 ) ) ;
#754 = EDGE_CURVE ( 'NONE', #1777, #1072, #1450, .T. ) ;
#755 = CYLINDRICAL_SURFACE ( 'NONE', #1790, 3.499999999999999556 ) ;
#756 = VECTOR ( 'NONE', #1472, 1000.000000000000000 ) ;
#757 = CARTESIAN_POINT ( 'NONE',  ( 16.80000000000000071, 25.44999999999999574, 0.000000000000000000 ) ) ;
#758 = CIRCLE ( 'NONE', #1050, 1.915000000000000036 ) ;
#759 = DIRECTION ( 'NONE',  ( 0.000000000000000000, 0.7071067811865482389, 0.7071067811865469066 ) ) ;
#760 = CARTESIAN_POINT ( 'NONE',  ( 18.80000000000000426, 0.000000000000000000, 32.70000000000000284 ) ) ;
#761 = ORIENTED_EDGE ( 'NONE', *, *, #1544, .T. ) ;
#762 = ORIENTED_EDGE ( 'NONE', *, *, #1562, .F. ) ;
#763 = CARTESIAN_POINT ( 'NONE',  ( -1.999999999999993117, 0.000000000000000000, 3.929999999999999272 ) ) ;
#764 = AXIS2_PLACEMENT_3D ( 'NONE', #979, #1470, #491 ) ;
#765 = ORIENTED_EDGE ( 'NONE', *, *, #981, .T. ) ;
#766 = ADVANCED_FACE ( 'NONE', ( #468 ), #157, .F. ) ;
#767 = CIRCLE ( 'NONE', #296, 1.000000000000000888 ) ;
#768 = FACE_OUTER_BOUND ( 'NONE', #1861, .T. ) ;
#769 = DIRECTION ( 'NONE',  ( -1.000000000000000000, -1.545410669021654585E-16, 0.000000000000000000 ) ) ;
#770 = ADVANCED_FACE ( 'NONE', ( #1020 ), #809, .T. ) ;
#771 = LINE ( 'NONE', #1425, #783 ) ;
#772 = CARTESIAN_POINT ( 'NONE',  ( 18.80000000000000426, 0.000000000000000000, 32.70000000000000284 ) ) ;
#773 = ORIENTED_EDGE ( 'NONE', *, *, #1143, .F. ) ;
#774 = ORIENTED_EDGE ( 'NONE', *, *, #926, .T. ) ;
#775 = CARTESIAN_POINT ( 'NONE',  ( 18.80000000000000426, 0.000000000000000000, 0.000000000000000000 ) ) ;
#776 = LINE ( 'NONE', #948, #737 ) ;
#777 = ORIENTED_EDGE ( 'NONE', *, *, #683, .T. ) ;
#778 = LINE ( 'NONE', #803, #1828 ) ;
#779 = CARTESIAN_POINT ( 'NONE',  ( -4.999999999999990230, -5.000000000000001776, 16.19999999999999929 ) ) ;
#780 = DIRECTION ( 'NONE',  ( 0.7071067811865501263, 0.000000000000000000, 0.7071067811865449082 ) ) ;
#781 = DIRECTION ( 'NONE',  ( -1.000000000000000000, 0.000000000000000000, 0.000000000000000000 ) ) ;
#782 = ADVANCED_FACE ( 'NONE', ( #1942 ), #1194, .F. ) ;
#783 = VECTOR ( 'NONE', #2062, 1000.000000000000000 ) ;
#784 = DIRECTION ( 'NONE',  ( 0.000000000000000000, 0.000000000000000000, 1.000000000000000000 ) ) ;
#785 = VECTOR ( 'NONE', #177, 1000.000000000000000 ) ;
#786 = CARTESIAN_POINT ( 'NONE',  ( -4.999999999999990230, -5.000000000000001776, 14.69999999999999751 ) ) ;
#787 = CC_DESIGN_SECURITY_CLASSIFICATION ( #1436, ( #9 ) ) ;
#788 = CARTESIAN_POINT ( 'NONE',  ( 0.000000000000000000, 11.17999999999999972, 3.930000000000000160 ) ) ;
#789 = DIRECTION ( 'NONE',  ( 0.000000000000000000, 0.7071067811865470176, 0.7071067811865481278 ) ) ;
#790 = ORIENTED_EDGE ( 'NONE', *, *, #43, .T. ) ;
#791 = DIRECTION ( 'NONE',  ( 0.000000000000000000, -1.000000000000000000, -7.758155080397172067E-17 ) ) ;
#792 = FACE_OUTER_BOUND ( 'NONE', #168, .T. ) ;
#793 = DIRECTION ( 'NONE',  ( -1.000000000000000000, 0.000000000000000000, -0.000000000000000000 ) ) ;
#794 = AXIS2_PLACEMENT_3D ( 'NONE', #87, #532, #1195 ) ;
#795 = LINE ( 'NONE', #1759, #1233 ) ;
#796 = CARTESIAN_POINT ( 'NONE',  ( -3.000000000000000000, 0.000000000000000000, 32.70000000000000284 ) ) ;
#797 = EDGE_CURVE ( 'NONE', #661, #847, #1155, .T. ) ;
#798 = ORIENTED_EDGE ( 'NONE', *, *, #319, .T. ) ;
#799 = CARTESIAN_POINT ( 'NONE',  ( 25.05000000000000426, 0.000000000000000000, 26.67999999999999972 ) ) ;
#800 = EDGE_CURVE ( 'NONE', #159, #2079, #980, .T. ) ;
#801 = PLANE ( 'NONE',  #1787 ) ;
#802 = ORIENTED_EDGE ( 'NONE', *, *, #1532, .F. ) ;
#803 = CARTESIAN_POINT ( 'NONE',  ( 18.80000000000000071, 22.44999999999999218, 10.92999999999999616 ) ) ;
#804 = VECTOR ( 'NONE', #1481, 1000.000000000000000 ) ;
#805 = CIRCLE ( 'NONE', #191, 1.500000000000001332 ) ;
#806 = DIRECTION ( 'NONE',  ( 0.000000000000000000, -1.000000000000000000, 0.000000000000000000 ) ) ;
#807 = AXIS2_PLACEMENT_3D ( 'NONE', #1945, #1475, #639 ) ;
#808 = DIRECTION ( 'NONE',  ( -1.000000000000000000, -0.000000000000000000, -0.000000000000000000 ) ) ;
#809 = CYLINDRICAL_SURFACE ( 'NONE', #119, 1.000000000000000000 ) ;
#810 = VERTEX_POINT ( 'NONE', #167 ) ;
#811 = DIRECTION ( 'NONE',  ( 0.000000000000000000, 0.000000000000000000, 1.000000000000000000 ) ) ;
#812 = DIRECTION ( 'NONE',  ( 1.000000000000000000, 1.084202172485504434E-16, -0.000000000000000000 ) ) ;
#813 = ADVANCED_FACE ( 'NONE', ( #820 ), #30, .F. ) ;
#814 = ORIENTED_EDGE ( 'NONE', *, *, #588, .F. ) ;
#815 = DIRECTION ( 'NONE',  ( -1.000000000000000000, 0.000000000000000000, 0.000000000000000000 ) ) ;
#816 = PLANE ( 'NONE',  #1375 ) ;
#817 = LINE ( 'NONE', #1329, #398 ) ;
#818 = DIRECTION ( 'NONE',  ( 0.000000000000000000, 0.000000000000000000, 1.000000000000000000 ) ) ;
#819 = LINE ( 'NONE', #796, #426 ) ;
#820 = FACE_OUTER_BOUND ( 'NONE', #1566, .T. ) ;
#821 = VECTOR ( 'NONE', #1840, 1000.000000000000000 ) ;
#822 = CARTESIAN_POINT ( 'NONE',  ( -3.000000000000000000, 0.000000000000000000, 32.70000000000000284 ) ) ;
#823 = DIRECTION ( 'NONE',  ( 1.000000000000000000, 0.000000000000000000, 0.000000000000000000 ) ) ;
#824 = EDGE_LOOP ( 'NONE', ( #629, #1068, #1641, #111 ) ) ;
#825 = VECTOR ( 'NONE', #107, 1000.000000000000000 ) ;
#826 = CARTESIAN_POINT ( 'NONE',  ( 21.80000000000000426, 2.000000000000000000, 11.92999999999999616 ) ) ;
#827 = EDGE_CURVE ( 'NONE', #24, #2088, #258, .T. ) ;
#828 = CARTESIAN_POINT ( 'NONE',  ( 0.000000000000000000, -6.755801444009854513E-15, 10.93000000000000149 ) ) ;
#829 = AXIS2_PLACEMENT_3D ( 'NONE', #28, #1487, #513 ) ;
#830 = CARTESIAN_POINT ( 'NONE',  ( -3.000000000000002665, 1.999999999999998224, 32.70000000000000284 ) ) ;
#831 = VECTOR ( 'NONE', #811, 1000.000000000000000 ) ;
#832 = CARTESIAN_POINT ( 'NONE',  ( -5.000000000000001776, -10.00000000000000355, 31.69999999999999929 ) ) ;
#833 = ORIENTED_EDGE ( 'NONE', *, *, #1608, .F. ) ;
#834 = DIRECTION ( 'NONE',  ( 0.000000000000000000, 0.000000000000000000, 1.000000000000000000 ) ) ;
#835 = VERTEX_POINT ( 'NONE', #1821 ) ;
#836 = DIRECTION ( 'NONE',  ( 0.000000000000000000, 1.000000000000000000, 0.000000000000000000 ) ) ;
#837 = ORIENTED_EDGE ( 'NONE', *, *, #1520, .T. ) ;
#838 = CARTESIAN_POINT ( 'NONE',  ( -4.999999999999990230, -6.500000000000002665, 16.19999999999999929 ) ) ;
#839 = EDGE_CURVE ( 'NONE', #469, #1632, #1719, .T. ) ;
#840 = LINE ( 'NONE', #989, #954 ) ;
#841 = AXIS2_PLACEMENT_3D ( 'NONE', #481, #1310, #1805 ) ;
#842 = ADVANCED_FACE ( 'NONE', ( #340, #494, #993 ), #20, .F. ) ;
#843 = CARTESIAN_POINT ( 'NONE',  ( -6.000000000000003553, 1.999999999999999556, 13.70000000000000107 ) ) ;
#844 = AXIS2_PLACEMENT_3D ( 'NONE', #188, #990, #2085 ) ;
#845 = PLANE ( 'NONE',  #458 ) ;
#846 = CARTESIAN_POINT ( 'NONE',  ( -4.000000000000001776, 1.999999999999998668, 12.69999999999999929 ) ) ;
#847 = VERTEX_POINT ( 'NONE', #680 ) ;
#848 = CYLINDRICAL_SURFACE ( 'NONE', #705, 1.915000000000000036 ) ;
#849 = EDGE_LOOP ( 'NONE', ( #593, #14, #1505, #790 ) ) ;
#850 = CARTESIAN_POINT ( 'NONE',  ( 21.80000000000000426, 0.000000000000000000, 11.92999999999999616 ) ) ;
#851 = CARTESIAN_POINT ( 'NONE',  ( -5.585786437626908629, 1.999999999999999112, 12.70000000000000107 ) ) ;
#852 = LINE ( 'NONE', #502, #1541 ) ;
#853 = EDGE_CURVE ( 'NONE', #558, #287, #229, .T. ) ;
#854 = FACE_OUTER_BOUND ( 'NONE', #1675, .T. ) ;
#855 = CYLINDRICAL_SURFACE ( 'NONE', #1819, 1.500000000000001332 ) ;
#856 = ORIENTED_EDGE ( 'NONE', *, *, #1059, .T. ) ;
#857 = EDGE_LOOP ( 'NONE', ( #647, #686, #587, #1367 ) ) ;
#858 = LINE ( 'NONE', #630, #1021 ) ;
#859 = CYLINDRICAL_SURFACE ( 'NONE', #440, 1.500000000000000444 ) ;
#860 = VERTEX_POINT ( 'NONE', #291 ) ;
#861 = CIRCLE ( 'NONE', #610, 0.9999999999999991118 ) ;
#862 = CARTESIAN_POINT ( 'NONE',  ( -5.585786437626908629, 1.999999999999999112, 32.70000000000000284 ) ) ;
#863 = DIRECTION ( 'NONE',  ( -0.000000000000000000, -0.000000000000000000, -1.000000000000000000 ) ) ;
#864 = CARTESIAN_POINT ( 'NONE',  ( 18.80000000000000426, -5.640748941929031150E-16, 16.18000000000000327 ) ) ;
#865 = ADVANCED_FACE ( 'NONE', ( #504 ), #1822, .T. ) ;
#866 = CARTESIAN_POINT ( 'NONE',  ( -3.000000000000001332, 11.18000000000000149, 11.92999999999999794 ) ) ;
#867 = EDGE_LOOP ( 'NONE', ( #1054, #1120, #902, #1419 ) ) ;
#868 = VECTOR ( 'NONE', #214, 1000.000000000000000 ) ;
#869 = ORIENTED_EDGE ( 'NONE', *, *, #633, .T. ) ;
#870 = DIRECTION ( 'NONE',  ( 0.000000000000000000, 0.000000000000000000, 1.000000000000000000 ) ) ;
#871 = EDGE_CURVE ( 'NONE', #1932, #1958, #691, .T. ) ;
#872 = ORIENTED_EDGE ( 'NONE', *, *, #408, .T. ) ;
#873 = DIRECTION ( 'NONE',  ( 0.7071067811865500152, 0.000000000000000000, 0.7071067811865451302 ) ) ;
#874 = ORIENTED_EDGE ( 'NONE', *, *, #1499, .F. ) ;
#875 = DIRECTION ( 'NONE',  ( 1.545410669021654585E-16, -1.000000000000000000, 0.000000000000000000 ) ) ;
#876 = CIRCLE ( 'NONE', #666, 1.500000000000001332 ) ;
#877 = AXIS2_PLACEMENT_3D ( 'NONE', #616, #1420, #1269 ) ;
#878 = DIRECTION ( 'NONE',  ( 0.7071067811865507924, 0.000000000000000000, -0.7071067811865442421 ) ) ;
#879 = ORIENTED_EDGE ( 'NONE', *, *, #553, .T. ) ;
#880 = ORIENTED_EDGE ( 'NONE', *, *, #1256, .F. ) ;
#881 = EDGE_CURVE ( 'NONE', #1409, #1196, #353, .T. ) ;
#882 = CARTESIAN_POINT ( 'NONE',  ( 22.21421356237310007, 0.000000000000000000, 11.92999999999999616 ) ) ;
#883 = ORIENTED_EDGE ( 'NONE', *, *, #612, .F. ) ;
#884 = EDGE_CURVE ( 'NONE', #1918, #50, #1922, .T. ) ;
#885 = APPROVAL_ROLE ( '' ) ;
#886 = DIRECTION ( 'NONE',  ( -0.7071067811865500152, 0.000000000000000000, -0.7071067811865451302 ) ) ;
#887 = DIRECTION ( 'NONE',  ( 0.000000000000000000, 0.000000000000000000, 1.000000000000000000 ) ) ;
#888 = ORIENTED_EDGE ( 'NONE', *, *, #1266, .T. ) ;
#889 = ORIENTED_EDGE ( 'NONE', *, *, #1622, .F. ) ;
#890 = ORIENTED_EDGE ( 'NONE', *, *, #1320, .F. ) ;
#891 = CARTESIAN_POINT ( 'NONE',  ( 0.000000000000000000, 0.000000000000000000, 0.000000000000000000 ) ) ;
#892 = CONICAL_SURFACE ( 'NONE', #1099, 1.500000000000001332, 0.7853981633974514986 ) ;
#893 = EDGE_LOOP ( 'NONE', ( #949, #248, #1062, #385, #837, #1834 ) ) ;
#894 = ADVANCED_FACE ( 'NONE', ( #302 ), #1640, .T. ) ;
#895 = VECTOR ( 'NONE', #1229, 1000.000000000000000 ) ;
#896 = PLANE ( 'NONE',  #1570 ) ;
#897 = CC_DESIGN_APPROVAL ( #1379, ( #9 ) ) ;
#898 = DIRECTION ( 'NONE',  ( 1.000000000000000000, 1.084202172485504434E-16, -0.000000000000000000 ) ) ;
#899 = DIRECTION ( 'NONE',  ( -0.000000000000000000, 1.000000000000000000, -0.000000000000000000 ) ) ;
#900 = ORIENTED_EDGE ( 'NONE', *, *, #377, .F. ) ;
#901 = AXIS2_PLACEMENT_3D ( 'NONE', #160, #1762, #956 ) ;
#902 = ORIENTED_EDGE ( 'NONE', *, *, #1784, .F. ) ;
#903 = VECTOR ( 'NONE', #1907, 1000.000000000000000 ) ;
#904 =( NAMED_UNIT ( * ) PLANE_ANGLE_UNIT ( ) SI_UNIT ( $, .RADIAN. ) );
#905 = EDGE_LOOP ( 'NONE', ( #1396, #72, #584, #627 ) ) ;
#906 = LINE ( 'NONE', #259, #825 ) ;
#907 = ADVANCED_FACE ( 'NONE', ( #854 ), #1501, .T. ) ;
#908 = DIRECTION ( 'NONE',  ( 0.000000000000000000, 1.000000000000000000, 0.000000000000000000 ) ) ;
#909 = AXIS2_PLACEMENT_3D ( 'NONE', #1165, #1134, #1773 ) ;
#910 = ORIENTED_EDGE ( 'NONE', *, *, #1629, .F. ) ;
#911 = CALENDAR_DATE ( 2026, 12, 5 ) ;
#912 = FACE_OUTER_BOUND ( 'NONE', #257, .T. ) ;
#913 = DIRECTION ( 'NONE',  ( 0.000000000000000000, 0.000000000000000000, 1.000000000000000000 ) ) ;
#914 = LINE ( 'NONE', #1564, #965 ) ;
#915 = EDGE_CURVE ( 'NONE', #446, #1699, #1008, .T. ) ;
#916 = ORIENTED_EDGE ( 'NONE', *, *, #271, .T. ) ;
#917 = CARTESIAN_POINT ( 'NONE',  ( -3.000000000000002665, -6.500000000000002665, 16.19999999999999929 ) ) ;
#918 = DIRECTION ( 'NONE',  ( 0.000000000000000000, 0.000000000000000000, 1.000000000000000000 ) ) ;
#919 = ORIENTED_EDGE ( 'NONE', *, *, #884, .T. ) ;
#920 = VECTOR ( 'NONE', #923, 1000.000000000000000 ) ;
#921 = DIRECTION ( 'NONE',  ( -1.545410669021654585E-16, 1.000000000000000000, 0.000000000000000000 ) ) ;
#922 = CIRCLE ( 'NONE', #1101, 0.9999999999999991118 ) ;
#923 = DIRECTION ( 'NONE',  ( -0.000000000000000000, -0.000000000000000000, -1.000000000000000000 ) ) ;
#924 = CARTESIAN_POINT ( 'NONE',  ( 21.80000000000000426, 2.000000000000000000, 29.67999999999999972 ) ) ;
#925 = CIRCLE ( 'NONE', #829, 1.000000000000000000 ) ;
#926 = EDGE_CURVE ( 'NONE', #1196, #341, #1491, .T. ) ;
#927 = ORIENTED_EDGE ( 'NONE', *, *, #319, .F. ) ;
#928 = DIRECTION ( 'NONE',  ( -0.000000000000000000, -1.000000000000000000, -0.000000000000000000 ) ) ;
#929 = ADVANCED_FACE ( 'NONE', ( #190 ), #845, .T. ) ;
#930 = ORIENTED_EDGE ( 'NONE', *, *, #1160, .T. ) ;
#931 = DIRECTION ( 'NONE',  ( 1.000000000000000000, -0.000000000000000000, -0.000000000000000000 ) ) ;
#932 = FACE_OUTER_BOUND ( 'NONE', #1226, .T. ) ;
#933 = CARTESIAN_POINT ( 'NONE',  ( 22.21421356237310007, 0.000000000000000000, 10.92999999999999616 ) ) ;
#934 = CARTESIAN_POINT ( 'NONE',  ( 16.80000000000000071, 25.44999999999999574, 32.70000000000000284 ) ) ;
#935 = ORIENTED_EDGE ( 'NONE', *, *, #2020, .T. ) ;
#936 = ORIENTED_EDGE ( 'NONE', *, *, #754, .F. ) ;
#937 = DIRECTION ( 'NONE',  ( -0.000000000000000000, -1.000000000000000000, -0.000000000000000000 ) ) ;
#938 = DIRECTION ( 'NONE',  ( -0.000000000000000000, -0.000000000000000000, -1.000000000000000000 ) ) ;
#939 = ORIENTED_EDGE ( 'NONE', *, *, #1722, .T. ) ;
#940 = CIRCLE ( 'NONE', #231, 2.500000000000015987 ) ;
#941 = EDGE_CURVE ( 'NONE', #1484, #860, #776, .T. ) ;
#942 = DIRECTION ( 'NONE',  ( 0.000000000000000000, 0.000000000000000000, 1.000000000000000000 ) ) ;
#943 = DIRECTION ( 'NONE',  ( 0.000000000000000000, 1.000000000000000000, 0.000000000000000000 ) ) ;
#944 = DIRECTION ( 'NONE',  ( 0.000000000000000000, 0.000000000000000000, -1.000000000000000000 ) ) ;
#945 = CARTESIAN_POINT ( 'NONE',  ( -10.89999999999999680, 0.000000000000000000, 3.929999999999999272 ) ) ;
#946 = ORIENTED_EDGE ( 'NONE', *, *, #408, .F. ) ;
#947 = DIRECTION ( 'NONE',  ( 0.000000000000000000, -3.103262032158867841E-16, -1.000000000000000000 ) ) ;
#948 = CARTESIAN_POINT ( 'NONE',  ( 25.05000000000000426, 0.9999999999999863443, 16.92999999999999616 ) ) ;
#949 = ORIENTED_EDGE ( 'NONE', *, *, #63, .F. ) ;
#950 = CARTESIAN_POINT ( 'NONE',  ( 25.05000000000000426, 2.000000000000000000, 25.17999999999999616 ) ) ;
#951 = EDGE_CURVE ( 'NONE', #1665, #1399, #819, .T. ) ;
#952 = PLANE ( 'NONE',  #1684 ) ;
#953 = DIRECTION ( 'NONE',  ( 0.000000000000000000, 1.000000000000000000, 0.000000000000000000 ) ) ;
#954 = VECTOR ( 'NONE', #210, 1000.000000000000000 ) ;
#955 = EDGE_LOOP ( 'NONE', ( #773, #701, #1301, #777 ) ) ;
#956 = DIRECTION ( 'NONE',  ( 0.000000000000000000, -1.000000000000000000, 1.387778780781434829E-15 ) ) ;
#957 = AXIS2_PLACEMENT_3D ( 'NONE', #960, #806, #643 ) ;
#958 = DIRECTION ( 'NONE',  ( 0.000000000000000000, 0.000000000000000000, -1.000000000000000000 ) ) ;
#959 = ORIENTED_EDGE ( 'NONE', *, *, #2063, .F. ) ;
#960 = CARTESIAN_POINT ( 'NONE',  ( 25.05000000000000426, 2.000000000000000000, 15.42999999999999616 ) ) ;
#961 = FACE_OUTER_BOUND ( 'NONE', #1955, .T. ) ;
#962 = AXIS2_PLACEMENT_3D ( 'NONE', #342, #834, #1312 ) ;
#963 = ADVANCED_FACE ( 'NONE', ( #1006 ), #1455, .T. ) ;
#964 = EDGE_CURVE ( 'NONE', #82, #847, #1886, .T. ) ;
#965 = VECTOR ( 'NONE', #1408, 1000.000000000000000 ) ;
#966 = FACE_BOUND ( 'NONE', #1482, .T. ) ;
#967 = CARTESIAN_POINT ( 'NONE',  ( -3.000000000000000444, 2.999999999999999112, 32.70000000000000284 ) ) ;
#968 = DIRECTION ( 'NONE',  ( 1.000000000000000000, 0.000000000000000000, 0.000000000000000000 ) ) ;
#969 = ADVANCED_FACE ( 'NONE', ( #1785 ), #801, .T. ) ;
#970 = ORIENTED_EDGE ( 'NONE', *, *, #2020, .F. ) ;
#971 = CARTESIAN_POINT ( 'NONE',  ( 0.000000000000000000, 22.44999999999999929, 32.70000000000000284 ) ) ;
#972 = FACE_OUTER_BOUND ( 'NONE', #1206, .T. ) ;
#973 = ORIENTED_EDGE ( 'NONE', *, *, #1939, .T. ) ;
#974 = DIRECTION ( 'NONE',  ( -0.7071067811865452413, 8.659560562354961208E-17, -0.7071067811865497932 ) ) ;
#975 = AXIS2_PLACEMENT_3D ( 'NONE', #339, #178, #364 ) ;
#976 = CARTESIAN_POINT ( 'NONE',  ( 1.999999999999998224, 25.44999999999999218, 0.000000000000000000 ) ) ;
#977 = VECTOR ( 'NONE', #1161, 1000.000000000000000 ) ;
#978 = LINE ( 'NONE', #1782, #347 ) ;
#979 = CARTESIAN_POINT ( 'NONE',  ( 27.30000000000000071, 2.000000000000000000, 12.92999999999999439 ) ) ;
#980 = LINE ( 'NONE', #843, #1751 ) ;
#981 = EDGE_CURVE ( 'NONE', #1042, #70, #2049, .T. ) ;
#982 = ORIENTED_EDGE ( 'NONE', *, *, #18, .T. ) ;
#983 = DIRECTION ( 'NONE',  ( 0.000000000000000000, 0.000000000000000000, -1.000000000000000000 ) ) ;
#984 = VERTEX_POINT ( 'NONE', #1745 ) ;
#985 = CARTESIAN_POINT ( 'NONE',  ( 13.99999999999999822, -4.999999999999999112, 16.19999999999999929 ) ) ;
#986 = VERTEX_POINT ( 'NONE', #763 ) ;
#987 = DIRECTION ( 'NONE',  ( 0.000000000000000000, -1.000000000000000000, -7.758155080397172067E-17 ) ) ;
#988 = DIRECTION ( 'NONE',  ( 0.000000000000000000, 0.000000000000000000, -1.000000000000000000 ) ) ;
#989 = CARTESIAN_POINT ( 'NONE',  ( -3.000000000000001332, -10.00000000000000178, 12.69999999999999929 ) ) ;
#990 = DIRECTION ( 'NONE',  ( 4.336808689942016750E-16, 1.000000000000000000, -0.000000000000000000 ) ) ;
#991 = CARTESIAN_POINT ( 'NONE',  ( 20.54000000000000270, 11.17999999999999972, 20.01000000000000512 ) ) ;
#992 = AXIS2_PLACEMENT_3D ( 'NONE', #1407, #582, #1236 ) ;
#993 = FACE_OUTER_BOUND ( 'NONE', #1599, .T. ) ;
#994 = ORIENTED_EDGE ( 'NONE', *, *, #1863, .T. ) ;
#995 = CARTESIAN_POINT ( 'NONE',  ( 21.80000000000000426, 0.000000000000000000, 0.000000000000000000 ) ) ;
#996 = ORIENTED_EDGE ( 'NONE', *, *, #401, .T. ) ;
#997 = VECTOR ( 'NONE', #664, 1000.000000000000000 ) ;
#998 = CC_DESIGN_PERSON_AND_ORGANIZATION_ASSIGNMENT ( #395, #2026, ( #9 ) ) ;
#999 = CARTESIAN_POINT ( 'NONE',  ( 20.54000000000000270, 11.17999999999999972, 18.09500000000000242 ) ) ;
#1000 = ORIENTED_EDGE ( 'NONE', *, *, #421, .F. ) ;
#1001 = EDGE_CURVE ( 'NONE', #731, #1362, #1418, .T. ) ;
#1002 = DIRECTION ( 'NONE',  ( 1.445602896647338917E-16, -1.000000000000000000, 0.000000000000000000 ) ) ;
#1003 = CIRCLE ( 'NONE', #83, 1.500000000000001332 ) ;
#1004 = CARTESIAN_POINT ( 'NONE',  ( 21.80000000000000426, 0.000000000000000000, 32.70000000000000284 ) ) ;
#1005 = VECTOR ( 'NONE', #147, 1000.000000000000000 ) ;
#1006 = FACE_OUTER_BOUND ( 'NONE', #89, .T. ) ;
#1007 = VECTOR ( 'NONE', #878, 1000.000000000000114 ) ;
#1008 = LINE ( 'NONE', #1987, #595 ) ;
#1009 = EDGE_LOOP ( 'NONE', ( #626, #1336, #1109, #206, #115 ) ) ;
#1010 = CARTESIAN_POINT ( 'NONE',  ( 25.05000000000000426, 2.000000000000000000, 12.92999999999998018 ) ) ;
#1011 = ORIENTED_EDGE ( 'NONE', *, *, #2040, .F. ) ;
#1012 = ORIENTED_EDGE ( 'NONE', *, *, #1781, .T. ) ;
#1013 = CARTESIAN_POINT ( 'NONE',  ( 28.30000000000000071, 2.000000000000000000, 27.67999999999999616 ) ) ;
#1014 = EDGE_LOOP ( 'NONE', ( #1551, #292, #1744, #869 ) ) ;
#1015 = CARTESIAN_POINT ( 'NONE',  ( 21.80000000000000426, 0.000000000000000000, 32.70000000000000284 ) ) ;
#1016 = CARTESIAN_POINT ( 'NONE',  ( -5.000000000000003553, 1.999999999999999112, 12.69999999999999929 ) ) ;
#1017 = ADVANCED_FACE ( 'NONE', ( #425 ), #1089, .F. ) ;
#1018 = DIRECTION ( 'NONE',  ( -0.7071067811865450192, 0.000000000000000000, 0.7071067811865500152 ) ) ;
#1019 = CONICAL_SURFACE ( 'NONE', #567, 1.500000000000001332, 0.7853981633974518317 ) ;
#1020 = FACE_OUTER_BOUND ( 'NONE', #1747, .T. ) ;
#1021 = VECTOR ( 'NONE', #370, 1000.000000000000000 ) ;
#1022 = DIRECTION ( 'NONE',  ( 0.000000000000000000, 0.000000000000000000, -1.000000000000000000 ) ) ;
#1023 = DIRECTION ( 'NONE',  ( 1.000000000000000000, 1.398970545142586048E-16, 0.000000000000000000 ) ) ;
#1024 = ORIENTED_EDGE ( 'NONE', *, *, #839, .T. ) ;
#1025 = ORIENTED_EDGE ( 'NONE', *, *, #334, .T. ) ;
#1026 = LINE ( 'NONE', #1666, #1248 ) ;
#1027 = CARTESIAN_POINT ( 'NONE',  ( 6.367769559508715386E-15, 2.000000000000000000, 11.93000000000000860 ) ) ;
#1028 = EDGE_LOOP ( 'NONE', ( #506, #1291, #495, #1529, #1149, #1427, #123, #1557, #1428, #427, #1752, #1965 ) ) ;
#1029 = PLANE ( 'NONE',  #351 ) ;
#1030 = ORIENTED_EDGE ( 'NONE', *, *, #1596, .F. ) ;
#1031 = LINE ( 'NONE', #1659, #1172 ) ;
#1032 = EDGE_CURVE ( 'NONE', #1042, #546, #445, .T. ) ;
#1033 = VECTOR ( 'NONE', #735, 1000.000000000000000 ) ;
#1034 = EDGE_CURVE ( 'NONE', #222, #576, #767, .T. ) ;
#1035 = CARTESIAN_POINT ( 'NONE',  ( 21.80000000000000426, 2.000000000000000000, 29.67999999999999972 ) ) ;
#1036 = VERTEX_POINT ( 'NONE', #135 ) ;
#1037 = AXIS2_PLACEMENT_3D ( 'NONE', #131, #953, #624 ) ;
#1038 = CARTESIAN_POINT ( 'NONE',  ( -4.999999999999990230, -3.500000000000000888, 16.19999999999999929 ) ) ;
#1039 = VERTEX_POINT ( 'NONE', #1921 ) ;
#1040 = VECTOR ( 'NONE', #55, 1000.000000000000000 ) ;
#1041 = DIRECTION ( 'NONE',  ( 1.192835396054779323E-16, -1.000000000000000000, 0.000000000000000000 ) ) ;
#1042 = VERTEX_POINT ( 'NONE', #1125 ) ;
#1043 = AXIS2_PLACEMENT_3D ( 'NONE', #1960, #1002, #1648 ) ;
#1044 = CARTESIAN_POINT ( 'NONE',  ( 20.54000000000000270, 11.17999999999999972, 16.18000000000000327 ) ) ;
#1045 = EDGE_CURVE ( 'NONE', #146, #446, #1910, .T. ) ;
#1046 = CARTESIAN_POINT ( 'NONE',  ( 20.80000000000000426, 0.000000000000000000, 3.929999999999999272 ) ) ;
#1047 = ORIENTED_EDGE ( 'NONE', *, *, #599, .T. ) ;
#1048 = EDGE_CURVE ( 'NONE', #731, #400, #594, .T. ) ;
#1049 = ORIENTED_EDGE ( 'NONE', *, *, #329, .F. ) ;
#1050 = AXIS2_PLACEMENT_3D ( 'NONE', #118, #769, #1769 ) ;
#1051 = LINE ( 'NONE', #1738, #1900 ) ;
#1052 = EDGE_LOOP ( 'NONE', ( #1994, #1207, #1923, #1197 ) ) ;
#1053 = DATE_AND_TIME ( #409, #1104 ) ;
#1054 = ORIENTED_EDGE ( 'NONE', *, *, #1334, .F. ) ;
#1055 = DIRECTION ( 'NONE',  ( 0.000000000000000000, 0.000000000000000000, 1.000000000000000000 ) ) ;
#1056 = VECTOR ( 'NONE', #486, 1000.000000000000000 ) ;
#1057 = CARTESIAN_POINT ( 'NONE',  ( -4.999999999999990230, -4.999999999999998224, 29.19999999999999574 ) ) ;
#1058 = ORIENTED_EDGE ( 'NONE', *, *, #1285, .F. ) ;
#1059 = EDGE_CURVE ( 'NONE', #1990, #433, #1318, .T. ) ;
#1060 = ORIENTED_EDGE ( 'NONE', *, *, #553, .F. ) ;
#1061 = DATE_AND_TIME ( #911, #2017 ) ;
#1062 = ORIENTED_EDGE ( 'NONE', *, *, #1999, .F. ) ;
#1063 = CARTESIAN_POINT ( 'NONE',  ( 20.80000000000000426, 11.18000000000000149, 7.430000000000000604 ) ) ;
#1064 = FACE_OUTER_BOUND ( 'NONE', #1288, .T. ) ;
#1065 = FACE_OUTER_BOUND ( 'NONE', #824, .T. ) ;
#1066 = ORIENTED_EDGE ( 'NONE', *, *, #1285, .T. ) ;
#1067 = ORIENTED_EDGE ( 'NONE', *, *, #1045, .T. ) ;
#1068 = ORIENTED_EDGE ( 'NONE', *, *, #1995, .F. ) ;
#1069 = EDGE_CURVE ( 'NONE', #84, #1835, #104, .T. ) ;
#1070 = COORDINATED_UNIVERSAL_TIME_OFFSET ( 1, 0, .AHEAD. ) ;
#1071 = CIRCLE ( 'NONE', #548, 4.499999999999993783 ) ;
#1072 = VERTEX_POINT ( 'NONE', #917 ) ;
#1073 = EDGE_CURVE ( 'NONE', #860, #70, #940, .T. ) ;
#1074 = CARTESIAN_POINT ( 'NONE',  ( 0.000000000000000000, 0.000000000000000000, 0.000000000000000000 ) ) ;
#1075 = VECTOR ( 'NONE', #361, 1000.000000000000000 ) ;
#1076 = CARTESIAN_POINT ( 'NONE',  ( 0.000000000000000000, 0.000000000000000000, 32.70000000000000284 ) ) ;
#1077 = VECTOR ( 'NONE', #311, 1000.000000000000227 ) ;
#1078 = VERTEX_POINT ( 'NONE', #2080 ) ;
#1079 = VECTOR ( 'NONE', #2030, 1000.000000000000000 ) ;
#1080 = PERSON_AND_ORGANIZATION ( #580, #389 ) ;
#1081 = ORIENTED_EDGE ( 'NONE', *, *, #102, .F. ) ;
#1082 = DIRECTION ( 'NONE',  ( 0.000000000000000000, -1.000000000000000000, 0.000000000000000000 ) ) ;
#1083 = EDGE_CURVE ( 'NONE', #1459, #1476, #1568, .T. ) ;
#1084 = LINE ( 'NONE', #1721, #3 ) ;
#1085 = DIRECTION ( 'NONE',  ( 1.000000000000000000, 1.445602896647338917E-16, -0.000000000000000000 ) ) ;
#1086 = ORIENTED_EDGE ( 'NONE', *, *, #871, .F. ) ;
#1087 = VECTOR ( 'NONE', #344, 1000.000000000000114 ) ;
#1088 = VERTEX_POINT ( 'NONE', #1097 ) ;
#1089 = CYLINDRICAL_SURFACE ( 'NONE', #877, 1.500000000000001332 ) ;
#1090 = APPROVAL_DATE_TIME ( #1850, #304 ) ;
#1091 = LINE ( 'NONE', #742, #386 ) ;
#1092 = EDGE_CURVE ( 'NONE', #1835, #1724, #1152, .T. ) ;
#1093 = FACE_OUTER_BOUND ( 'NONE', #508, .T. ) ;
#1094 = CARTESIAN_POINT ( 'NONE',  ( 25.05000000000000426, 2.000000000000000000, 16.92999999999999616 ) ) ;
#1095 = ADVANCED_FACE ( 'NONE', ( #1429 ), #755, .F. ) ;
#1096 = VERTEX_POINT ( 'NONE', #113 ) ;
#1097 = CARTESIAN_POINT ( 'NONE',  ( -6.000000000000002665, -4.999999999999998224, 26.69999999999997797 ) ) ;
#1098 = ORIENTED_EDGE ( 'NONE', *, *, #1963, .T. ) ;
#1099 = AXIS2_PLACEMENT_3D ( 'NONE', #489, #781, #309 ) ;
#1100 = CARTESIAN_POINT ( 'NONE',  ( -4.999999999999990230, -5.000000000000001776, 16.19999999999999929 ) ) ;
#1101 = AXIS2_PLACEMENT_3D ( 'NONE', #723, #1082, #1560 ) ;
#1102 = DIRECTION ( 'NONE',  ( 0.000000000000000000, 0.000000000000000000, 1.000000000000000000 ) ) ;
#1103 = LINE ( 'NONE', #263, #1384 ) ;
#1104 = LOCAL_TIME ( 10, 56, 33.00000000000000000, #1402 ) ;
#1105 = EDGE_CURVE ( 'NONE', #1665, #126, #1891, .T. ) ;
#1106 = VERTEX_POINT ( 'NONE', #788 ) ;
#1107 = ORIENTED_EDGE ( 'NONE', *, *, #1920, .F. ) ;
#1108 = DIRECTION ( 'NONE',  ( 8.659560562354941486E-17, 0.7071067811865470176, -0.7071067811865481278 ) ) ;
#1109 = ORIENTED_EDGE ( 'NONE', *, *, #1908, .F. ) ;
#1110 = VECTOR ( 'NONE', #378, 1000.000000000000000 ) ;
#1111 = DIRECTION ( 'NONE',  ( -0.000000000000000000, 0.000000000000000000, -1.000000000000000000 ) ) ;
#1112 = VECTOR ( 'NONE', #307, 1000.000000000000000 ) ;
#1113 = DIRECTION ( 'NONE',  ( 0.000000000000000000, 0.000000000000000000, -1.000000000000000000 ) ) ;
#1114 = DIRECTION ( 'NONE',  ( -0.000000000000000000, -0.000000000000000000, -1.000000000000000000 ) ) ;
#1115 = LINE ( 'NONE', #924, #298 ) ;
#1116 = VERTEX_POINT ( 'NONE', #1440 ) ;
#1117 = EDGE_CURVE ( 'NONE', #1394, #1476, #628, .T. ) ;
#1118 = DIRECTION ( 'NONE',  ( 1.000000000000000000, -0.000000000000000000, -0.000000000000000000 ) ) ;
#1119 = CARTESIAN_POINT ( 'NONE',  ( 1.999999999999997335, 20.44999999999999218, 32.70000000000000284 ) ) ;
#1120 = ORIENTED_EDGE ( 'NONE', *, *, #724, .F. ) ;
#1121 = DIRECTION ( 'NONE',  ( 0.000000000000000000, 0.000000000000000000, 1.000000000000000000 ) ) ;
#1122 = LINE ( 'NONE', #1284, #1430 ) ;
#1123 = ORIENTED_EDGE ( 'NONE', *, *, #431, .T. ) ;
#1124 = DIRECTION ( 'NONE',  ( 0.000000000000000000, 0.000000000000000000, 1.000000000000000000 ) ) ;
#1125 = CARTESIAN_POINT ( 'NONE',  ( 25.05000000000000426, 0.9999999999999865663, 13.92999999999999439 ) ) ;
#1126 = EDGE_LOOP ( 'NONE', ( #675, #1903, #2070, #45, #602, #1736 ) ) ;
#1127 = EDGE_CURVE ( 'NONE', #287, #406, #1633, .T. ) ;
#1128 = CC_DESIGN_PERSON_AND_ORGANIZATION_ASSIGNMENT ( #1080, #267, ( #586 ) ) ;
#1129 = CARTESIAN_POINT ( 'NONE',  ( -4.999999999999990230, -3.499999999999997335, 29.19999999999999574 ) ) ;
#1130 = CARTESIAN_POINT ( 'NONE',  ( 25.05000000000000426, 2.000000000000000000, 22.67999999999998195 ) ) ;
#1131 = ADVANCED_FACE ( 'NONE', ( #1289 ), #323, .F. ) ;
#1132 = DIRECTION ( 'NONE',  ( 1.000000000000000000, 0.000000000000000000, 0.000000000000000000 ) ) ;
#1133 = VECTOR ( 'NONE', #297, 1000.000000000000000 ) ;
#1134 = DIRECTION ( 'NONE',  ( -3.103262032158887562E-16, -1.000000000000000000, 1.567757329305238489E-31 ) ) ;
#1135 = ORIENTED_EDGE ( 'NONE', *, *, #18, .F. ) ;
#1136 = LINE ( 'NONE', #1483, #1005 ) ;
#1137 = CIRCLE ( 'NONE', #1178, 1.500000000000000444 ) ;
#1138 = CARTESIAN_POINT ( 'NONE',  ( 25.05000000000000426, 2.000000000000000000, 26.67999999999999972 ) ) ;
#1139 = VERTEX_POINT ( 'NONE', #1956 ) ;
#1140 = FACE_OUTER_BOUND ( 'NONE', #217, .T. ) ;
#1141 = DIRECTION ( 'NONE',  ( -0.7071067811865450192, -1.392046404074244971E-16, 0.7071067811865501263 ) ) ;
#1142 = PLANE ( 'NONE',  #134 ) ;
#1143 = EDGE_CURVE ( 'NONE', #27, #82, #1485, .T. ) ;
#1144 = CARTESIAN_POINT ( 'NONE',  ( 25.05000000000000426, 2.000000000000000000, 23.67999999999999616 ) ) ;
#1145 = ORIENTED_EDGE ( 'NONE', *, *, #964, .F. ) ;
#1146 = CARTESIAN_POINT ( 'NONE',  ( 25.05000000000000426, 0.000000000000000000, 15.42999999999999616 ) ) ;
#1147 = ORIENTED_EDGE ( 'NONE', *, *, #1154, .T. ) ;
#1148 = DIRECTION ( 'NONE',  ( 0.000000000000000000, 1.000000000000000000, 0.000000000000000000 ) ) ;
#1149 = ORIENTED_EDGE ( 'NONE', *, *, #401, .F. ) ;
#1150 = AXIS2_PLACEMENT_3D ( 'NONE', #1506, #1198, #1924 ) ;
#1151 = DIRECTION ( 'NONE',  ( -0.000000000000000000, 1.000000000000000000, -0.000000000000000000 ) ) ;
#1152 = CIRCLE ( 'NONE', #1526, 4.499999999999999112 ) ;
#1153 = CARTESIAN_POINT ( 'NONE',  ( -3.000000000000000888, 11.18000000000000149, 7.430000000000000604 ) ) ;
#1154 = EDGE_CURVE ( 'NONE', #1761, #717, #25, .T. ) ;
#1155 = LINE ( 'NONE', #1144, #1316 ) ;
#1156 = DIRECTION ( 'NONE',  ( 0.000000000000000000, 0.000000000000000000, 1.000000000000000000 ) ) ;
#1157 = LINE ( 'NONE', #822, #756 ) ;
#1158 = CARTESIAN_POINT ( 'NONE',  ( 18.80000000000000426, 11.17999999999999972, 16.18000000000000327 ) ) ;
#1159 = EDGE_LOOP ( 'NONE', ( #880, #1086, #802, #741 ) ) ;
#1160 = EDGE_CURVE ( 'NONE', #560, #1096, #1980, .T. ) ;
#1161 = DIRECTION ( 'NONE',  ( 1.545410669021654585E-16, -1.000000000000000000, 0.000000000000000000 ) ) ;
#1162 = ORIENTED_EDGE ( 'NONE', *, *, #63, .T. ) ;
#1163 = CARTESIAN_POINT ( 'NONE',  ( 20.54000000000000270, 11.17999999999999972, 18.09500000000000242 ) ) ;
#1164 = CARTESIAN_POINT ( 'NONE',  ( 21.50710678118655395, 2.000000000000000000, 11.63710678118654940 ) ) ;
#1165 = CARTESIAN_POINT ( 'NONE',  ( 22.21421356237310007, 1.999999999999993117, 10.92999999999999616 ) ) ;
#1166 = AXIS2_PLACEMENT_3D ( 'NONE', #1296, #1435, #479 ) ;
#1167 = DIRECTION ( 'NONE',  ( 0.000000000000000000, 1.000000000000000000, -3.103262032158867841E-16 ) ) ;
#1168 = ORIENTED_EDGE ( 'NONE', *, *, #1479, .F. ) ;
#1169 = DIRECTION ( 'NONE',  ( 1.000000000000000000, 5.782411586589356653E-16, -0.000000000000000000 ) ) ;
#1170 = ORIENTED_EDGE ( 'NONE', *, *, #1252, .T. ) ;
#1171 = ORIENTED_EDGE ( 'NONE', *, *, #212, .F. ) ;
#1172 = VECTOR ( 'NONE', #29, 1000.000000000000000 ) ;
#1173 = EDGE_CURVE ( 'NONE', #1088, #406, #1488, .T. ) ;
#1174 = DIRECTION ( 'NONE',  ( 0.7071067811865451302, -2.194337626738289132E-16, -0.7071067811865500152 ) ) ;
#1175 = ADVANCED_FACE ( 'NONE', ( #1187 ), #1667, .T. ) ;
#1176 = ORIENTED_EDGE ( 'NONE', *, *, #1577, .F. ) ;
#1177 = FACE_OUTER_BOUND ( 'NONE', #1630, .T. ) ;
#1178 = AXIS2_PLACEMENT_3D ( 'NONE', #500, #688, #1510 ) ;
#1179 = CARTESIAN_POINT ( 'NONE',  ( 27.30000000000000071, 2.000000000000000000, 27.67999999999999616 ) ) ;
#1180 = DIRECTION ( 'NONE',  ( -1.000000000000000000, -1.545410669021654585E-16, -0.000000000000000000 ) ) ;
#1181 = CIRCLE ( 'NONE', #420, 1.500000000000001332 ) ;
#1182 = DIRECTION ( 'NONE',  ( 5.782411586589356653E-16, -1.000000000000000000, 0.000000000000000000 ) ) ;
#1183 = DIRECTION ( 'NONE',  ( 0.000000000000000000, 0.000000000000000000, -1.000000000000000000 ) ) ;
#1184 = EDGE_LOOP ( 'NONE', ( #303, #88, #814, #833, #1643 ) ) ;
#1185 = VERTEX_POINT ( 'NONE', #826 ) ;
#1186 = DIRECTION ( 'NONE',  ( 1.000000000000000000, 1.445602896647338917E-16, 0.000000000000000000 ) ) ;
#1187 = FACE_OUTER_BOUND ( 'NONE', #1717, .T. ) ;
#1188 = ORIENTED_EDGE ( 'NONE', *, *, #884, .F. ) ;
#1189 = ADVANCED_FACE ( 'NONE', ( #1326 ), #660, .F. ) ;
#1190 = CARTESIAN_POINT ( 'NONE',  ( 21.80000000000000426, 20.44999999999999574, 32.70000000000000284 ) ) ;
#1191 = FACE_OUTER_BOUND ( 'NONE', #57, .T. ) ;
#1192 = ADVANCED_FACE ( 'NONE', ( #195 ), #1996, .F. ) ;
#1193 = DIRECTION ( 'NONE',  ( 0.000000000000000000, 0.000000000000000000, 1.000000000000000000 ) ) ;
#1194 = CONICAL_SURFACE ( 'NONE', #841, 2.500000000000015987, 0.7853981633974473908 ) ;
#1195 = DIRECTION ( 'NONE',  ( 1.000000000000000000, 0.000000000000000000, 0.000000000000000000 ) ) ;
#1196 = VERTEX_POINT ( 'NONE', #358 ) ;
#1197 = ORIENTED_EDGE ( 'NONE', *, *, #1032, .F. ) ;
#1198 = DIRECTION ( 'NONE',  ( 0.000000000000000000, 1.000000000000000000, 0.000000000000000000 ) ) ;
#1199 = DIRECTION ( 'NONE',  ( -1.000000000000000000, 0.000000000000000000, -0.000000000000000000 ) ) ;
#1200 = VERTEX_POINT ( 'NONE', #1013 ) ;
#1201 = DIRECTION ( 'NONE',  ( 5.782411586589356653E-16, -1.000000000000000000, 0.000000000000000000 ) ) ;
#1202 = VERTEX_POINT ( 'NONE', #1655 ) ;
#1203 = CARTESIAN_POINT ( 'NONE',  ( 25.05000000000000426, 2.000000000000000000, 27.68000000000001393 ) ) ;
#1204 = EDGE_CURVE ( 'NONE', #1139, #1439, #498, .T. ) ;
#1205 = CARTESIAN_POINT ( 'NONE',  ( -6.000000000000001776, -10.00000000000000355, 31.69999999999999929 ) ) ;
#1206 = EDGE_LOOP ( 'NONE', ( #1324, #1030, #1353, #1228 ) ) ;
#1207 = ORIENTED_EDGE ( 'NONE', *, *, #418, .T. ) ;
#1208 = CARTESIAN_POINT ( 'NONE',  ( 21.80000000000000426, 25.44999999999999574, 0.000000000000000000 ) ) ;
#1209 = VECTOR ( 'NONE', #1695, 1000.000000000000000 ) ;
#1210 = ORIENTED_EDGE ( 'NONE', *, *, #871, .T. ) ;
#1211 = VECTOR ( 'NONE', #1893, 1000.000000000000000 ) ;
#1212 = CARTESIAN_POINT ( 'NONE',  ( 18.80000000000000071, 22.44999999999999929, 0.000000000000000000 ) ) ;
#1213 = ADVANCED_FACE ( 'NONE', ( #972 ), #848, .F. ) ;
#1214 = FACE_OUTER_BOUND ( 'NONE', #1014, .T. ) ;
#1215 = ORIENTED_EDGE ( 'NONE', *, *, #1535, .F. ) ;
#1216 = ORIENTED_EDGE ( 'NONE', *, *, #853, .F. ) ;
#1217 = EDGE_LOOP ( 'NONE', ( #1857, #499, #460, #994, #2066 ) ) ;
#1218 = DIRECTION ( 'NONE',  ( 1.000000000000000000, 0.000000000000000000, 0.000000000000000000 ) ) ;
#1219 = ORIENTED_EDGE ( 'NONE', *, *, #1434, .T. ) ;
#1220 = DIRECTION ( 'NONE',  ( 0.7071067811865451302, -5.485844066845724680E-17, 0.7071067811865500152 ) ) ;
#1221 = AXIS2_PLACEMENT_3D ( 'NONE', #1964, #1976, #136 ) ;
#1222 = DIRECTION ( 'NONE',  ( 0.000000000000000000, -7.758155080397172067E-17, 1.000000000000000000 ) ) ;
#1223 = DIRECTION ( 'NONE',  ( 1.398970545142586048E-16, -1.000000000000000000, 0.000000000000000000 ) ) ;
#1224 = VERTEX_POINT ( 'NONE', #1623 ) ;
#1225 = ADVANCED_FACE ( 'NONE', ( #1303 ), #1645, .F. ) ;
#1226 = EDGE_LOOP ( 'NONE', ( #1067, #265, #1508, #596 ) ) ;
#1227 = PERSON_AND_ORGANIZATION ( #580, #389 ) ;
#1228 = ORIENTED_EDGE ( 'NONE', *, *, #49, .T. ) ;
#1229 = DIRECTION ( 'NONE',  ( -1.192835396054779323E-16, 1.000000000000000000, -3.103262032158867841E-16 ) ) ;
#1230 = DIRECTION ( 'NONE',  ( -1.000000000000000000, -1.398970545142586048E-16, 0.000000000000000000 ) ) ;
#1231 = ORIENTED_EDGE ( 'NONE', *, *, #1710, .F. ) ;
#1232 = EDGE_CURVE ( 'NONE', #343, #196, #36, .T. ) ;
#1233 = VECTOR ( 'NONE', #1132, 1000.000000000000000 ) ;
#1234 = ORIENTED_EDGE ( 'NONE', *, *, #1490, .F. ) ;
#1235 = DIRECTION ( 'NONE',  ( 0.000000000000000000, 0.000000000000000000, -1.000000000000000000 ) ) ;
#1236 = DIRECTION ( 'NONE',  ( 0.000000000000000000, 0.000000000000000000, 1.000000000000000000 ) ) ;
#1237 = DIRECTION ( 'NONE',  ( -1.000000000000000000, 0.000000000000000000, 0.000000000000000000 ) ) ;
#1238 = ORIENTED_EDGE ( 'NONE', *, *, #388, .T. ) ;
#1239 =( BOUNDED_CURVE ( )  B_SPLINE_CURVE ( 3, ( #1016, #851, #1985, #1466 ),
 .UNSPECIFIED., .F., .F. ) 
 B_SPLINE_CURVE_WITH_KNOTS ( ( 4, 4 ),
 ( 3.141592653589793116, 4.712388980384689674 ),
 .UNSPECIFIED. ) 
 CURVE ( )  GEOMETRIC_REPRESENTATION_ITEM ( )  RATIONAL_B_SPLINE_CURVE ( ( 1.000000000000000000, 0.8047378541243649375, 0.8047378541243649375, 1.000000000000000000 ) ) 
 REPRESENTATION_ITEM ( '' )  );
#1240 = CARTESIAN_POINT ( 'NONE',  ( -1.999999999999994893, 11.18000000000000149, 7.430000000000000604 ) ) ;
#1241 = APPROVAL_STATUS ( 'not_yet_approved' ) ;
#1242 = ADVANCED_FACE ( 'NONE', ( #205 ), #859, .F. ) ;
#1243 = DIRECTION ( 'NONE',  ( 0.000000000000000000, 0.000000000000000000, 1.000000000000000000 ) ) ;
#1244 = EDGE_CURVE ( 'NONE', #1918, #1761, #1766, .T. ) ;
#1245 = CARTESIAN_POINT ( 'NONE',  ( -3.000000000000000000, 0.000000000000000000, 11.92999999999999972 ) ) ;
#1246 = CARTESIAN_POINT ( 'NONE',  ( 20.54000000000000270, 11.17999999999999972, 18.09500000000000242 ) ) ;
#1247 = ORIENTED_EDGE ( 'NONE', *, *, #1629, .T. ) ;
#1248 = VECTOR ( 'NONE', #684, 1000.000000000000114 ) ;
#1249 = AXIS2_PLACEMENT_3D ( 'NONE', #1813, #524, #473 ) ;
#1250 = ORIENTED_EDGE ( 'NONE', *, *, #1232, .F. ) ;
#1251 = CARTESIAN_POINT ( 'NONE',  ( 25.05000000000000426, 2.000000000000000000, 13.92999999999999439 ) ) ;
#1252 = EDGE_CURVE ( 'NONE', #673, #50, #1802, .T. ) ;
#1253 = LINE ( 'NONE', #1858, #1209 ) ;
#1254 = ADVANCED_FACE ( 'NONE', ( #1689 ), #1416, .F. ) ;
#1255 = FACE_OUTER_BOUND ( 'NONE', #1989, .T. ) ;
#1256 = EDGE_CURVE ( 'NONE', #1958, #487, #1404, .T. ) ;
#1257 = CARTESIAN_POINT ( 'NONE',  ( 0.000000000000000000, 11.18000000000000149, 10.92999999999999972 ) ) ;
#1258 = VERTEX_POINT ( 'NONE', #1038 ) ;
#1259 = DIRECTION ( 'NONE',  ( 1.000000000000000000, 1.192835396054779323E-16, -0.000000000000000000 ) ) ;
#1260 = ORIENTED_EDGE ( 'NONE', *, *, #1731, .T. ) ;
#1261 = DIRECTION ( 'NONE',  ( 1.000000000000000000, 1.445602896647338917E-16, -0.000000000000000000 ) ) ;
#1262 = CARTESIAN_POINT ( 'NONE',  ( -3.000000000000001332, 11.17999999999999972, 2.930000000000001048 ) ) ;
#1263 = VECTOR ( 'NONE', #747, 1000.000000000000000 ) ;
#1264 = CARTESIAN_POINT ( 'NONE',  ( 6.367769559508715386E-15, 0.000000000000000000, 11.93000000000000860 ) ) ;
#1265 = DIRECTION ( 'NONE',  ( 1.192835396054779323E-16, -1.000000000000000000, -7.758155080397172067E-17 ) ) ;
#1266 = EDGE_CURVE ( 'NONE', #417, #1340, #1051, .T. ) ;
#1267 = AXIS2_PLACEMENT_3D ( 'NONE', #1015, #538, #1801 ) ;
#1268 = ORIENTED_EDGE ( 'NONE', *, *, #926, .F. ) ;
#1269 = DIRECTION ( 'NONE',  ( 0.000000000000000000, 0.000000000000000000, -1.000000000000000000 ) ) ;
#1270 = CARTESIAN_POINT ( 'NONE',  ( 1.999999999999998224, 25.44999999999999218, 32.70000000000000284 ) ) ;
#1271 = ORIENTED_EDGE ( 'NONE', *, *, #797, .F. ) ;
#1272 = VECTOR ( 'NONE', #132, 1000.000000000000000 ) ;
#1273 = CARTESIAN_POINT ( 'NONE',  ( -3.000000000000001332, 11.17999999999999972, 2.930000000000003713 ) ) ;
#1274 = CARTESIAN_POINT ( 'NONE',  ( -3.000000000000002665, 20.44999999999999218, 32.70000000000000284 ) ) ;
#1275 = LINE ( 'NONE', #1330, #687 ) ;
#1276 = ADVANCED_FACE ( 'NONE', ( #1364 ), #439, .F. ) ;
#1277 = ORIENTED_EDGE ( 'NONE', *, *, #1073, .T. ) ;
#1278 = ORIENTED_EDGE ( 'NONE', *, *, #744, .F. ) ;
#1279 = CARTESIAN_POINT ( 'NONE',  ( 25.05000000000000426, 2.000000000000000000, 15.42999999999999616 ) ) ;
#1280 = CIRCLE ( 'NONE', #1585, 1.500000000000001332 ) ;
#1281 = ADVANCED_FACE ( 'NONE', ( #1728 ), #536, .T. ) ;
#1282 = DIRECTION ( 'NONE',  ( 0.000000000000000000, -1.000000000000000000, 0.000000000000000000 ) ) ;
#1283 = LINE ( 'NONE', #465, #281 ) ;
#1284 = CARTESIAN_POINT ( 'NONE',  ( 0.000000000000000000, 22.44999999999999929, 32.70000000000000284 ) ) ;
#1285 = EDGE_CURVE ( 'NONE', #219, #617, #272, .T. ) ;
#1286 = ORIENTED_EDGE ( 'NONE', *, *, #429, .F. ) ;
#1287 = LINE ( 'NONE', #1929, #320 ) ;
#1288 = EDGE_LOOP ( 'NONE', ( #1706, #544, #1412, #1234 ) ) ;
#1289 = FACE_OUTER_BOUND ( 'NONE', #372, .T. ) ;
#1290 = AXIS2_PLACEMENT_3D ( 'NONE', #79, #1222, #1382 ) ;
#1291 = ORIENTED_EDGE ( 'NONE', *, *, #1045, .F. ) ;
#1292 = EDGE_CURVE ( 'NONE', #238, #1459, #285, .T. ) ;
#1293 = DIRECTION ( 'NONE',  ( 0.000000000000000000, -1.000000000000000000, 0.000000000000000000 ) ) ;
#1294 = DIRECTION ( 'NONE',  ( -1.000000000000000000, 0.000000000000000000, 0.000000000000000000 ) ) ;
#1295 = VECTOR ( 'NONE', #1193, 1000.000000000000000 ) ;
#1296 = CARTESIAN_POINT ( 'NONE',  ( 16.80000000000000071, 20.44999999999999574, 0.000000000000000000 ) ) ;
#1297 = AXIS2_PLACEMENT_3D ( 'NONE', #1406, #1397, #1235 ) ;
#1298 = DIRECTION ( 'NONE',  ( -0.000000000000000000, 1.000000000000000000, -0.000000000000000000 ) ) ;
#1299 = VERTEX_POINT ( 'NONE', #1574 ) ;
#1300 = LINE ( 'NONE', #181, #2076 ) ;
#1301 = ORIENTED_EDGE ( 'NONE', *, *, #797, .T. ) ;
#1302 = VECTOR ( 'NONE', #448, 1000.000000000000000 ) ;
#1303 = FACE_OUTER_BOUND ( 'NONE', #1126, .T. ) ;
#1304 = ORIENTED_EDGE ( 'NONE', *, *, #1700, .T. ) ;
#1305 = PLANE ( 'NONE',  #554 ) ;
#1306 = ADVANCED_FACE ( 'NONE', ( #1255 ), #1871, .F. ) ;
#1307 = VECTOR ( 'NONE', #1954, 1000.000000000000000 ) ;
#1308 = PLANE ( 'NONE',  #1037 ) ;
#1309 = EDGE_CURVE ( 'NONE', #1200, #222, #109, .T. ) ;
#1310 = DIRECTION ( 'NONE',  ( -0.000000000000000000, 1.000000000000000000, -0.000000000000000000 ) ) ;
#1311 = DIRECTION ( 'NONE',  ( -1.000000000000000000, 4.336808689942016750E-16, 0.000000000000000000 ) ) ;
#1312 = DIRECTION ( 'NONE',  ( 1.000000000000000000, 0.000000000000000000, -0.000000000000000000 ) ) ;
#1313 = ORIENTED_EDGE ( 'NONE', *, *, #1460, .T. ) ;
#1314 = CARTESIAN_POINT ( 'NONE',  ( 25.05000000000000426, 0.9999999999999863443, 15.42999999999999616 ) ) ;
#1315 = ORIENTED_EDGE ( 'NONE', *, *, #276, .F. ) ;
#1316 = VECTOR ( 'NONE', #1783, 1000.000000000000000 ) ;
#1317 = CYLINDRICAL_SURFACE ( 'NONE', #1043, 1.000000000000000000 ) ;
#1318 = CIRCLE ( 'NONE', #2055, 5.000000000000000888 ) ;
#1319 = DIRECTION ( 'NONE',  ( -1.000000000000000000, 0.000000000000000000, 0.000000000000000000 ) ) ;
#1320 = EDGE_CURVE ( 'NONE', #27, #1632, #393, .T. ) ;
#1321 = CARTESIAN_POINT ( 'NONE',  ( 13.99999999999999822, -6.499999999999996447, 29.19999999999999574 ) ) ;
#1322 = ORIENTED_EDGE ( 'NONE', *, *, #1731, .F. ) ;
#1323 = CARTESIAN_POINT ( 'NONE',  ( 20.54000000000000270, -2.951734377831351896E-16, 16.18000000000000327 ) ) ;
#1324 = ORIENTED_EDGE ( 'NONE', *, *, #522, .T. ) ;
#1325 = ORIENTED_EDGE ( 'NONE', *, *, #642, .F. ) ;
#1326 = FACE_OUTER_BOUND ( 'NONE', #1691, .T. ) ;
#1327 = ORIENTED_EDGE ( 'NONE', *, *, #1092, .F. ) ;
#1328 = CARTESIAN_POINT ( 'NONE',  ( -3.000000000000000444, 2.999999999999999112, 32.70000000000000284 ) ) ;
#1329 = CARTESIAN_POINT ( 'NONE',  ( 20.54000000000000270, -2.951734377831351896E-16, 20.01000000000000867 ) ) ;
#1330 = CARTESIAN_POINT ( 'NONE',  ( 21.80000000000000426, 11.18000000000000149, 11.92999999999999261 ) ) ;
#1331 = DIRECTION ( 'NONE',  ( 1.445602896647338917E-16, -1.000000000000000000, 0.000000000000000000 ) ) ;
#1332 = CIRCLE ( 'NONE', #1166, 5.000000000000000888 ) ;
#1333 = CARTESIAN_POINT ( 'NONE',  ( 25.05000000000000426, 2.000000000000000000, 25.17999999999999616 ) ) ;
#1334 = EDGE_CURVE ( 'NONE', #534, #1371, #861, .T. ) ;
#1335 = DIRECTION ( 'NONE',  ( -0.000000000000000000, -0.000000000000000000, -1.000000000000000000 ) ) ;
#1336 = ORIENTED_EDGE ( 'NONE', *, *, #1830, .F. ) ;
#1337 = ORIENTED_EDGE ( 'NONE', *, *, #1173, .F. ) ;
#1338 = CARTESIAN_POINT ( 'NONE',  ( 21.50710678118655395, 2.194337626738293323E-16, 11.63710678118654940 ) ) ;
#1339 = DIRECTION ( 'NONE',  ( -1.000000000000000000, -1.445602896647338917E-16, -0.000000000000000000 ) ) ;
#1340 = VERTEX_POINT ( 'NONE', #1352 ) ;
#1341 = CARTESIAN_POINT ( 'NONE',  ( -5.000000000000003553, 1.999999999999999112, 32.70000000000000284 ) ) ;
#1342 = CARTESIAN_POINT ( 'NONE',  ( 27.30000000000000071, 0.000000000000000000, 28.67999999999999616 ) ) ;
#1343 = DIRECTION ( 'NONE',  ( 1.000000000000000000, 0.000000000000000000, 0.000000000000000000 ) ) ;
#1344 = VECTOR ( 'NONE', #636, 1000.000000000000000 ) ;
#1345 = AXIS2_PLACEMENT_3D ( 'NONE', #760, #908, #743 ) ;
#1346 = DIRECTION ( 'NONE',  ( 0.000000000000000000, 1.000000000000000000, 0.000000000000000000 ) ) ;
#1347 = LINE ( 'NONE', #390, #868 ) ;
#1348 = ORIENTED_EDGE ( 'NONE', *, *, #523, .T. ) ;
#1349 = ORIENTED_EDGE ( 'NONE', *, *, #1001, .T. ) ;
#1350 = CARTESIAN_POINT ( 'NONE',  ( -4.999999999999990230, -4.999999999999998224, 27.69999999999999574 ) ) ;
#1351 = CC_DESIGN_DATE_AND_TIME_ASSIGNMENT ( #1053, #1692, ( #1436 ) ) ;
#1352 = CARTESIAN_POINT ( 'NONE',  ( 0.000000000000000000, 0.000000000000000000, 10.93000000000000149 ) ) ;
#1353 = ORIENTED_EDGE ( 'NONE', *, *, #334, .F. ) ;
#1354 = EDGE_CURVE ( 'NONE', #1763, #1932, #1992, .T. ) ;
#1355 = LINE ( 'NONE', #1971, #1709 ) ;
#1356 = ORIENTED_EDGE ( 'NONE', *, *, #1320, .T. ) ;
#1357 = AXIS2_PLACEMENT_3D ( 'NONE', #832, #1182, #1601 ) ;
#1358 = CARTESIAN_POINT ( 'NONE',  ( 0.000000000000000000, -0.000000000000000000, 28.67999999999999616 ) ) ;
#1359 = VECTOR ( 'NONE', #1901, 1000.000000000000000 ) ;
#1360 = CARTESIAN_POINT ( 'NONE',  ( -3.000000000000002665, 20.44999999999999218, 32.70000000000000284 ) ) ;
#1361 = CARTESIAN_POINT ( 'NONE',  ( 13.99999999999999822, -4.999999999999995559, 29.19999999999999574 ) ) ;
#1362 = VERTEX_POINT ( 'NONE', #2045 ) ;
#1363 = ORIENTED_EDGE ( 'NONE', *, *, #1556, .F. ) ;
#1364 = FACE_OUTER_BOUND ( 'NONE', #1646, .T. ) ;
#1365 = ORIENTED_EDGE ( 'NONE', *, *, #1935, .F. ) ;
#1366 = PERSON_AND_ORGANIZATION ( #580, #389 ) ;
#1367 = ORIENTED_EDGE ( 'NONE', *, *, #2063, .T. ) ;
#1368 = EDGE_CURVE ( 'NONE', #1439, #984, #1084, .T. ) ;
#1369 = CARTESIAN_POINT ( 'NONE',  ( 0.000000000000000000, 11.18000000000000149, 7.430000000000000604 ) ) ;
#1370 = CARTESIAN_POINT ( 'NONE',  ( 27.30000000000000071, 2.000000000000000000, 28.67999999999999616 ) ) ;
#1371 = VERTEX_POINT ( 'NONE', #882 ) ;
#1372 = AXIS2_PLACEMENT_3D ( 'NONE', #2005, #270, #545 ) ;
#1373 = DIRECTION ( 'NONE',  ( 0.000000000000000000, 1.000000000000000000, 0.000000000000000000 ) ) ;
#1374 = ORIENTED_EDGE ( 'NONE', *, *, #418, .F. ) ;
#1375 = AXIS2_PLACEMENT_3D ( 'NONE', #1914, #456, #606 ) ;
#1376 = APPROVAL_DATE_TIME ( #720, #1592 ) ;
#1377 = CIRCLE ( 'NONE', #1875, 2.500000000000015987 ) ;
#1378 = CARTESIAN_POINT ( 'NONE',  ( -1.999999999999994449, 11.18000000000000149, 10.92999999999999794 ) ) ;
#1379 = APPROVAL ( #256, 'UNSPECIFIED' ) ;
#1380 = CIRCLE ( 'NONE', #1740, 1.500000000000001332 ) ;
#1381 = ADVANCED_FACE ( 'NONE', ( #381 ), #2038, .F. ) ;
#1382 = DIRECTION ( 'NONE',  ( 0.000000000000000000, -1.000000000000000000, -7.758155080397172067E-17 ) ) ;
#1383 = PLANE ( 'NONE',  #251 ) ;
#1384 = VECTOR ( 'NONE', #1879, 1000.000000000000000 ) ;
#1385 = ORIENTED_EDGE ( 'NONE', *, *, #329, .T. ) ;
#1386 = ORIENTED_EDGE ( 'NONE', *, *, #1413, .F. ) ;
#1387 = APPROVAL_ROLE ( '' ) ;
#1388 = ORIENTED_EDGE ( 'NONE', *, *, #174, .T. ) ;
#1389 = PLANE ( 'NONE',  #242 ) ;
#1390 = AXIS2_PLACEMENT_3D ( 'NONE', #1119, #1441, #365 ) ;
#1391 = CARTESIAN_POINT ( 'NONE',  ( 18.80000000000000426, 11.17999999999999972, 20.01000000000000512 ) ) ;
#1392 = EDGE_CURVE ( 'NONE', #96, #446, #60, .T. ) ;
#1393 = VECTOR ( 'NONE', #1527, 1000.000000000000000 ) ;
#1394 = VERTEX_POINT ( 'NONE', #718 ) ;
#1395 =( LENGTH_UNIT ( ) NAMED_UNIT ( * ) SI_UNIT ( .MILLI., .METRE. ) );
#1396 = ORIENTED_EDGE ( 'NONE', *, *, #212, .T. ) ;
#1397 = DIRECTION ( 'NONE',  ( 1.000000000000000000, -0.000000000000000000, -0.000000000000000000 ) ) ;
#1398 = LINE ( 'NONE', #1417, #525 ) ;
#1399 = VERTEX_POINT ( 'NONE', #1245 ) ;
#1400 = ADVANCED_FACE ( 'NONE', ( #1093 ), #892, .F. ) ;
#1401 = ORIENTED_EDGE ( 'NONE', *, *, #575, .F. ) ;
#1402 = COORDINATED_UNIVERSAL_TIME_OFFSET ( 1, 0, .AHEAD. ) ;
#1403 = ADVANCED_FACE ( 'NONE', ( #1949 ), #2067, .F. ) ;
#1404 = CIRCLE ( 'NONE', #384, 5.000000000000000000 ) ;
#1405 = VERTEX_POINT ( 'NONE', #1617 ) ;
#1406 = CARTESIAN_POINT ( 'NONE',  ( -10.89999999999999680, 11.18000000000000149, 7.430000000000000604 ) ) ;
#1407 = CARTESIAN_POINT ( 'NONE',  ( -4.999999999999990230, -4.999999999999998224, 29.19999999999999574 ) ) ;
#1408 = DIRECTION ( 'NONE',  ( 0.000000000000000000, 0.000000000000000000, -1.000000000000000000 ) ) ;
#1409 = VERTEX_POINT ( 'NONE', #634 ) ;
#1410 = ADVANCED_FACE ( 'NONE', ( #459, #966, #338 ), #1142, .T. ) ;
#1411 = CARTESIAN_POINT ( 'NONE',  ( 21.80000000000000426, 0.000000000000000000, 32.70000000000000284 ) ) ;
#1412 = ORIENTED_EDGE ( 'NONE', *, *, #1160, .F. ) ;
#1413 = EDGE_CURVE ( 'NONE', #1036, #1116, #1122, .T. ) ;
#1414 = CARTESIAN_POINT ( 'NONE',  ( 18.80000000000000071, 22.44999999999999929, 32.70000000000000284 ) ) ;
#1415 = CIRCLE ( 'NONE', #114, 1.000000000000000000 ) ;
#1416 = PLANE ( 'NONE',  #173 ) ;
#1417 = CARTESIAN_POINT ( 'NONE',  ( -1.999999999999993561, 1.192835396054785732E-16, 3.929999999999999272 ) ) ;
#1418 = CIRCLE ( 'NONE', #490, 3.499999999999999556 ) ;
#1419 = ORIENTED_EDGE ( 'NONE', *, *, #1746, .F. ) ;
#1420 = DIRECTION ( 'NONE',  ( 0.000000000000000000, -1.000000000000000000, 0.000000000000000000 ) ) ;
#1421 = ORIENTED_EDGE ( 'NONE', *, *, #1048, .F. ) ;
#1422 = DIRECTION ( 'NONE',  ( -1.000000000000000000, -1.445602896647338917E-16, 0.000000000000000000 ) ) ;
#1423 = EDGE_CURVE ( 'NONE', #1039, #406, #466, .T. ) ;
#1424 = DIRECTION ( 'NONE',  ( 1.000000000000000000, 0.000000000000000000, 0.000000000000000000 ) ) ;
#1425 = CARTESIAN_POINT ( 'NONE',  ( 20.54000000000000270, -2.951734377831351896E-16, 16.18000000000000327 ) ) ;
#1426 = CARTESIAN_POINT ( 'NONE',  ( 27.30000000000000071, 0.000000000000000000, 11.92999999999999439 ) ) ;
#1427 = ORIENTED_EDGE ( 'NONE', *, *, #1204, .F. ) ;
#1428 = ORIENTED_EDGE ( 'NONE', *, *, #1292, .F. ) ;
#1429 = FACE_OUTER_BOUND ( 'NONE', #2050, .T. ) ;
#1430 = VECTOR ( 'NONE', #1114, 1000.000000000000000 ) ;
#1431 = CARTESIAN_POINT ( 'NONE',  ( 21.80000000000000426, 20.44999999999999574, 0.000000000000000000 ) ) ;
#1432 = LINE ( 'NONE', #2072, #1033 ) ;
#1433 = VECTOR ( 'NONE', #886, 1000.000000000000114 ) ;
#1434 = EDGE_CURVE ( 'NONE', #1185, #219, #1793, .T. ) ;
#1435 = DIRECTION ( 'NONE',  ( -0.000000000000000000, -0.000000000000000000, -1.000000000000000000 ) ) ;
#1436 = SECURITY_CLASSIFICATION ( '', '', #2007 ) ;
#1437 = ADVANCED_FACE ( 'NONE', ( #1940 ), #1308, .F. ) ;
#1438 = CARTESIAN_POINT ( 'NONE',  ( 25.05000000000000426, 0.9999999999999829026, 26.67999999999999972 ) ) ;
#1439 = VERTEX_POINT ( 'NONE', #1445 ) ;
#1440 = CARTESIAN_POINT ( 'NONE',  ( 0.000000000000000000, 22.44999999999999929, 0.000000000000000000 ) ) ;
#1441 = DIRECTION ( 'NONE',  ( 0.000000000000000000, 0.000000000000000000, -1.000000000000000000 ) ) ;
#1442 = AXIS2_PLACEMENT_3D ( 'NONE', #423, #1085, #121 ) ;
#1443 = DIRECTION ( 'NONE',  ( 1.000000000000000000, 0.000000000000000000, 0.000000000000000000 ) ) ;
#1444 = CARTESIAN_POINT ( 'NONE',  ( -1.999999999999994893, 11.18000000000000149, 3.930000000000000160 ) ) ;
#1445 = CARTESIAN_POINT ( 'NONE',  ( 18.80000000000000426, 0.000000000000000000, 32.70000000000000284 ) ) ;
#1446 = EDGE_CURVE ( 'NONE', #1870, #1687, #978, .T. ) ;
#1447 = VERTEX_POINT ( 'NONE', #154 ) ;
#1448 = DIRECTION ( 'NONE',  ( 0.000000000000000000, 1.000000000000000000, 0.000000000000000000 ) ) ;
#1449 = DIRECTION ( 'NONE',  ( 1.000000000000000000, 0.000000000000000000, 0.000000000000000000 ) ) ;
#1450 = CIRCLE ( 'NONE', #703, 1.500000000000000444 ) ;
#1451 = SHAPE_DEFINITION_REPRESENTATION ( #2047, #1894 ) ;
#1452 = ORIENTED_EDGE ( 'NONE', *, *, #1565, .T. ) ;
#1453 = CARTESIAN_POINT ( 'NONE',  ( -1.999999999999993561, 0.000000000000000000, 3.929999999999999272 ) ) ;
#1454 = CARTESIAN_POINT ( 'NONE',  ( 21.80000000000000426, 2.000000000000000000, 0.000000000000000000 ) ) ;
#1455 = CYLINDRICAL_SURFACE ( 'NONE', #764, 1.000000000000000888 ) ;
#1456 = CARTESIAN_POINT ( 'NONE',  ( -5.000000000000003553, 0.9999999999999991118, 12.69999999999999929 ) ) ;
#1457 = VERTEX_POINT ( 'NONE', #1627 ) ;
#1458 = DIRECTION ( 'NONE',  ( -1.084202172485504434E-16, 1.000000000000000000, -0.000000000000000000 ) ) ;
#1459 = VERTEX_POINT ( 'NONE', #1906 ) ;
#1460 = EDGE_CURVE ( 'NONE', #1763, #1847, #1332, .T. ) ;
#1461 = DIRECTION ( 'NONE',  ( 0.000000000000000000, -1.000000000000000000, 0.000000000000000000 ) ) ;
#1462 = ORIENTED_EDGE ( 'NONE', *, *, #105, .T. ) ;
#1463 = CYLINDRICAL_SURFACE ( 'NONE', #1917, 1.500000000000000444 ) ;
#1464 = EDGE_CURVE ( 'NONE', #1036, #1139, #795, .T. ) ;
#1465 = CARTESIAN_POINT ( 'NONE',  ( -3.000000000000000000, 0.000000000000000000, 0.000000000000000000 ) ) ;
#1466 = CARTESIAN_POINT ( 'NONE',  ( -6.000000000000003553, 0.9999999999999988898, 13.70000000000000107 ) ) ;
#1467 = AXIS2_PLACEMENT_3D ( 'NONE', #166, #1770, #818 ) ;
#1468 = CARTESIAN_POINT ( 'NONE',  ( 21.80000000000000426, 11.18000000000000149, 7.430000000000000604 ) ) ;
#1469 = AXIS2_PLACEMENT_3D ( 'NONE', #779, #1294, #1758 ) ;
#1470 = DIRECTION ( 'NONE',  ( 0.000000000000000000, -1.000000000000000000, 0.000000000000000000 ) ) ;
#1471 = DIRECTION ( 'NONE',  ( -4.795814253268136619E-32, 3.103262032158868334E-16, 1.000000000000000000 ) ) ;
#1472 = DIRECTION ( 'NONE',  ( -0.000000000000000000, -0.000000000000000000, -1.000000000000000000 ) ) ;
#1473 = LINE ( 'NONE', #507, #1545 ) ;
#1474 = AXIS2_PLACEMENT_3D ( 'NONE', #1626, #1261, #1904 ) ;
#1475 = DIRECTION ( 'NONE',  ( 1.000000000000000000, 1.445602896647338917E-16, -0.000000000000000000 ) ) ;
#1476 = VERTEX_POINT ( 'NONE', #644 ) ;
#1477 = CARTESIAN_POINT ( 'NONE',  ( 21.80000000000000426, 0.000000000000000000, 29.67999999999999972 ) ) ;
#1478 = VECTOR ( 'NONE', #441, 1000.000000000000000 ) ;
#1479 = EDGE_CURVE ( 'NONE', #74, #2081, #209, .T. ) ;
#1480 = CARTESIAN_POINT ( 'NONE',  ( -3.000000000000002665, 0.000000000000000000, 12.69999999999999929 ) ) ;
#1481 = DIRECTION ( 'NONE',  ( 0.000000000000000000, -1.000000000000000000, 3.103262032158867841E-16 ) ) ;
#1482 = EDGE_LOOP ( 'NONE', ( #1511, #1060 ) ) ;
#1483 = CARTESIAN_POINT ( 'NONE',  ( 20.54000000000000270, 11.17999999999999972, 20.01000000000000512 ) ) ;
#1484 = VERTEX_POINT ( 'NONE', #1749 ) ;
#1485 = LINE ( 'NONE', #1138, #492 ) ;
#1486 = ORIENTED_EDGE ( 'NONE', *, *, #827, .F. ) ;
#1487 = DIRECTION ( 'NONE',  ( -0.000000000000000000, 0.000000000000000000, 1.000000000000000000 ) ) ;
#1488 = CIRCLE ( 'NONE', #807, 2.500000000000018652 ) ;
#1489 = CARTESIAN_POINT ( 'NONE',  ( -3.000000000000000000, 0.000000000000000000, 32.70000000000000284 ) ) ;
#1490 = EDGE_CURVE ( 'NONE', #1534, #560, #1071, .T. ) ;
#1491 = LINE ( 'NONE', #179, #804 ) ;
#1492 = LINE ( 'NONE', #1775, #1307 ) ;
#1493 = ORIENTED_EDGE ( 'NONE', *, *, #1504, .T. ) ;
#1494 = DIRECTION ( 'NONE',  ( 0.000000000000000000, -0.000000000000000000, 1.000000000000000000 ) ) ;
#1495 = ORIENTED_EDGE ( 'NONE', *, *, #1995, .T. ) ;
#1496 = DIRECTION ( 'NONE',  ( 1.000000000000000000, 0.000000000000000000, 0.000000000000000000 ) ) ;
#1497 = LINE ( 'NONE', #1803, #1040 ) ;
#1498 = EDGE_CURVE ( 'NONE', #1777, #1258, #8, .T. ) ;
#1499 = EDGE_CURVE ( 'NONE', #1484, #1042, #412, .T. ) ;
#1500 = VECTOR ( 'NONE', #759, 1000.000000000000000 ) ;
#1501 = CYLINDRICAL_SURFACE ( 'NONE', #1657, 1.000000000000000888 ) ;
#1502 = CARTESIAN_POINT ( 'NONE',  ( 25.05000000000000426, 2.000000000000000000, 15.42999999999999616 ) ) ;
#1503 = ORIENTED_EDGE ( 'NONE', *, *, #144, .T. ) ;
#1504 = EDGE_CURVE ( 'NONE', #2, #96, #771, .T. ) ;
#1505 = ORIENTED_EDGE ( 'NONE', *, *, #540, .F. ) ;
#1506 = CARTESIAN_POINT ( 'NONE',  ( 25.05000000000000426, 0.9999999999999863443, 15.42999999999999616 ) ) ;
#1507 = DIRECTION ( 'NONE',  ( 0.000000000000000000, -1.000000000000000000, 0.000000000000000000 ) ) ;
#1508 = ORIENTED_EDGE ( 'NONE', *, *, #1504, .F. ) ;
#1509 = LOCAL_TIME ( 10, 56, 33.00000000000000000, #730 ) ;
#1510 = DIRECTION ( 'NONE',  ( 0.000000000000000000, 1.000000000000000000, 0.000000000000000000 ) ) ;
#1511 = ORIENTED_EDGE ( 'NONE', *, *, #1244, .F. ) ;
#1512 = CARTESIAN_POINT ( 'NONE',  ( -4.999999999999990230, -5.000000000000001776, 17.69999999999999929 ) ) ;
#1513 = EDGE_CURVE ( 'NONE', #1371, #407, #609, .T. ) ;
#1514 = VECTOR ( 'NONE', #716, 1000.000000000000000 ) ;
#1515 = CARTESIAN_POINT ( 'NONE',  ( -6.000000000000003553, 1.999999999999999556, 13.70000000000000107 ) ) ;
#1516 = ORIENTED_EDGE ( 'NONE', *, *, #527, .F. ) ;
#1517 = ORIENTED_EDGE ( 'NONE', *, *, #1059, .F. ) ;
#1518 = EDGE_CURVE ( 'NONE', #1534, #1196, #1275, .T. ) ;
#1519 = CARTESIAN_POINT ( 'NONE',  ( 18.80000000000000426, 0.000000000000000000, 32.70000000000000284 ) ) ;
#1520 = EDGE_CURVE ( 'NONE', #728, #300, #840, .T. ) ;
#1521 = ORIENTED_EDGE ( 'NONE', *, *, #827, .T. ) ;
#1522 = LINE ( 'NONE', #850, #246 ) ;
#1523 = EDGE_LOOP ( 'NONE', ( #694, #520, #1664, #1521, #482 ) ) ;
#1524 = AXIS2_PLACEMENT_3D ( 'NONE', #669, #1754, #1167 ) ;
#1525 = CARTESIAN_POINT ( 'NONE',  ( -3.000000000000003109, 25.44999999999999218, 0.000000000000000000 ) ) ;
#1526 = AXIS2_PLACEMENT_3D ( 'NONE', #2059, #1259, #1612 ) ;
#1527 = DIRECTION ( 'NONE',  ( 0.000000000000000000, 0.000000000000000000, -1.000000000000000000 ) ) ;
#1528 = CARTESIAN_POINT ( 'NONE',  ( 28.30000000000000071, 0.000000000000000000, 27.67999999999999616 ) ) ;
#1529 = ORIENTED_EDGE ( 'NONE', *, *, #271, .F. ) ;
#1530 = DIRECTION ( 'NONE',  ( -1.000000000000000000, 0.000000000000000000, 0.000000000000000000 ) ) ;
#1531 = EDGE_LOOP ( 'NONE', ( #226, #939, #182, #255 ) ) ;
#1532 = EDGE_CURVE ( 'NONE', #810, #1932, #39, .T. ) ;
#1533 = COORDINATED_UNIVERSAL_TIME_OFFSET ( 1, 0, .AHEAD. ) ;
#1534 = VERTEX_POINT ( 'NONE', #551 ) ;
#1535 = EDGE_CURVE ( 'NONE', #617, #74, #690, .T. ) ;
#1536 = CARTESIAN_POINT ( 'NONE',  ( 21.80000000000000426, 20.44999999999999574, 32.70000000000000284 ) ) ;
#1537 = FACE_OUTER_BOUND ( 'NONE', #1052, .T. ) ;
#1538 = VERTEX_POINT ( 'NONE', #541 ) ;
#1539 = AXIS2_PLACEMENT_3D ( 'NONE', #161, #812, #1148 ) ;
#1540 = ORIENTED_EDGE ( 'NONE', *, *, #1083, .T. ) ;
#1541 = VECTOR ( 'NONE', #40, 1000.000000000000000 ) ;
#1542 = ORIENTED_EDGE ( 'NONE', *, *, #1780, .T. ) ;
#1543 = CARTESIAN_POINT ( 'NONE',  ( 0.000000000000000000, 0.000000000000000000, 0.000000000000000000 ) ) ;
#1544 = EDGE_CURVE ( 'NONE', #407, #280, #1673, .T. ) ;
#1545 = VECTOR ( 'NONE', #681, 1000.000000000000000 ) ;
#1546 = DIRECTION ( 'NONE',  ( 0.000000000000000000, 1.000000000000000000, 0.000000000000000000 ) ) ;
#1547 = CARTESIAN_POINT ( 'NONE',  ( 25.05000000000000426, 2.000000000000000000, 25.17999999999999616 ) ) ;
#1548 = VECTOR ( 'NONE', #1833, 1000.000000000000000 ) ;
#1549 = AXIS2_PLACEMENT_3D ( 'NONE', #573, #1926, #1113 ) ;
#1550 = ORIENTED_EDGE ( 'NONE', *, *, #1032, .T. ) ;
#1551 = ORIENTED_EDGE ( 'NONE', *, *, #1513, .F. ) ;
#1552 = FACE_OUTER_BOUND ( 'NONE', #1978, .T. ) ;
#1553 = EDGE_CURVE ( 'NONE', #1362, #1106, #1650, .T. ) ;
#1554 = VECTOR ( 'NONE', #974, 1000.000000000000000 ) ;
#1555 = CARTESIAN_POINT ( 'NONE',  ( 18.80000000000000071, 22.44999999999999929, 0.000000000000000000 ) ) ;
#1556 = EDGE_CURVE ( 'NONE', #557, #1224, #387, .T. ) ;
#1557 = ORIENTED_EDGE ( 'NONE', *, *, #1647, .T. ) ;
#1558 = APPROVAL_DATE_TIME ( #1061, #1379 ) ;
#1559 = ORIENTED_EDGE ( 'NONE', *, *, #1292, .T. ) ;
#1560 = DIRECTION ( 'NONE',  ( 0.000000000000000000, 0.000000000000000000, -1.000000000000000000 ) ) ;
#1561 = CARTESIAN_POINT ( 'NONE',  ( 1.999999999999997335, 20.44999999999999218, 32.70000000000000284 ) ) ;
#1562 = EDGE_CURVE ( 'NONE', #406, #21, #1497, .T. ) ;
#1563 = EDGE_CURVE ( 'NONE', #1457, #1299, #702, .T. ) ;
#1564 = CARTESIAN_POINT ( 'NONE',  ( 16.80000000000000071, 25.44999999999999574, 32.70000000000000284 ) ) ;
#1565 = EDGE_CURVE ( 'NONE', #74, #576, #715, .T. ) ;
#1566 = EDGE_LOOP ( 'NONE', ( #916, #193, #410, #230 ) ) ;
#1567 = AXIS2_PLACEMENT_3D ( 'NONE', #2036, #1530, #913 ) ;
#1568 = LINE ( 'NONE', #775, #667 ) ;
#1569 = CALENDAR_DATE ( 2026, 12, 5 ) ;
#1570 = AXIS2_PLACEMENT_3D ( 'NONE', #411, #1055, #598 ) ;
#1571 = ORIENTED_EDGE ( 'NONE', *, *, #1117, .F. ) ;
#1572 = CARTESIAN_POINT ( 'NONE',  ( -3.000000000000002665, -3.499999999999997335, 29.19999999999999574 ) ) ;
#1573 = APPROVAL_PERSON_ORGANIZATION ( #232, #1592, #885 ) ;
#1574 = CARTESIAN_POINT ( 'NONE',  ( -5.000000000000003553, 1.999999999999999112, 32.70000000000000284 ) ) ;
#1575 = DIRECTION ( 'NONE',  ( -0.000000000000000000, 1.000000000000000000, -0.000000000000000000 ) ) ;
#1576 = ORIENTED_EDGE ( 'NONE', *, *, #1843, .F. ) ;
#1577 = EDGE_CURVE ( 'NONE', #400, #1106, #2012, .T. ) ;
#1578 = DIRECTION ( 'NONE',  ( 0.000000000000000000, -1.000000000000000000, 0.000000000000000000 ) ) ;
#1579 = VERTEX_POINT ( 'NONE', #1489 ) ;
#1580 = CIRCLE ( 'NONE', #67, 1.000000000000000888 ) ;
#1581 = CARTESIAN_POINT ( 'NONE',  ( -3.000000000000000000, 0.000000000000000000, 0.000000000000000000 ) ) ;
#1582 = CARTESIAN_POINT ( 'NONE',  ( 20.54000000000000270, -2.951734377831351896E-16, 16.18000000000000327 ) ) ;
#1583 = DIRECTION ( 'NONE',  ( -1.000000000000000000, 0.000000000000000000, 0.000000000000000000 ) ) ;
#1584 = PLANE ( 'NONE',  #1345 ) ;
#1585 = AXIS2_PLACEMENT_3D ( 'NONE', #679, #1298, #19 ) ;
#1586 = AXIS2_PLACEMENT_3D ( 'NONE', #171, #12, #1969 ) ;
#1587 = ORIENTED_EDGE ( 'NONE', *, *, #1535, .T. ) ;
#1588 = ORIENTED_EDGE ( 'NONE', *, *, #2051, .F. ) ;
#1589 = DIRECTION ( 'NONE',  ( 1.000000000000000000, -0.000000000000000000, -0.000000000000000000 ) ) ;
#1590 = DIRECTION ( 'NONE',  ( 5.782411586589356653E-16, -1.000000000000000000, 0.000000000000000000 ) ) ;
#1591 = ORIENTED_EDGE ( 'NONE', *, *, #86, .F. ) ;
#1592 = APPROVAL ( #1856, 'UNSPECIFIED' ) ;
#1593 = CARTESIAN_POINT ( 'NONE',  ( -1.999999999999994893, 11.18000000000000149, 10.92999999999999972 ) ) ;
#1594 = LINE ( 'NONE', #476, #106 ) ;
#1595 = LINE ( 'NONE', #632, #1112 ) ;
#1596 = EDGE_CURVE ( 'NONE', #2, #146, #1962, .T. ) ;
#1597 = DIRECTION ( 'NONE',  ( 1.000000000000000000, 1.084202172485504434E-16, -0.000000000000000000 ) ) ;
#1598 = DIRECTION ( 'NONE',  ( 0.000000000000000000, -1.000000000000000000, 0.000000000000000000 ) ) ;
#1599 = EDGE_LOOP ( 'NONE', ( #474, #1912, #1250, #2006, #62, #1219, #1066, #46, #1047 ) ) ;
#1600 = CARTESIAN_POINT ( 'NONE',  ( -10.89999999999999680, 11.18000000000000149, 7.430000000000000604 ) ) ;
#1601 = DIRECTION ( 'NONE',  ( 1.000000000000000000, 0.000000000000000000, 0.000000000000000000 ) ) ;
#1602 = EDGE_LOOP ( 'NONE', ( #533, #1495, #982, #436 ) ) ;
#1603 = DIRECTION ( 'NONE',  ( 1.445602896647338917E-16, -1.000000000000000000, 0.000000000000000000 ) ) ;
#1604 = VECTOR ( 'NONE', #2074, 1000.000000000000000 ) ;
#1605 = CARTESIAN_POINT ( 'NONE',  ( -6.000000000000003553, 1.999999999999999556, 12.69999999999999929 ) ) ;
#1606 = DIRECTION ( 'NONE',  ( 0.000000000000000000, 0.000000000000000000, -1.000000000000000000 ) ) ;
#1607 = CARTESIAN_POINT ( 'NONE',  ( -4.999999999999990230, -4.999999999999998224, 30.69999999999999929 ) ) ;
#1608 = EDGE_CURVE ( 'NONE', #728, #1457, #1671, .T. ) ;
#1609 = VECTOR ( 'NONE', #221, 1000.000000000000000 ) ;
#1610 = CARTESIAN_POINT ( 'NONE',  ( 20.54000000000000270, 11.17999999999999972, 16.18000000000000327 ) ) ;
#1611 = DIRECTION ( 'NONE',  ( 1.000000000000000000, 1.545410669021654585E-16, -0.000000000000000000 ) ) ;
#1612 = DIRECTION ( 'NONE',  ( -9.637352644315596475E-17, 1.000000000000000000, 0.000000000000000000 ) ) ;
#1613 = ORIENTED_EDGE ( 'NONE', *, *, #654, .T. ) ;
#1614 = CARTESIAN_POINT ( 'NONE',  ( 27.30000000000000071, 2.000000000000000000, 12.92999999999999439 ) ) ;
#1615 = DIRECTION ( 'NONE',  ( 1.000000000000000000, -0.000000000000000000, -0.000000000000000000 ) ) ;
#1616 = PRODUCT ( 'D5 - Motor Holder Left', 'D5 - Motor Holder Left', '', ( #2041 ) ) ;
#1617 = CARTESIAN_POINT ( 'NONE',  ( 25.05000000000000426, 0.000000000000000000, 16.92999999999999616 ) ) ;
#1618 = EDGE_CURVE ( 'NONE', #1724, #1399, #1031, .T. ) ;
#1619 = ORIENTED_EDGE ( 'NONE', *, *, #442, .T. ) ;
#1620 = CIRCLE ( 'NONE', #155, 1.000000000000000888 ) ;
#1621 = CARTESIAN_POINT ( 'NONE',  ( -3.000000000000000000, 0.000000000000000000, 2.930000000000001936 ) ) ;
#1622 = EDGE_CURVE ( 'NONE', #984, #1990, #2010, .T. ) ;
#1623 = CARTESIAN_POINT ( 'NONE',  ( -6.000000000000002665, -5.000000000000001776, 18.70000000000001705 ) ) ;
#1624 = AXIS2_PLACEMENT_3D ( 'NONE', #1, #183, #1494 ) ;
#1625 = ORIENTED_EDGE ( 'NONE', *, *, #1244, .T. ) ;
#1626 = CARTESIAN_POINT ( 'NONE',  ( -6.000000000000002665, -5.000000000000001776, 16.19999999999999929 ) ) ;
#1627 = CARTESIAN_POINT ( 'NONE',  ( -5.000000000000003553, 1.999999999999999112, 12.69999999999999929 ) ) ;
#1628 = UNCERTAINTY_MEASURE_WITH_UNIT (LENGTH_MEASURE( 1.000000000000000082E-05 ), #1395, 'distance_accuracy_value', 'NONE');
#1629 = EDGE_CURVE ( 'NONE', #194, #1096, #852, .T. ) ;
#1630 = EDGE_LOOP ( 'NONE', ( #615, #1385, #1899, #798 ) ) ;
#1631 = FACE_OUTER_BOUND ( 'NONE', #905, .T. ) ;
#1632 = VERTEX_POINT ( 'NONE', #1203 ) ;
#1633 = LINE ( 'NONE', #1789, #1056 ) ;
#1634 = EDGE_CURVE ( 'NONE', #1202, #1299, #1682, .T. ) ;
#1635 = ORIENTED_EDGE ( 'NONE', *, *, #1127, .T. ) ;
#1636 = CARTESIAN_POINT ( 'NONE',  ( -6.000000000000002665, -5.000000000000001776, 13.70000000000000107 ) ) ;
#1637 = AXIS2_PLACEMENT_3D ( 'NONE', #261, #71, #1199 ) ;
#1638 = DIRECTION ( 'NONE',  ( -1.000000000000000000, 4.336808689942016750E-16, 0.000000000000000000 ) ) ;
#1639 = AXIS2_PLACEMENT_3D ( 'NONE', #1063, #562, #1243 ) ;
#1640 = PLANE ( 'NONE',  #1524 ) ;
#1641 = ORIENTED_EDGE ( 'NONE', *, *, #625, .F. ) ;
#1642 = CARTESIAN_POINT ( 'NONE',  ( -3.000000000000002665, 1.999999999999998224, 12.69999999999999929 ) ) ;
#1643 = ORIENTED_EDGE ( 'NONE', *, *, #2008, .F. ) ;
#1644 = CIRCLE ( 'NONE', #957, 2.500000000000015987 ) ;
#1645 = PLANE ( 'NONE',  #1624 ) ;
#1646 = EDGE_LOOP ( 'NONE', ( #745, #1619, #1919, #58, #1854, #1810, #34, #526, #510, #1798 ) ) ;
#1647 = EDGE_CURVE ( 'NONE', #333, #1459, #223, .T. ) ;
#1648 = DIRECTION ( 'NONE',  ( 1.000000000000000000, 0.000000000000000000, 0.000000000000000000 ) ) ;
#1649 = AXIS2_PLACEMENT_3D ( 'NONE', #1076, #1237, #1889 ) ;
#1650 = LINE ( 'NONE', #1986, #821 ) ;
#1651 = DIRECTION ( 'NONE',  ( -1.000000000000000000, -1.445602896647338917E-16, -0.000000000000000000 ) ) ;
#1652 = LINE ( 'NONE', #646, #108 ) ;
#1653 = ORIENTED_EDGE ( 'NONE', *, *, #94, .T. ) ;
#1654 = ORIENTED_EDGE ( 'NONE', *, *, #1563, .F. ) ;
#1655 = CARTESIAN_POINT ( 'NONE',  ( -4.000000000000001776, 1.999999999999998668, 32.70000000000000284 ) ) ;
#1656 = ORIENTED_EDGE ( 'NONE', *, *, #1069, .F. ) ;
#1657 = AXIS2_PLACEMENT_3D ( 'NONE', #42, #1346, #1156 ) ;
#1658 = DIRECTION ( 'NONE',  ( 1.545410669021654585E-16, -1.000000000000000000, 0.000000000000000000 ) ) ;
#1659 = CARTESIAN_POINT ( 'NONE',  ( -3.000000000000000000, 3.103262032158859952E-16, 11.92999999999999972 ) ) ;
#1660 = EDGE_CURVE ( 'NONE', #810, #1855, #1851, .T. ) ;
#1661 = CARTESIAN_POINT ( 'NONE',  ( -10.89999999999999680, 11.18000000000000149, 10.92999999999999972 ) ) ;
#1662 = FACE_OUTER_BOUND ( 'NONE', #2097, .T. ) ;
#1663 = FACE_OUTER_BOUND ( 'NONE', #2065, .T. ) ;
#1664 = ORIENTED_EDGE ( 'NONE', *, *, #1830, .T. ) ;
#1665 = VERTEX_POINT ( 'NONE', #1480 ) ;
#1666 = CARTESIAN_POINT ( 'NONE',  ( 21.80000000000000426, 0.000000000000000000, 2.930000000000005489 ) ) ;
#1667 = PLANE ( 'NONE',  #26 ) ;
#1668 = ORIENTED_EDGE ( 'NONE', *, *, #1460, .F. ) ;
#1669 = CARTESIAN_POINT ( 'NONE',  ( -10.89999999999999680, 11.17999999999999972, 3.930000000000000160 ) ) ;
#1670 = VERTEX_POINT ( 'NONE', #1164 ) ;
#1671 = LINE ( 'NONE', #1820, #997 ) ;
#1672 = EDGE_CURVE ( 'NONE', #84, #1855, #350, .T. ) ;
#1673 = CIRCLE ( 'NONE', #748, 1.000000000000000888 ) ;
#1674 = LINE ( 'NONE', #866, #1007 ) ;
#1675 = EDGE_LOOP ( 'NONE', ( #1874, #738, #1698, #2099 ) ) ;
#1676 = ORIENTED_EDGE ( 'NONE', *, *, #1256, .T. ) ;
#1677 = DIRECTION ( 'NONE',  ( -1.000000000000000000, 0.000000000000000000, 0.000000000000000000 ) ) ;
#1678 = ORIENTED_EDGE ( 'NONE', *, *, #1565, .F. ) ;
#1679 = CIRCLE ( 'NONE', #2073, 1.500000000000001332 ) ;
#1680 = DIRECTION ( 'NONE',  ( -1.000000000000000000, 0.000000000000000000, 0.000000000000000000 ) ) ;
#1681 = ORIENTED_EDGE ( 'NONE', *, *, #1634, .T. ) ;
#1682 = LINE ( 'NONE', #830, #78 ) ;
#1683 = CLOSED_SHELL ( 'NONE', ( #782, #1192, #289, #1131, #714, #1306, #1242, #711, #1981, #1225, #1254, #374, #1756, #308, #1437, #1276, #116, #216, #1768, #31, #2032, #1690, #894, #969, #1095, #552, #865, #211, #1175, #478, #1741, #1873, #1403, #1853, #505, #1213, #813, #1968, #1410, #929, #1895, #437, #1281, #252, #273, #1400, #1381, #2087, #770, #698, #264, #565, #1950, #277, #1017, #493, #842, #652, #228, #766, #963, #907, #1189 ) ) ;
#1684 = AXIS2_PLACEMENT_3D ( 'NONE', #1582, #607, #793 ) ;
#1685 = EDGE_CURVE ( 'NONE', #24, #2079, #589, .T. ) ;
#1686 = FACE_OUTER_BOUND ( 'NONE', #225, .T. ) ;
#1687 = VERTEX_POINT ( 'NONE', #1543 ) ;
#1688 = ORIENTED_EDGE ( 'NONE', *, *, #377, .T. ) ;
#1689 = FACE_OUTER_BOUND ( 'NONE', #354, .T. ) ;
#1690 = ADVANCED_FACE ( 'NONE', ( #1552 ), #1702, .F. ) ;
#1691 = EDGE_LOOP ( 'NONE', ( #1058, #1286, #1168, #1215 ) ) ;
#1692 = DATE_TIME_ROLE ( 'classification_date' ) ;
#1693 = ORIENTED_EDGE ( 'NONE', *, *, #625, .T. ) ;
#1694 = VECTOR ( 'NONE', #293, 1000.000000000000000 ) ;
#1695 = DIRECTION ( 'NONE',  ( 1.000000000000000000, 0.000000000000000000, 0.000000000000000000 ) ) ;
#1696 = VECTOR ( 'NONE', #1589, 1000.000000000000000 ) ;
#1697 = DIRECTION ( 'NONE',  ( 0.000000000000000000, 0.000000000000000000, -1.000000000000000000 ) ) ;
#1698 = ORIENTED_EDGE ( 'NONE', *, *, #1034, .F. ) ;
#1699 = VERTEX_POINT ( 'NONE', #1718 ) ;
#1700 = EDGE_CURVE ( 'NONE', #1096, #1196, #722, .T. ) ;
#1701 = ORIENTED_EDGE ( 'NONE', *, *, #1532, .T. ) ;
#1702 = CYLINDRICAL_SURFACE ( 'NONE', #1297, 3.499999999999999556 ) ;
#1703 = CYLINDRICAL_SURFACE ( 'NONE', #794, 1.000000000000000000 ) ;
#1704 = ORIENTED_EDGE ( 'NONE', *, *, #633, .F. ) ;
#1705 = AXIS2_PLACEMENT_3D ( 'NONE', #2056, #600, #1848 ) ;
#1706 = ORIENTED_EDGE ( 'NONE', *, *, #1518, .T. ) ;
#1707 = CIRCLE ( 'NONE', #443, 1.500000000000001332 ) ;
#1708 = ORIENTED_EDGE ( 'NONE', *, *, #1490, .T. ) ;
#1709 = VECTOR ( 'NONE', #1041, 1000.000000000000000 ) ;
#1710 = EDGE_CURVE ( 'NONE', #1078, #731, #250, .T. ) ;
#1711 = DIRECTION ( 'NONE',  ( -0.7071067811865450192, 8.659560562354962440E-17, -0.7071067811865500152 ) ) ;
#1712 = CARTESIAN_POINT ( 'NONE',  ( 25.05000000000000426, 2.000000000000000000, 22.67999999999998195 ) ) ;
#1713 = FACE_BOUND ( 'NONE', #699, .T. ) ;
#1714 = CIRCLE ( 'NONE', #145, 1.500000000000001332 ) ;
#1715 = ORIENTED_EDGE ( 'NONE', *, *, #1608, .T. ) ;
#1716 = DATE_TIME_ROLE ( 'creation_date' ) ;
#1717 = EDGE_LOOP ( 'NONE', ( #1591, #1542, #392, #1588, #1268, #484 ) ) ;
#1718 = CARTESIAN_POINT ( 'NONE',  ( 18.80000000000000426, 0.000000000000000000, 10.93000000000000149 ) ) ;
#1719 = CIRCLE ( 'NONE', #2027, 2.500000000000015987 ) ;
#1720 = AXIS2_PLACEMENT_3D ( 'NONE', #619, #1603, #1186 ) ;
#1721 = CARTESIAN_POINT ( 'NONE',  ( 18.80000000000000426, 0.000000000000000000, 32.70000000000000284 ) ) ;
#1722 = EDGE_CURVE ( 'NONE', #280, #1538, #906, .T. ) ;
#1723 = CARTESIAN_POINT ( 'NONE',  ( -6.000000000000001776, -10.00000000000000355, 13.70000000000000107 ) ) ;
#1724 = VERTEX_POINT ( 'NONE', #2043 ) ;
#1725 = CARTESIAN_POINT ( 'NONE',  ( -10.89999999999999680, 11.18000000000000149, 10.92999999999999972 ) ) ;
#1726 = ORIENTED_EDGE ( 'NONE', *, *, #651, .T. ) ;
#1727 = DIRECTION ( 'NONE',  ( -0.000000000000000000, -0.000000000000000000, -1.000000000000000000 ) ) ;
#1728 = FACE_OUTER_BOUND ( 'NONE', #1892, .T. ) ;
#1729 = LINE ( 'NONE', #945, #1272 ) ;
#1730 = ORIENTED_EDGE ( 'NONE', *, *, #1073, .F. ) ;
#1731 = EDGE_CURVE ( 'NONE', #1699, #341, #1884, .T. ) ;
#1732 = ORIENTED_EDGE ( 'NONE', *, *, #1562, .T. ) ;
#1733 = AXIS2_PLACEMENT_3D ( 'NONE', #1153, #808, #2096 ) ;
#1734 = DIRECTION ( 'NONE',  ( 0.000000000000000000, 1.000000000000000000, -3.103262032158867841E-16 ) ) ;
#1735 = VECTOR ( 'NONE', #1727, 1000.000000000000000 ) ;
#1736 = ORIENTED_EDGE ( 'NONE', *, *, #1771, .F. ) ;
#1737 = CARTESIAN_POINT ( 'NONE',  ( 28.30000000000000071, 2.000000000000000000, 0.000000000000000000 ) ) ;
#1738 = CARTESIAN_POINT ( 'NONE',  ( 0.000000000000000000, 0.000000000000000000, 32.70000000000000284 ) ) ;
#1739 = FACE_BOUND ( 'NONE', #1839, .T. ) ;
#1740 = AXIS2_PLACEMENT_3D ( 'NONE', #1146, #658, #983 ) ;
#1741 = ADVANCED_FACE ( 'NONE', ( #1877 ), #2035, .T. ) ;
#1742 = AXIS2_PLACEMENT_3D ( 'NONE', #1361, #564, #201 ) ;
#1743 = EDGE_LOOP ( 'NONE', ( #1486, #415, #1365, #1363, #336 ) ) ;
#1744 = ORIENTED_EDGE ( 'NONE', *, *, #1232, .T. ) ;
#1745 = CARTESIAN_POINT ( 'NONE',  ( 21.80000000000000426, 0.000000000000000000, 32.70000000000000284 ) ) ;
#1746 = EDGE_CURVE ( 'NONE', #1371, #343, #1091, .T. ) ;
#1747 = EDGE_LOOP ( 'NONE', ( #236, #172, #970, #1654 ) ) ;
#1748 = CARTESIAN_POINT ( 'NONE',  ( 1.999999999999998224, 25.44999999999999218, 32.70000000000000284 ) ) ;
#1749 = CARTESIAN_POINT ( 'NONE',  ( 25.05000000000000426, 0.9999999999999865663, 16.92999999999999616 ) ) ;
#1750 = FACE_OUTER_BOUND ( 'NONE', #1602, .T. ) ;
#1751 = VECTOR ( 'NONE', #1331, 1000.000000000000000 ) ;
#1752 = ORIENTED_EDGE ( 'NONE', *, *, #170, .T. ) ;
#1753 = DIRECTION ( 'NONE',  ( 0.000000000000000000, 9.912705577010326536E-16, -1.000000000000000000 ) ) ;
#1754 = DIRECTION ( 'NONE',  ( 0.000000000000000000, -3.103262032158867841E-16, -1.000000000000000000 ) ) ;
#1755 = EDGE_LOOP ( 'NONE', ( #2024, #879, #919, #1238, #203 ) ) ;
#1756 = ADVANCED_FACE ( 'NONE', ( #2028 ), #1389, .F. ) ;
#1757 = LINE ( 'NONE', #305, #1993 ) ;
#1758 = DIRECTION ( 'NONE',  ( 0.000000000000000000, 0.000000000000000000, 1.000000000000000000 ) ) ;
#1759 = CARTESIAN_POINT ( 'NONE',  ( 0.000000000000000000, 22.44999999999999929, 32.70000000000000284 ) ) ;
#1760 = AXIS2_PLACEMENT_3D ( 'NONE', #130, #1915, #1606 ) ;
#1761 = VERTEX_POINT ( 'NONE', #1572 ) ;
#1762 = DIRECTION ( 'NONE',  ( 1.000000000000000000, 1.445602896647338917E-16, -0.000000000000000000 ) ) ;
#1763 = VERTEX_POINT ( 'NONE', #757 ) ;
#1764 = CARTESIAN_POINT ( 'NONE',  ( 16.80000000000000071, 20.44999999999999574, 32.70000000000000284 ) ) ;
#1765 = VERTEX_POINT ( 'NONE', #2052 ) ;
#1766 = CIRCLE ( 'NONE', #1539, 1.500000000000000444 ) ;
#1767 = FACE_OUTER_BOUND ( 'NONE', #645, .T. ) ;
#1768 = ADVANCED_FACE ( 'NONE', ( #912 ), #896, .T. ) ;
#1769 = DIRECTION ( 'NONE',  ( 0.000000000000000000, -1.000000000000000000, 0.000000000000000000 ) ) ;
#1770 = DIRECTION ( 'NONE',  ( 0.000000000000000000, 1.000000000000000000, 0.000000000000000000 ) ) ;
#1771 = EDGE_CURVE ( 'NONE', #1579, #417, #1253, .T. ) ;
#1772 = AXIS2_PLACEMENT_3D ( 'NONE', #1737, #117, #1111 ) ;
#1773 = DIRECTION ( 'NONE',  ( 1.000000000000000000, -4.336808689942013792E-16, 0.000000000000000000 ) ) ;
#1774 = ORIENTED_EDGE ( 'NONE', *, *, #1939, .F. ) ;
#1775 = CARTESIAN_POINT ( 'NONE',  ( 21.80000000000000426, 11.18000000000000149, 11.92999999999999261 ) ) ;
#1776 = CARTESIAN_POINT ( 'NONE',  ( 21.80000000000000426, 11.17999999999999972, 2.930000000000007265 ) ) ;
#1777 = VERTEX_POINT ( 'NONE', #579 ) ;
#1778 = DIRECTION ( 'NONE',  ( -0.000000000000000000, -0.000000000000000000, -1.000000000000000000 ) ) ;
#1779 = PLANE ( 'NONE',  #725 ) ;
#1780 = EDGE_CURVE ( 'NONE', #1185, #1670, #419, .T. ) ;
#1781 = EDGE_CURVE ( 'NONE', #1847, #1990, #733, .T. ) ;
#1782 = CARTESIAN_POINT ( 'NONE',  ( 0.000000000000000000, 0.000000000000000000, 32.70000000000000284 ) ) ;
#1783 = DIRECTION ( 'NONE',  ( 0.000000000000000000, -1.000000000000000000, 0.000000000000000000 ) ) ;
#1784 = EDGE_CURVE ( 'NONE', #343, #1670, #922, .T. ) ;
#1785 = FACE_OUTER_BOUND ( 'NONE', #2060, .T. ) ;
#1786 = ORIENTED_EDGE ( 'NONE', *, *, #1001, .F. ) ;
#1787 = AXIS2_PLACEMENT_3D ( 'NONE', #2090, #947, #1734 ) ;
#1788 = PLANE ( 'NONE',  #962 ) ;
#1789 = CARTESIAN_POINT ( 'NONE',  ( -6.000000000000003553, 1.999999999999999556, 31.69999999999999929 ) ) ;
#1790 = AXIS2_PLACEMENT_3D ( 'NONE', #1600, #1118, #2068 ) ;
#1791 = VERTEX_POINT ( 'NONE', #97 ) ;
#1792 = DIRECTION ( 'NONE',  ( 0.000000000000000000, 0.000000000000000000, -1.000000000000000000 ) ) ;
#1793 = LINE ( 'NONE', #1454, #1934 ) ;
#1794 = CARTESIAN_POINT ( 'NONE',  ( -4.999999999999990230, -5.000000000000001776, 16.19999999999999929 ) ) ;
#1795 = EDGE_CURVE ( 'NONE', #1139, #333, #2018, .T. ) ;
#1796 = ORIENTED_EDGE ( 'NONE', *, *, #638, .F. ) ;
#1797 = CARTESIAN_POINT ( 'NONE',  ( 18.80000000000000426, 11.18000000000000149, 7.430000000000000604 ) ) ;
#1798 = ORIENTED_EDGE ( 'NONE', *, *, #951, .F. ) ;
#1799 = DIRECTION ( 'NONE',  ( -1.000000000000000000, -1.545410669021654585E-16, -0.000000000000000000 ) ) ;
#1800 = ORIENTED_EDGE ( 'NONE', *, *, #1935, .T. ) ;
#1801 = DIRECTION ( 'NONE',  ( 0.000000000000000000, 0.000000000000000000, 1.000000000000000000 ) ) ;
#1802 = CIRCLE ( 'NONE', #1567, 1.500000000000001332 ) ;
#1803 = CARTESIAN_POINT ( 'NONE',  ( -6.000000000000003553, 1.999999999999999556, 31.69999999999999929 ) ) ;
#1804 = APPLICATION_CONTEXT ( 'configuration controlled 3d designs of mechanical parts and assemblies' ) ;
#1805 = DIRECTION ( 'NONE',  ( 0.000000000000000000, 0.000000000000000000, 1.000000000000000000 ) ) ;
#1806 = DIRECTION ( 'NONE',  ( -0.000000000000000000, -0.000000000000000000, 1.000000000000000000 ) ) ;
#1807 = ORIENTED_EDGE ( 'NONE', *, *, #276, .T. ) ;
#1808 = DIRECTION ( 'NONE',  ( 0.000000000000000000, 1.000000000000000000, 0.000000000000000000 ) ) ;
#1809 = EDGE_LOOP ( 'NONE', ( #1374, #568, #1550, #1930 ) ) ;
#1810 = ORIENTED_EDGE ( 'NONE', *, *, #1672, .F. ) ;
#1811 = APPROVAL_PERSON_ORGANIZATION ( #1366, #304, #403 ) ;
#1812 = CC_DESIGN_PERSON_AND_ORGANIZATION_ASSIGNMENT ( #712, #416, ( #1616 ) ) ;
#1813 = CARTESIAN_POINT ( 'NONE',  ( 22.80000000000000426, 2.000000000000000000, 29.67999999999999972 ) ) ;
#1814 = ORIENTED_EDGE ( 'NONE', *, *, #981, .F. ) ;
#1815 = VECTOR ( 'NONE', #1124, 1000.000000000000000 ) ;
#1816 = EDGE_CURVE ( 'NONE', #1687, #1116, #572, .T. ) ;
#1817 = FACE_OUTER_BOUND ( 'NONE', #162, .T. ) ;
#1818 = CARTESIAN_POINT ( 'NONE',  ( -10.89999999999999680, 11.17999999999999972, 3.930000000000000160 ) ) ;
#1819 = AXIS2_PLACEMENT_3D ( 'NONE', #1502, #726, #1183 ) ;
#1820 = CARTESIAN_POINT ( 'NONE',  ( -5.000000000000003553, -7.228014483236699514E-16, 12.69999999999999929 ) ) ;
#1821 = CARTESIAN_POINT ( 'NONE',  ( 18.80000000000000426, 11.17999999999999972, 20.01000000000000512 ) ) ;
#1822 = CYLINDRICAL_SURFACE ( 'NONE', #1390, 5.000000000000000000 ) ;
#1823 = CARTESIAN_POINT ( 'NONE',  ( 21.80000000000000426, 25.44999999999999574, 32.70000000000000284 ) ) ;
#1824 = ORIENTED_EDGE ( 'NONE', *, *, #1999, .T. ) ;
#1825 = CARTESIAN_POINT ( 'NONE',  ( -4.999999999999990230, -5.000000000000001776, 16.19999999999999929 ) ) ;
#1826 = DIRECTION ( 'NONE',  ( 0.000000000000000000, -1.000000000000000000, 3.103262032158867841E-16 ) ) ;
#1827 = ORIENTED_EDGE ( 'NONE', *, *, #1622, .T. ) ;
#1828 = VECTOR ( 'NONE', #127, 1000.000000000000000 ) ;
#1829 = PLANE ( 'NONE',  #1267 ) ;
#1830 = EDGE_CURVE ( 'NONE', #1258, #24, #275, .T. ) ;
#1831 = CARTESIAN_POINT ( 'NONE',  ( -5.000000000000003553, 1.999999999999999112, 12.69999999999999929 ) ) ;
#1832 = DIRECTION ( 'NONE',  ( 0.000000000000000000, 0.000000000000000000, 1.000000000000000000 ) ) ;
#1833 = DIRECTION ( 'NONE',  ( -0.000000000000000000, 1.000000000000000000, -3.103262032158868334E-16 ) ) ;
#1834 = ORIENTED_EDGE ( 'NONE', *, *, #540, .T. ) ;
#1835 = VERTEX_POINT ( 'NONE', #1273 ) ;
#1836 = CARTESIAN_POINT ( 'NONE',  ( 25.05000000000000426, 2.000000000000000000, 27.68000000000001393 ) ) ;
#1837 = ORIENTED_EDGE ( 'NONE', *, *, #345, .F. ) ;
#1838 = LINE ( 'NONE', #337, #213 ) ;
#1839 = EDGE_LOOP ( 'NONE', ( #357, #444 ) ) ;
#1840 = DIRECTION ( 'NONE',  ( 1.000000000000000000, -0.000000000000000000, -0.000000000000000000 ) ) ;
#1841 = EDGE_CURVE ( 'NONE', #417, #1036, #1925, .T. ) ;
#1842 = VECTOR ( 'NONE', #1343, 1000.000000000000000 ) ;
#1843 = EDGE_CURVE ( 'NONE', #986, #84, #620, .T. ) ;
#1844 = VECTOR ( 'NONE', #1711, 1000.000000000000227 ) ;
#1845 = CARTESIAN_POINT ( 'NONE',  ( 28.30000000000000071, 2.000000000000000000, 0.000000000000000000 ) ) ;
#1846 = LINE ( 'NONE', #1391, #1548 ) ;
#1847 = VERTEX_POINT ( 'NONE', #1431 ) ;
#1848 = DIRECTION ( 'NONE',  ( 0.000000000000000000, 0.000000000000000000, -1.000000000000000000 ) ) ;
#1849 = ORIENTED_EDGE ( 'NONE', *, *, #1034, .T. ) ;
#1850 = DATE_AND_TIME ( #569, #752 ) ;
#1851 = LINE ( 'NONE', #1525, #785 ) ;
#1852 = DIRECTION ( 'NONE',  ( -1.000000000000000000, 0.000000000000000000, 0.000000000000000000 ) ) ;
#1853 = ADVANCED_FACE ( 'NONE', ( #792 ), #816, .T. ) ;
#1854 = ORIENTED_EDGE ( 'NONE', *, *, #1660, .T. ) ;
#1855 = VERTEX_POINT ( 'NONE', #1465 ) ;
#1856 = APPROVAL_STATUS ( 'not_yet_approved' ) ;
#1857 = ORIENTED_EDGE ( 'NONE', *, *, #1498, .F. ) ;
#1858 = CARTESIAN_POINT ( 'NONE',  ( -3.000000000000000000, 0.000000000000000000, 32.70000000000000284 ) ) ;
#1859 = VECTOR ( 'NONE', #928, 1000.000000000000000 ) ;
#1860 = PLANE ( 'NONE',  #220 ) ;
#1861 = EDGE_LOOP ( 'NONE', ( #1576, #1049, #1516, #1656 ) ) ;
#1862 = EDGE_LOOP ( 'NONE', ( #1814, #874, #382, #635 ) ) ;
#1863 = EDGE_CURVE ( 'NONE', #2088, #557, #1707, .T. ) ;
#1864 = ORIENTED_EDGE ( 'NONE', *, *, #839, .F. ) ;
#1865 = PERSON_AND_ORGANIZATION_ROLE ( 'classification_officer' ) ;
#1866 = ORIENTED_EDGE ( 'NONE', *, *, #1816, .T. ) ;
#1867 = AXIS2_PLACEMENT_3D ( 'NONE', #563, #898, #1546 ) ;
#1868 = CARTESIAN_POINT ( 'NONE',  ( 21.80000000000000426, 2.309602767434237591E-15, 2.930000000000005489 ) ) ;
#1869 = PLANE ( 'NONE',  #844 ) ;
#1870 = VERTEX_POINT ( 'NONE', #139 ) ;
#1871 = CONICAL_SURFACE ( 'NONE', #992, 1.500000000000001332, 0.7853981633974514986 ) ;
#1872 = ORIENTED_EDGE ( 'NONE', *, *, #1354, .F. ) ;
#1873 = ADVANCED_FACE ( 'NONE', ( #768 ), #294, .T. ) ;
#1874 = ORIENTED_EDGE ( 'NONE', *, *, #599, .F. ) ;
#1875 = AXIS2_PLACEMENT_3D ( 'NONE', #950, #631, #315 ) ;
#1876 = EDGE_CURVE ( 'NONE', #1078, #1340, #1594, .T. ) ;
#1877 = FACE_OUTER_BOUND ( 'NONE', #2004, .T. ) ;
#1878 = CARTESIAN_POINT ( 'NONE',  ( -3.000000000000000000, 0.000000000000000000, 32.70000000000000284 ) ) ;
#1879 = DIRECTION ( 'NONE',  ( 0.000000000000000000, 1.000000000000000000, 7.758155080397172067E-17 ) ) ;
#1880 = ORIENTED_EDGE ( 'NONE', *, *, #1520, .F. ) ;
#1881 = CARTESIAN_POINT ( 'NONE',  ( 25.05000000000000426, 0.9999999999999863443, 13.92999999999999439 ) ) ;
#1882 = PERSON_AND_ORGANIZATION_ROLE ( 'design_supplier' ) ;
#1883 = ORIENTED_EDGE ( 'NONE', *, *, #239, .T. ) ;
#1884 = LINE ( 'NONE', #428, #2013 ) ;
#1885 = EDGE_CURVE ( 'NONE', #1632, #469, #1377, .T. ) ;
#1886 = CIRCLE ( 'NONE', #975, 1.500000000000001332 ) ;
#1887 = VECTOR ( 'NONE', #685, 1000.000000000000000 ) ;
#1888 = DIRECTION ( 'NONE',  ( -1.000000000000000000, -1.545410669021654585E-16, -0.000000000000000000 ) ) ;
#1889 = DIRECTION ( 'NONE',  ( 0.000000000000000000, 0.000000000000000000, 1.000000000000000000 ) ) ;
#1890 = ORIENTED_EDGE ( 'NONE', *, *, #92, .F. ) ;
#1891 = LINE ( 'NONE', #301, #1359 ) ;
#1892 = EDGE_LOOP ( 'NONE', ( #1880, #1715, #1135, #112, #605, #585 ) ) ;
#1893 = DIRECTION ( 'NONE',  ( 8.659560562354926695E-17, 0.7071067811865482389, -0.7071067811865469066 ) ) ;
#1894 = ADVANCED_BREP_SHAPE_REPRESENTATION ( 'D5 - Motor Holder Left', ( #2053, #477 ), #618 ) ;
#1895 = ADVANCED_FACE ( 'NONE', ( #1767 ), #1779, .T. ) ;
#1896 = DIRECTION ( 'NONE',  ( 0.000000000000000000, -1.000000000000000000, 0.000000000000000000 ) ) ;
#1897 = CARTESIAN_POINT ( 'NONE',  ( 21.80000000000000426, 0.000000000000000000, 32.70000000000000284 ) ) ;
#1898 = EDGE_CURVE ( 'NONE', #661, #469, #2083, .T. ) ;
#1899 = ORIENTED_EDGE ( 'NONE', *, *, #345, .T. ) ;
#1900 = VECTOR ( 'NONE', #430, 1000.000000000000000 ) ;
#1901 = DIRECTION ( 'NONE',  ( -1.084202172485504434E-16, 1.000000000000000000, -0.000000000000000000 ) ) ;
#1902 = AXIS2_PLACEMENT_3D ( 'NONE', #1444, #1141, #1938 ) ;
#1903 = ORIENTED_EDGE ( 'NONE', *, *, #951, .T. ) ;
#1904 = DIRECTION ( 'NONE',  ( 0.000000000000000000, -1.000000000000000000, 0.000000000000000000 ) ) ;
#1905 = VECTOR ( 'NONE', #528, 1000.000000000000000 ) ;
#1906 = CARTESIAN_POINT ( 'NONE',  ( 18.80000000000000426, 0.000000000000000000, 0.000000000000000000 ) ) ;
#1907 = DIRECTION ( 'NONE',  ( 1.445602896647338917E-16, -1.000000000000000000, 0.000000000000000000 ) ) ;
#1908 = EDGE_CURVE ( 'NONE', #557, #1258, #316, .T. ) ;
#1909 = ORIENTED_EDGE ( 'NONE', *, *, #1252, .F. ) ;
#1910 = LINE ( 'NONE', #279, #1859 ) ;
#1911 = DIRECTION ( 'NONE',  ( 0.000000000000000000, -1.000000000000000000, 0.000000000000000000 ) ) ;
#1912 = ORIENTED_EDGE ( 'NONE', *, *, #642, .T. ) ;
#1913 = DIRECTION ( 'NONE',  ( 0.000000000000000000, 0.000000000000000000, -1.000000000000000000 ) ) ;
#1914 = CARTESIAN_POINT ( 'NONE',  ( -1.999999999999993117, 1.061623502488754041E-15, 10.93000000000000149 ) ) ;
#1915 = DIRECTION ( 'NONE',  ( -0.000000000000000000, 1.000000000000000000, -0.000000000000000000 ) ) ;
#1916 = DIRECTION ( 'NONE',  ( -1.084202172485504434E-16, 1.000000000000000000, 0.000000000000000000 ) ) ;
#1917 = AXIS2_PLACEMENT_3D ( 'NONE', #455, #47, #1282 ) ;
#1918 = VERTEX_POINT ( 'NONE', #128 ) ;
#1919 = ORIENTED_EDGE ( 'NONE', *, *, #1963, .F. ) ;
#1920 = EDGE_CURVE ( 'NONE', #238, #194, #1283, .T. ) ;
#1921 = CARTESIAN_POINT ( 'NONE',  ( -4.999999999999990230, -4.999999999999998224, 30.69999999999999929 ) ) ;
#1922 = LINE ( 'NONE', #1321, #1953 ) ;
#1923 = ORIENTED_EDGE ( 'NONE', *, *, #2075, .F. ) ;
#1924 = DIRECTION ( 'NONE',  ( 0.000000000000000000, 0.000000000000000000, 1.000000000000000000 ) ) ;
#1925 = LINE ( 'NONE', #2071, #512 ) ;
#1926 = DIRECTION ( 'NONE',  ( 0.000000000000000000, -1.000000000000000000, 0.000000000000000000 ) ) ;
#1927 = CARTESIAN_POINT ( 'NONE',  ( 25.05000000000000426, 0.9999999999999865663, 15.42999999999999616 ) ) ;
#1928 = ORIENTED_EDGE ( 'NONE', *, *, #1354, .T. ) ;
#1929 = CARTESIAN_POINT ( 'NONE',  ( 18.80000000000000071, 22.45000000000000284, 3.929999999999999272 ) ) ;
#1930 = ORIENTED_EDGE ( 'NONE', *, *, #129, .F. ) ;
#1931 = DIRECTION ( 'NONE',  ( 0.000000000000000000, -1.000000000000000000, 0.000000000000000000 ) ) ;
#1932 = VERTEX_POINT ( 'NONE', #976 ) ;
#1933 = EDGE_CURVE ( 'NONE', #70, #860, #1644, .T. ) ;
#1934 = VECTOR ( 'NONE', #142, 1000.000000000000000 ) ;
#1935 = EDGE_CURVE ( 'NONE', #1224, #2079, #1975, .T. ) ;
#1936 = FACE_OUTER_BOUND ( 'NONE', #452, .T. ) ;
#1937 = VECTOR ( 'NONE', #1018, 1000.000000000000227 ) ;
#1938 = DIRECTION ( 'NONE',  ( -1.192835396054779323E-16, 1.000000000000000000, 7.758155080397172067E-17 ) ) ;
#1939 = EDGE_CURVE ( 'NONE', #1855, #1687, #164, .T. ) ;
#1940 = FACE_OUTER_BOUND ( 'NONE', #571, .T. ) ;
#1941 = CC_DESIGN_APPROVAL ( #304, ( #586 ) ) ;
#1942 = FACE_OUTER_BOUND ( 'NONE', #549, .T. ) ;
#1943 = EDGE_LOOP ( 'NONE', ( #369, #1786, #693, #1327 ) ) ;
#1944 = CARTESIAN_POINT ( 'NONE',  ( -4.999999999999990230, -6.499999999999999112, 29.19999999999999574 ) ) ;
#1945 = CARTESIAN_POINT ( 'NONE',  ( -6.000000000000002665, -4.999999999999998224, 29.19999999999999574 ) ) ;
#1946 = ORIENTED_EDGE ( 'NONE', *, *, #158, .T. ) ;
#1947 = CARTESIAN_POINT ( 'NONE',  ( 25.05000000000000426, 0.000000000000000000, 15.42999999999999616 ) ) ;
#1948 = PLANE ( 'NONE',  #35 ) ;
#1949 = FACE_OUTER_BOUND ( 'NONE', #1943, .T. ) ;
#1950 = ADVANCED_FACE ( 'NONE', ( #438 ), #6, .T. ) ;
#1951 = DIRECTION ( 'NONE',  ( 0.000000000000000000, 0.000000000000000000, 1.000000000000000000 ) ) ;
#1952 = CARTESIAN_POINT ( 'NONE',  ( -6.000000000000003553, 0.9999999999999988898, 31.69999999999999929 ) ) ;
#1953 = VECTOR ( 'NONE', #1651, 1000.000000000000000 ) ;
#1954 = DIRECTION ( 'NONE',  ( 0.000000000000000000, 1.000000000000000000, -3.103262032158867841E-16 ) ) ;
#1955 = EDGE_LOOP ( 'NONE', ( #2003, #1247, #883, #208 ) ) ;
#1956 = CARTESIAN_POINT ( 'NONE',  ( 18.80000000000000071, 22.44999999999999929, 32.70000000000000284 ) ) ;
#1957 = VECTOR ( 'NONE', #435, 1000.000000000000000 ) ;
#1958 = VERTEX_POINT ( 'NONE', #1748 ) ;
#1959 = CONICAL_SURFACE ( 'NONE', #561, 3.499999999999999556, 0.7853981633974450594 ) ;
#1960 = CARTESIAN_POINT ( 'NONE',  ( -5.000000000000003553, 1.999999999999999556, 13.70000000000000107 ) ) ;
#1961 = DIRECTION ( 'NONE',  ( -0.000000000000000000, 1.000000000000000000, -0.000000000000000000 ) ) ;
#1962 = LINE ( 'NONE', #1044, #101 ) ;
#1963 = EDGE_CURVE ( 'NONE', #487, #2023, #1355, .T. ) ;
#1964 = CARTESIAN_POINT ( 'NONE',  ( 0.000000000000000000, 2.000000000000000000, 0.000000000000000000 ) ) ;
#1965 = ORIENTED_EDGE ( 'NONE', *, *, #654, .F. ) ;
#1966 = LINE ( 'NONE', #1642, #13 ) ;
#1967 = ORIENTED_EDGE ( 'NONE', *, *, #1479, .T. ) ;
#1968 = ADVANCED_FACE ( 'NONE', ( #64 ), #1305, .T. ) ;
#1969 = DIRECTION ( 'NONE',  ( 0.000000000000000000, 0.000000000000000000, -1.000000000000000000 ) ) ;
#1970 = ORIENTED_EDGE ( 'NONE', *, *, #1464, .T. ) ;
#1971 = CARTESIAN_POINT ( 'NONE',  ( -3.000000000000003109, 25.44999999999999218, 32.70000000000000284 ) ) ;
#1972 = DIRECTION ( 'NONE',  ( -1.000000000000000000, -1.545410669021654585E-16, -0.000000000000000000 ) ) ;
#1973 = VECTOR ( 'NONE', #1888, 1000.000000000000000 ) ;
#1974 = DIRECTION ( 'NONE',  ( -0.7071067811865500152, 0.000000000000000000, -0.7071067811865451302 ) ) ;
#1975 = CIRCLE ( 'NONE', #1474, 2.500000000000019540 ) ;
#1976 = DIRECTION ( 'NONE',  ( 0.000000000000000000, -1.000000000000000000, 0.000000000000000000 ) ) ;
#1977 = DIRECTION ( 'NONE',  ( 0.000000000000000000, -0.000000000000000000, 1.000000000000000000 ) ) ;
#1978 = EDGE_LOOP ( 'NONE', ( #1421, #1349, #2039, #1176 ) ) ;
#1979 = LINE ( 'NONE', #1350, #1554 ) ;
#1980 = LINE ( 'NONE', #1776, #1087 ) ;
#1981 = ADVANCED_FACE ( 'NONE', ( #1817 ), #1829, .F. ) ;
#1982 = VERTEX_POINT ( 'NONE', #700 ) ;
#1983 = CIRCLE ( 'NONE', #143, 3.499999999999999556 ) ;
#1984 = CARTESIAN_POINT ( 'NONE',  ( -4.000000000000001776, 1.999999999999998668, 12.69999999999999929 ) ) ;
#1985 = CARTESIAN_POINT ( 'NONE',  ( -6.000000000000001776, 1.585786437626903522, 13.11421356237309332 ) ) ;
#1986 = CARTESIAN_POINT ( 'NONE',  ( -10.89999999999999680, 11.17999999999999972, 3.930000000000000160 ) ) ;
#1987 = CARTESIAN_POINT ( 'NONE',  ( 18.80000000000000426, 0.000000000000000000, 32.70000000000000284 ) ) ;
#1988 = CARTESIAN_POINT ( 'NONE',  ( 16.80000000000000071, 20.44999999999999574, 32.70000000000000284 ) ) ;
#1989 = EDGE_LOOP ( 'NONE', ( #1909, #95, #900, #1998, #254 ) ) ;
#1990 = VERTEX_POINT ( 'NONE', #1190 ) ;
#1991 = FACE_OUTER_BOUND ( 'NONE', #1743, .T. ) ;
#1992 = LINE ( 'NONE', #1208, #581 ) ;
#1993 = VECTOR ( 'NONE', #791, 1000.000000000000000 ) ;
#1994 = ORIENTED_EDGE ( 'NONE', *, *, #638, .T. ) ;
#1995 = EDGE_CURVE ( 'NONE', #1202, #122, #662, .T. ) ;
#1996 = CONICAL_SURFACE ( 'NONE', #156, 1.500000000000001332, 0.7853981633974490562 ) ;
#1997 = DIRECTION ( 'NONE',  ( -1.000000000000000000, -1.545410669021654585E-16, 0.000000000000000000 ) ) ;
#1998 = ORIENTED_EDGE ( 'NONE', *, *, #1423, .F. ) ;
#1999 = EDGE_CURVE ( 'NONE', #379, #287, #185, .T. ) ;
#2000 = DIRECTION ( 'NONE',  ( 0.000000000000000000, 0.000000000000000000, 1.000000000000000000 ) ) ;
#2001 = LINE ( 'NONE', #1845, #740 ) ;
#2002 = DIRECTION ( 'NONE',  ( -5.337610695313254343E-16, 0.000000000000000000, -1.000000000000000000 ) ) ;
#2003 = ORIENTED_EDGE ( 'NONE', *, *, #1920, .T. ) ;
#2004 = EDGE_LOOP ( 'NONE', ( #930, #910, #719, #650 ) ) ;
#2005 = CARTESIAN_POINT ( 'NONE',  ( -3.000000000000003109, 25.44999999999999218, 32.70000000000000284 ) ) ;
#2006 = ORIENTED_EDGE ( 'NONE', *, *, #1784, .T. ) ;
#2007 = SECURITY_CLASSIFICATION_LEVEL ( 'unclassified' ) ;
#2008 = EDGE_CURVE ( 'NONE', #379, #728, #414, .T. ) ;
#2009 = ORIENTED_EDGE ( 'NONE', *, *, #1771, .T. ) ;
#2010 = LINE ( 'NONE', #1004, #348 ) ;
#2011 = EDGE_CURVE ( 'NONE', #356, #1579, #1838, .T. ) ;
#2012 = CIRCLE ( 'NONE', #613, 3.499999999999999556 ) ;
#2013 = VECTOR ( 'NONE', #85, 1000.000000000000000 ) ;
#2014 = CYLINDRICAL_SURFACE ( 'NONE', #1742, 1.500000000000000444 ) ;
#2015 = ORIENTED_EDGE ( 'NONE', *, *, #800, .T. ) ;
#2016 = ORIENTED_EDGE ( 'NONE', *, *, #2011, .T. ) ;
#2017 = LOCAL_TIME ( 10, 56, 33.00000000000000000, #559 ) ;
#2018 = LINE ( 'NONE', #404, #1263 ) ;
#2019 = AXIS2_PLACEMENT_3D ( 'NONE', #1547, #899, #224 ) ;
#2020 = EDGE_CURVE ( 'NONE', #1299, #21, #485, .T. ) ;
#2021 = DIRECTION ( 'NONE',  ( 0.000000000000000000, 0.000000000000000000, -1.000000000000000000 ) ) ;
#2022 = CYLINDRICAL_SURFACE ( 'NONE', #2044, 5.000000000000000888 ) ;
#2023 = VERTEX_POINT ( 'NONE', #1328 ) ;
#2024 = ORIENTED_EDGE ( 'NONE', *, *, #1154, .F. ) ;
#2025 = ORIENTED_EDGE ( 'NONE', *, *, #102, .T. ) ;
#2026 = PERSON_AND_ORGANIZATION_ROLE ( 'creator' ) ;
#2027 = AXIS2_PLACEMENT_3D ( 'NONE', #1333, #1911, #1022 ) ;
#2028 = FACE_OUTER_BOUND ( 'NONE', #1028, .T. ) ;
#2029 = CARTESIAN_POINT ( 'NONE',  ( -4.999999999999990230, -5.000000000000001776, 17.69999999999999929 ) ) ;
#2030 = DIRECTION ( 'NONE',  ( -0.000000000000000000, -0.000000000000000000, -1.000000000000000000 ) ) ;
#2031 = ORIENTED_EDGE ( 'NONE', *, *, #1083, .F. ) ;
#2032 = ADVANCED_FACE ( 'NONE', ( #1177 ), #1029, .T. ) ;
#2033 = ORIENTED_EDGE ( 'NONE', *, *, #1334, .T. ) ;
#2034 = ORIENTED_EDGE ( 'NONE', *, *, #1434, .F. ) ;
#2035 = PLANE ( 'NONE',  #2069 ) ;
#2036 = CARTESIAN_POINT ( 'NONE',  ( -4.999999999999990230, -4.999999999999998224, 29.19999999999999574 ) ) ;
#2037 = LINE ( 'NONE', #100, #903 ) ;
#2038 = CONICAL_SURFACE ( 'NONE', #77, 1.500000000000001332, 0.7853981633974518317 ) ;
#2039 = ORIENTED_EDGE ( 'NONE', *, *, #1553, .T. ) ;
#2040 = EDGE_CURVE ( 'NONE', #1072, #1777, #1137, .T. ) ;
#2041 = MECHANICAL_CONTEXT ( 'NONE', #1804, 'mechanical' ) ;
#2042 = ORIENTED_EDGE ( 'NONE', *, *, #1933, .T. ) ;
#2043 = CARTESIAN_POINT ( 'NONE',  ( -3.000000000000001332, 11.18000000000000149, 11.92999999999999794 ) ) ;
#2044 = AXIS2_PLACEMENT_3D ( 'NONE', #1988, #1697, #69 ) ;
#2045 = CARTESIAN_POINT ( 'NONE',  ( -1.999999999999994893, 11.17999999999999972, 3.930000000000000160 ) ) ;
#2046 = LINE ( 'NONE', #1897, #1478 ) ;
#2047 = PRODUCT_DEFINITION_SHAPE ( 'NONE', 'NONE',  #586 ) ;
#2048 = ORIENTED_EDGE ( 'NONE', *, *, #2054, .F. ) ;
#2049 = LINE ( 'NONE', #1881, #61 ) ;
#2050 = EDGE_LOOP ( 'NONE', ( #537, #1304, #672, #539 ) ) ;
#2051 = EDGE_CURVE ( 'NONE', #341, #534, #1522, .T. ) ;
#2052 = CARTESIAN_POINT ( 'NONE',  ( 27.30000000000000071, 2.000000000000000000, 28.67999999999999616 ) ) ;
#2053 = MANIFOLD_SOLID_BREP ( 'Fillet4', #1683 ) ;
#2054 = EDGE_CURVE ( 'NONE', #1039, #717, #1003, .T. ) ;
#2055 = AXIS2_PLACEMENT_3D ( 'NONE', #1764, #266, #1449 ) ;
#2056 = CARTESIAN_POINT ( 'NONE',  ( 22.80000000000000426, 2.000000000000000000, 29.67999999999999972 ) ) ;
#2057 = LINE ( 'NONE', #772, #1079 ) ;
#2058 = ORIENTED_EDGE ( 'NONE', *, *, #1618, .F. ) ;
#2059 = CARTESIAN_POINT ( 'NONE',  ( -3.000000000000001332, 11.18000000000000149, 7.430000000000000604 ) ) ;
#2060 = EDGE_LOOP ( 'NONE', ( #278, #774, #1322, #1613 ) ) ;
#2061 = DIRECTION ( 'NONE',  ( 1.445602896647338917E-16, -1.000000000000000000, 0.000000000000000000 ) ) ;
#2062 = DIRECTION ( 'NONE',  ( -0.000000000000000000, -1.000000000000000000, -0.000000000000000000 ) ) ;
#2063 = EDGE_CURVE ( 'NONE', #400, #1340, #349, .T. ) ;
#2064 = FACE_OUTER_BOUND ( 'NONE', #753, .T. ) ;
#2065 = EDGE_LOOP ( 'NONE', ( #1928, #1210, #137, #872 ) ) ;
#2066 = ORIENTED_EDGE ( 'NONE', *, *, #1908, .T. ) ;
#2067 = CONICAL_SURFACE ( 'NONE', #1733, 4.499999999999997335, 0.7853981633974441712 ) ;
#2068 = DIRECTION ( 'NONE',  ( 0.000000000000000000, 0.000000000000000000, -1.000000000000000000 ) ) ;
#2069 = AXIS2_PLACEMENT_3D ( 'NONE', #1868, #1220, #269 ) ;
#2070 = ORIENTED_EDGE ( 'NONE', *, *, #92, .T. ) ;
#2071 = CARTESIAN_POINT ( 'NONE',  ( 0.000000000000000000, 0.000000000000000000, 32.70000000000000284 ) ) ;
#2072 = CARTESIAN_POINT ( 'NONE',  ( -3.000000000000001332, -10.00000000000000178, 12.69999999999999929 ) ) ;
#2073 = AXIS2_PLACEMENT_3D ( 'NONE', #1947, #1151, #1792 ) ;
#2074 = DIRECTION ( 'NONE',  ( 1.000000000000000000, 0.000000000000000000, -5.337610695313253357E-16 ) ) ;
#2075 = EDGE_CURVE ( 'NONE', #546, #1405, #1679, .T. ) ;
#2076 = VECTOR ( 'NONE', #823, 1000.000000000000000 ) ;
#2077 = AXIS2_PLACEMENT_3D ( 'NONE', #518, #706, #692 ) ;
#2078 = EDGE_LOOP ( 'NONE', ( #1796, #765, #1730, #233 ) ) ;
#2079 = VERTEX_POINT ( 'NONE', #1636 ) ;
#2080 = CARTESIAN_POINT ( 'NONE',  ( -1.999999999999993117, 0.000000000000000000, 10.93000000000000149 ) ) ;
#2081 = VERTEX_POINT ( 'NONE', #1477 ) ;
#2082 = DIRECTION ( 'NONE',  ( -0.000000000000000000, 1.000000000000000000, -0.000000000000000000 ) ) ;
#2083 = LINE ( 'NONE', #1130, #1211 ) ;
#2084 = DIRECTION ( 'NONE',  ( 0.000000000000000000, 0.000000000000000000, 1.000000000000000000 ) ) ;
#2085 = DIRECTION ( 'NONE',  ( -1.000000000000000000, 4.336808689942016750E-16, 0.000000000000000000 ) ) ;
#2086 = AXIS2_PLACEMENT_3D ( 'NONE', #991, #1471, #656 ) ;
#2087 = ADVANCED_FACE ( 'NONE', ( #15 ), #1317, .T. ) ;
#2088 = VERTEX_POINT ( 'NONE', #838 ) ;
#2089 = LINE ( 'NONE', #995, #1344 ) ;
#2090 = CARTESIAN_POINT ( 'NONE',  ( -10.89999999999999680, 0.000000000000000000, 10.93000000000000149 ) ) ;
#2091 = EDGE_CURVE ( 'NONE', #122, #126, #925, .T. ) ;
#2092 = ORIENTED_EDGE ( 'NONE', *, *, #1143, .T. ) ;
#2093 = CARTESIAN_POINT ( 'NONE',  ( 25.05000000000000426, 0.000000000000000000, 25.17999999999999616 ) ) ;
#2094 = CARTESIAN_POINT ( 'NONE',  ( -4.999999999999990230, -5.000000000000001776, 16.19999999999999929 ) ) ;
#2095 = CARTESIAN_POINT ( 'NONE',  ( -4.000000000000000888, 2.999999999999999112, 32.70000000000000284 ) ) ;
#2096 = DIRECTION ( 'NONE',  ( 0.000000000000000000, 0.000000000000000000, 1.000000000000000000 ) ) ;
#2097 = EDGE_LOOP ( 'NONE', ( #184, #1701, #1872, #1313, #721, #2031, #462, #1171, #727, #1774 ) ) ;
#2098 = CARTESIAN_POINT ( 'NONE',  ( 20.54000000000000270, -2.951734377831351896E-16, 20.01000000000000867 ) ) ;
#2099 = ORIENTED_EDGE ( 'NONE', *, *, #1309, .F. ) ;
ENDSEC;
END-ISO-10303-21;
