ISO-10303-21;
HEADER;
FILE_DESCRIPTION (( 'STEP AP203' ),
    '1' );
FILE_NAME ('BATTERY AND BREAD BOARD HOLDER.STEP',
    '2026-05-13T11:31:35',
    ( '' ),
    ( '' ),
    'SwSTEP 2.0',
    'SolidWorks 2025',
    '' );
FILE_SCHEMA (( 'CONFIG_CONTROL_DESIGN' ));
ENDSEC;

DATA;
#1 = DIRECTION ( 'NONE',  ( 0.000000000000000000, 0.000000000000000000, 1.000000000000000000 ) ) ;
#2 = ORIENTED_EDGE ( 'NONE', *, *, #1047, .T. ) ;
#3 = CARTESIAN_POINT ( 'NONE',  ( 0.000000000000000000, 27.20000000000000284, -82.00000000000000000 ) ) ;
#4 = ADVANCED_FACE ( 'NONE', ( #1205 ), #197, .F. ) ;
#5 = EDGE_CURVE ( 'NONE', #1015, #825, #8, .T. ) ;
#6 = DIRECTION ( 'NONE',  ( 0.000000000000000000, 0.000000000000000000, 1.000000000000000000 ) ) ;
#7 = ORIENTED_EDGE ( 'NONE', *, *, #1551, .T. ) ;
#8 = CIRCLE ( 'NONE', #1107, 1.500000000000001332 ) ;
#9 = VERTEX_POINT ( 'NONE', #1074 ) ;
#10 = CARTESIAN_POINT ( 'NONE',  ( 56.10000000000001563, 0.9999999999999956701, -43.50000000000000000 ) ) ;
#11 = ORIENTED_EDGE ( 'NONE', *, *, #1204, .F. ) ;
#12 = CARTESIAN_POINT ( 'NONE',  ( -5.000000000000000000, 0.9999999999999915623, -65.00000000000000000 ) ) ;
#13 = EDGE_CURVE ( 'NONE', #1251, #1206, #322, .T. ) ;
#14 = VECTOR ( 'NONE', #1350, 1000.000000000000000 ) ;
#15 = CIRCLE ( 'NONE', #1171, 1.500000000000003997 ) ;
#16 = FACE_OUTER_BOUND ( 'NONE', #405, .T. ) ;
#17 = EDGE_CURVE ( 'NONE', #463, #1654, #616, .T. ) ;
#18 = EDGE_LOOP ( 'NONE', ( #1681, #963, #1446, #446 ) ) ;
#19 = VECTOR ( 'NONE', #1596, 1000.000000000000000 ) ;
#20 = ORIENTED_EDGE ( 'NONE', *, *, #1819, .T. ) ;
#21 = CIRCLE ( 'NONE', #1576, 1.500000000000001332 ) ;
#22 = DIRECTION ( 'NONE',  ( 0.000000000000000000, 0.000000000000000000, 1.000000000000000000 ) ) ;
#23 = ORIENTED_EDGE ( 'NONE', *, *, #1501, .T. ) ;
#24 = APPROVAL_ROLE ( '' ) ;
#25 = AXIS2_PLACEMENT_3D ( 'NONE', #1625, #1178, #201 ) ;
#26 = LINE ( 'NONE', #1768, #91 ) ;
#27 = EDGE_CURVE ( 'NONE', #1888, #1206, #363, .T. ) ;
#28 = FACE_OUTER_BOUND ( 'NONE', #67, .T. ) ;
#29 = DIRECTION ( 'NONE',  ( 0.000000000000000000, 1.000000000000000000, 0.000000000000000000 ) ) ;
#30 = AXIS2_PLACEMENT_3D ( 'NONE', #718, #688, #866 ) ;
#31 = CARTESIAN_POINT ( 'NONE',  ( 56.10000000000001563, 0.9999999999999956701, -5.000000000000000888 ) ) ;
#32 = CARTESIAN_POINT ( 'NONE',  ( 56.10000000000001563, -1.301042606982605321E-15, -46.50000000000000000 ) ) ;
#33 = EDGE_LOOP ( 'NONE', ( #206, #675, #1391, #787 ) ) ;
#34 = EDGE_CURVE ( 'NONE', #1220, #318, #1370, .T. ) ;
#35 = PERSON_AND_ORGANIZATION_ROLE ( 'creator' ) ;
#36 = CARTESIAN_POINT ( 'NONE',  ( 56.10000000000001563, -1.301042606982605321E-15, -25.00000000000000000 ) ) ;
#37 = AXIS2_PLACEMENT_3D ( 'NONE', #38, #1345, #1195 ) ;
#38 = CARTESIAN_POINT ( 'NONE',  ( 56.10000000000001563, -1.301042606982605321E-15, -45.00000000000000000 ) ) ;
#39 = DIRECTION ( 'NONE',  ( -1.000000000000000000, 0.000000000000000000, -0.000000000000000000 ) ) ;
#40 = EDGE_CURVE ( 'NONE', #1654, #1559, #295, .T. ) ;
#41 = ORIENTED_EDGE ( 'NONE', *, *, #352, .F. ) ;
#42 = LINE ( 'NONE', #906, #598 ) ;
#43 = CARTESIAN_POINT ( 'NONE',  ( 0.000000000000000000, 0.000000000000000000, 0.000000000000000000 ) ) ;
#44 = ORIENTED_EDGE ( 'NONE', *, *, #1886, .F. ) ;
#45 = LINE ( 'NONE', #348, #339 ) ;
#46 = DIRECTION ( 'NONE',  ( -0.000000000000000000, -1.000000000000000000, -0.000000000000000000 ) ) ;
#47 = ORIENTED_EDGE ( 'NONE', *, *, #717, .F. ) ;
#48 = EDGE_LOOP ( 'NONE', ( #729, #1052, #1568, #1547 ) ) ;
#49 = CARTESIAN_POINT ( 'NONE',  ( 2.000000000000000444, 3.441911658684141774E-17, 0.000000000000000000 ) ) ;
#50 = FACE_BOUND ( 'NONE', #845, .T. ) ;
#51 = ORIENTED_EDGE ( 'NONE', *, *, #323, .T. ) ;
#52 = VECTOR ( 'NONE', #542, 1000.000000000000000 ) ;
#53 = DIRECTION ( 'NONE',  ( 0.000000000000000000, 0.000000000000000000, -1.000000000000000000 ) ) ;
#54 = CARTESIAN_POINT ( 'NONE',  ( -10.00000000000000000, 2.999999999999998668, 0.000000000000000000 ) ) ;
#55 = ADVANCED_FACE ( 'NONE', ( #902 ), #768, .F. ) ;
#56 = CARTESIAN_POINT ( 'NONE',  ( -5.000000000000000000, -1.301042606982605321E-15, -6.500000000000003553 ) ) ;
#57 = ORIENTED_EDGE ( 'NONE', *, *, #1071, .F. ) ;
#58 = ORIENTED_EDGE ( 'NONE', *, *, #703, .T. ) ;
#59 = EDGE_CURVE ( 'NONE', #1676, #597, #1354, .T. ) ;
#60 = CARTESIAN_POINT ( 'NONE',  ( 51.10000000000000853, 37.20000000000000284, -27.60000000000000497 ) ) ;
#61 = CARTESIAN_POINT ( 'NONE',  ( -4.999999999999993783, 2.999999999999999556, -21.49999999999998224 ) ) ;
#62 = ORIENTED_EDGE ( 'NONE', *, *, #681, .F. ) ;
#63 = CARTESIAN_POINT ( 'NONE',  ( 51.10000000000000853, 37.20000000000000284, -27.60000000000000497 ) ) ;
#64 = AXIS2_PLACEMENT_3D ( 'NONE', #1257, #1840, #541 ) ;
#65 = LINE ( 'NONE', #1817, #1750 ) ;
#66 = LINE ( 'NONE', #1098, #635 ) ;
#67 = EDGE_LOOP ( 'NONE', ( #289, #994, #1382, #1553 ) ) ;
#68 = ORIENTED_EDGE ( 'NONE', *, *, #1252, .F. ) ;
#69 = CARTESIAN_POINT ( 'NONE',  ( 0.000000000000000000, 2.999999999999999112, -70.00000000000000000 ) ) ;
#70 = DIRECTION ( 'NONE',  ( 0.000000000000000000, 1.000000000000000000, 0.000000000000000000 ) ) ;
#71 = EDGE_CURVE ( 'NONE', #1480, #358, #496, .T. ) ;
#72 = DIRECTION ( 'NONE',  ( 0.000000000000000000, -1.000000000000000000, 0.000000000000000000 ) ) ;
#73 = ORIENTED_EDGE ( 'NONE', *, *, #440, .F. ) ;
#74 = CARTESIAN_POINT ( 'NONE',  ( 56.10000000000001563, 0.9999999999999956701, -43.50000000000000000 ) ) ;
#75 = ADVANCED_FACE ( 'NONE', ( #1641 ), #342, .F. ) ;
#76 = CARTESIAN_POINT ( 'NONE',  ( -5.000000000000000000, 0.9999999999999915623, -63.50000000000000000 ) ) ;
#77 = LINE ( 'NONE', #832, #1744 ) ;
#78 = VERTEX_POINT ( 'NONE', #194 ) ;
#79 = EDGE_CURVE ( 'NONE', #1861, #153, #1064, .T. ) ;
#80 =( LENGTH_UNIT ( ) NAMED_UNIT ( * ) SI_UNIT ( .MILLI., .METRE. ) );
#81 = CARTESIAN_POINT ( 'NONE',  ( 56.10000000000001563, -1.301042606982605321E-15, -63.50000000000000000 ) ) ;
#82 = AXIS2_PLACEMENT_3D ( 'NONE', #31, #617, #1191 ) ;
#83 = LINE ( 'NONE', #346, #1640 ) ;
#84 = LOCAL_TIME ( 13, 31, 35.00000000000000000, #1811 ) ;
#85 = DIRECTION ( 'NONE',  ( 0.000000000000000000, 0.000000000000000000, 1.000000000000000000 ) ) ;
#86 = VECTOR ( 'NONE', #957, 1000.000000000000000 ) ;
#87 = EDGE_CURVE ( 'NONE', #1692, #1585, #205, .T. ) ;
#88 = CARTESIAN_POINT ( 'NONE',  ( 56.10000000000001563, -1.301042606982605321E-15, -66.50000000000000000 ) ) ;
#89 = CARTESIAN_POINT ( 'NONE',  ( 0.000000000000000000, 37.20000000000000284, -85.00000000000000000 ) ) ;
#90 = AXIS2_PLACEMENT_3D ( 'NONE', #842, #1653, #222 ) ;
#91 = VECTOR ( 'NONE', #183, 1000.000000000000000 ) ;
#92 = ORIENTED_EDGE ( 'NONE', *, *, #893, .F. ) ;
#93 = VERTEX_POINT ( 'NONE', #1268 ) ;
#94 = PERSON_AND_ORGANIZATION ( #111, #1115 ) ;
#95 = EDGE_CURVE ( 'NONE', #1174, #410, #1506, .T. ) ;
#96 = CARTESIAN_POINT ( 'NONE',  ( 2.000000000000000444, 3.441911658684141774E-17, -85.00000000000000000 ) ) ;
#97 = DIRECTION ( 'NONE',  ( -0.000000000000000000, -0.000000000000000000, -1.000000000000000000 ) ) ;
#98 = ORIENTED_EDGE ( 'NONE', *, *, #320, .T. ) ;
#99 = FACE_OUTER_BOUND ( 'NONE', #903, .T. ) ;
#100 = DIRECTION ( 'NONE',  ( 1.000000000000000000, -0.000000000000000000, 0.000000000000000000 ) ) ;
#101 = ORIENTED_EDGE ( 'NONE', *, *, #624, .T. ) ;
#102 = VERTEX_POINT ( 'NONE', #534 ) ;
#103 = EDGE_CURVE ( 'NONE', #418, #153, #77, .T. ) ;
#104 = CARTESIAN_POINT ( 'NONE',  ( -4.999999999999996447, 0.9999999999999915623, -46.50000000000000000 ) ) ;
#105 = DIRECTION ( 'NONE',  ( -1.000000000000000000, -1.239088197126278244E-16, 0.000000000000000000 ) ) ;
#106 = EDGE_LOOP ( 'NONE', ( #1440, #1588, #872, #817 ) ) ;
#107 = AXIS2_PLACEMENT_3D ( 'NONE', #1798, #920, #39 ) ;
#108 = CARTESIAN_POINT ( 'NONE',  ( 0.000000000000000000, 0.000000000000000000, -70.00000000000000000 ) ) ;
#109 = CARTESIAN_POINT ( 'NONE',  ( -5.000000000000000000, -1.301042606982605321E-15, -5.000000000000002665 ) ) ;
#110 = ORIENTED_EDGE ( 'NONE', *, *, #217, .F. ) ;
#111 = PERSON ( 'UNSPECIFIED', 'UNSPECIFIED', 'UNSPECIFIED', ('UNSPECIFIED'), ('UNSPECIFIED'), ('UNSPECIFIED') ) ;
#112 = DIRECTION ( 'NONE',  ( -1.000000000000000000, -1.301042606982605321E-16, 0.000000000000000000 ) ) ;
#113 = CIRCLE ( 'NONE', #1264, 1.500000000000004885 ) ;
#114 = DIRECTION ( 'NONE',  ( 0.000000000000000000, 0.000000000000000000, 1.000000000000000000 ) ) ;
#115 = APPROVAL_PERSON_ORGANIZATION ( #554, #592, #983 ) ;
#116 = VECTOR ( 'NONE', #1774, 1000.000000000000000 ) ;
#117 = CARTESIAN_POINT ( 'NONE',  ( -5.000000000000000000, 0.9999999999999767963, -5.000000000000002665 ) ) ;
#118 = VECTOR ( 'NONE', #1279, 1000.000000000000000 ) ;
#119 = DIRECTION ( 'NONE',  ( 0.000000000000000000, 1.000000000000000000, 0.000000000000000000 ) ) ;
#120 = CARTESIAN_POINT ( 'NONE',  ( 51.10000000000000853, 37.20000000000000284, -27.60000000000000497 ) ) ;
#121 = EDGE_LOOP ( 'NONE', ( #436, #861, #1165, #706 ) ) ;
#122 = ADVANCED_FACE ( 'NONE', ( #1699 ), #674, .F. ) ;
#123 = LINE ( 'NONE', #819, #245 ) ;
#124 = ADVANCED_FACE ( 'NONE', ( #942 ), #1561, .F. ) ;
#125 = DIRECTION ( 'NONE',  ( 0.000000000000000000, 0.000000000000000000, 1.000000000000000000 ) ) ;
#126 = VERTEX_POINT ( 'NONE', #815 ) ;
#127 = CIRCLE ( 'NONE', #381, 1.500000000000001332 ) ;
#128 = CARTESIAN_POINT ( 'NONE',  ( 0.000000000000000000, 3.000000000000000000, -70.00000000000000000 ) ) ;
#129 = DIRECTION ( 'NONE',  ( 0.000000000000000000, 0.7071067811865452413, 0.7071067811865497932 ) ) ;
#130 = CARTESIAN_POINT ( 'NONE',  ( -4.999999999999993783, 0.9999999999999915623, -24.99999999999999645 ) ) ;
#131 = ORIENTED_EDGE ( 'NONE', *, *, #1609, .F. ) ;
#132 = PERSON_AND_ORGANIZATION ( #111, #1115 ) ;
#133 = ORIENTED_EDGE ( 'NONE', *, *, #1133, .T. ) ;
#134 = ADVANCED_FACE ( 'NONE', ( #1673 ), #231, .F. ) ;
#135 = VECTOR ( 'NONE', #1356, 1000.000000000000000 ) ;
#136 = DIRECTION ( 'NONE',  ( 1.301042606982605567E-16, -1.000000000000000000, -0.000000000000000000 ) ) ;
#137 = VERTEX_POINT ( 'NONE', #1239 ) ;
#138 = PLANE ( 'NONE',  #1528 ) ;
#139 = DIRECTION ( 'NONE',  ( 0.000000000000000000, 0.000000000000000000, 1.000000000000000000 ) ) ;
#140 = VERTEX_POINT ( 'NONE', #1106 ) ;
#141 = EDGE_LOOP ( 'NONE', ( #1785, #1087, #220, #576 ) ) ;
#142 = CARTESIAN_POINT ( 'NONE',  ( -4.999999999999993783, 2.999999999999999556, -24.99999999999999645 ) ) ;
#143 = ORIENTED_EDGE ( 'NONE', *, *, #1099, .F. ) ;
#144 = DIRECTION ( 'NONE',  ( 0.000000000000000000, 0.000000000000000000, -1.000000000000000000 ) ) ;
#145 = UNCERTAINTY_MEASURE_WITH_UNIT (LENGTH_MEASURE( 1.000000000000000082E-05 ), #80, 'distance_accuracy_value', 'NONE');
#146 = CARTESIAN_POINT ( 'NONE',  ( 51.10000000000000853, 3.000000000000000000, -70.00000000000000000 ) ) ;
#147 = ORIENTED_EDGE ( 'NONE', *, *, #1569, .F. ) ;
#148 = VECTOR ( 'NONE', #1407, 1000.000000000000000 ) ;
#149 = ORIENTED_EDGE ( 'NONE', *, *, #1066, .F. ) ;
#150 = EDGE_CURVE ( 'NONE', #298, #1559, #1539, .T. ) ;
#151 = CARTESIAN_POINT ( 'NONE',  ( 23.05000000000000782, 27.20000000000000284, -25.60000000000000497 ) ) ;
#152 = AXIS2_PLACEMENT_3D ( 'NONE', #915, #383, #945 ) ;
#153 = VERTEX_POINT ( 'NONE', #1818 ) ;
#154 = EDGE_CURVE ( 'NONE', #1449, #219, #1756, .T. ) ;
#155 = CARTESIAN_POINT ( 'NONE',  ( -5.000000000000000000, 0.9999999999999915623, -65.00000000000000000 ) ) ;
#156 = CARTESIAN_POINT ( 'NONE',  ( 56.10000000000001563, 0.9999999999999956701, -66.50000000000000000 ) ) ;
#157 = ORIENTED_EDGE ( 'NONE', *, *, #1313, .T. ) ;
#158 = ORIENTED_EDGE ( 'NONE', *, *, #886, .F. ) ;
#159 = AXIS2_PLACEMENT_3D ( 'NONE', #1734, #1706, #1017 ) ;
#160 = DIRECTION ( 'NONE',  ( 1.000000000000000000, 0.000000000000000000, -1.357904873563058254E-16 ) ) ;
#161 = VERTEX_POINT ( 'NONE', #1085 ) ;
#162 = DIRECTION ( 'NONE',  ( 0.000000000000000000, 0.000000000000000000, 1.000000000000000000 ) ) ;
#163 = EDGE_CURVE ( 'NONE', #1296, #1190, #66, .T. ) ;
#164 = DIRECTION ( 'NONE',  ( 0.000000000000000000, 0.000000000000000000, 1.000000000000000000 ) ) ;
#165 = VERTEX_POINT ( 'NONE', #952 ) ;
#166 = ORIENTED_EDGE ( 'NONE', *, *, #71, .F. ) ;
#167 = DIRECTION ( 'NONE',  ( -0.000000000000000000, -0.000000000000000000, -1.000000000000000000 ) ) ;
#168 = PRODUCT_DEFINITION_SHAPE ( 'NONE', 'NONE',  #652 ) ;
#169 = ORIENTED_EDGE ( 'NONE', *, *, #810, .F. ) ;
#170 = DATE_AND_TIME ( #515, #84 ) ;
#171 = PLANE ( 'NONE',  #999 ) ;
#172 = VECTOR ( 'NONE', #407, 1000.000000000000000 ) ;
#173 = DIRECTION ( 'NONE',  ( -0.000000000000000000, 0.000000000000000000, 1.000000000000000000 ) ) ;
#174 = AXIS2_PLACEMENT_3D ( 'NONE', #1531, #464, #935 ) ;
#175 = CARTESIAN_POINT ( 'NONE',  ( 23.05000000000000782, 37.20000000000000284, -27.60000000000000497 ) ) ;
#176 = EDGE_CURVE ( 'NONE', #1405, #1490, #1258, .T. ) ;
#177 = VECTOR ( 'NONE', #927, 1000.000000000000000 ) ;
#178 = CYLINDRICAL_SURFACE ( 'NONE', #1301, 1.500000000000003997 ) ;
#179 = DIRECTION ( 'NONE',  ( 0.000000000000000000, 0.000000000000000000, 1.000000000000000000 ) ) ;
#180 = ORIENTED_EDGE ( 'NONE', *, *, #352, .T. ) ;
#181 = APPROVAL_STATUS ( 'not_yet_approved' ) ;
#182 = VECTOR ( 'NONE', #1322, 1000.000000000000000 ) ;
#183 = DIRECTION ( 'NONE',  ( 1.000000000000000000, 0.000000000000000000, 0.000000000000000000 ) ) ;
#184 = DIRECTION ( 'NONE',  ( 0.000000000000000000, 0.000000000000000000, 1.000000000000000000 ) ) ;
#185 = DIRECTION ( 'NONE',  ( 0.000000000000000000, 0.000000000000000000, 1.000000000000000000 ) ) ;
#186 = AXIS2_PLACEMENT_3D ( 'NONE', #142, #584, #1295 ) ;
#187 = VERTEX_POINT ( 'NONE', #692 ) ;
#188 = CARTESIAN_POINT ( 'NONE',  ( -4.999999999999993783, 0.9999999999999911182, -26.50000000000000000 ) ) ;
#189 = LINE ( 'NONE', #462, #1269 ) ;
#190 = ORIENTED_EDGE ( 'NONE', *, *, #1306, .T. ) ;
#191 = DIRECTION ( 'NONE',  ( 0.000000000000000000, 1.000000000000000000, 0.000000000000000000 ) ) ;
#192 = AXIS2_PLACEMENT_3D ( 'NONE', #475, #614, #184 ) ;
#193 = CARTESIAN_POINT ( 'NONE',  ( -10.00000000000000000, -1.224646799147353256E-15, -70.00000000000000000 ) ) ;
#194 = CARTESIAN_POINT ( 'NONE',  ( 56.10000000000001563, -1.301042606982605321E-15, -46.50000000000000000 ) ) ;
#195 = ORIENTED_EDGE ( 'NONE', *, *, #238, .F. ) ;
#196 = CC_DESIGN_PERSON_AND_ORGANIZATION_ASSIGNMENT ( #846, #1409, ( #1237 ) ) ;
#197 = CONICAL_SURFACE ( 'NONE', #836, 1.500000000000001332, 0.7853981633974469467 ) ;
#198 = PLANE ( 'NONE',  #454 ) ;
#199 = CARTESIAN_POINT ( 'NONE',  ( 0.000000000000000000, 27.20000000000000284, -24.60000000000000497 ) ) ;
#200 = ORIENTED_EDGE ( 'NONE', *, *, #939, .F. ) ;
#201 = DIRECTION ( 'NONE',  ( 0.000000000000000000, 0.000000000000000000, 1.000000000000000000 ) ) ;
#202 = EDGE_CURVE ( 'NONE', #102, #864, #1828, .T. ) ;
#203 = PLANE ( 'NONE',  #1189 ) ;
#204 = AXIS2_PLACEMENT_3D ( 'NONE', #96, #1090, #397 ) ;
#205 = LINE ( 'NONE', #56, #1016 ) ;
#206 = ORIENTED_EDGE ( 'NONE', *, *, #1509, .F. ) ;
#207 = EDGE_LOOP ( 'NONE', ( #981, #1810, #1154, #110 ) ) ;
#208 = AXIS2_PLACEMENT_3D ( 'NONE', #1242, #389, #1823 ) ;
#209 = CONICAL_SURFACE ( 'NONE', #1330, 1.500000000000001332, 0.7853981633974469467 ) ;
#210 = CARTESIAN_POINT ( 'NONE',  ( 51.10000000000000853, 3.000000000000000000, -70.00000000000000000 ) ) ;
#211 = CARTESIAN_POINT ( 'NONE',  ( -5.000000000000000000, 0.9999999999999767963, -3.500000000000002220 ) ) ;
#212 = ORIENTED_EDGE ( 'NONE', *, *, #1467, .T. ) ;
#213 = CIRCLE ( 'NONE', #491, 1.500000000000001332 ) ;
#214 = FACE_BOUND ( 'NONE', #406, .T. ) ;
#215 = ADVANCED_FACE ( 'NONE', ( #256 ), #1116, .T. ) ;
#216 = CYLINDRICAL_SURFACE ( 'NONE', #362, 1.500000000000001332 ) ;
#217 = EDGE_CURVE ( 'NONE', #1302, #1075, #1214, .T. ) ;
#218 = ORIENTED_EDGE ( 'NONE', *, *, #960, .F. ) ;
#219 = VERTEX_POINT ( 'NONE', #973 ) ;
#220 = ORIENTED_EDGE ( 'NONE', *, *, #1764, .T. ) ;
#221 = DIRECTION ( 'NONE',  ( 0.000000000000000000, 1.000000000000000000, 0.000000000000000000 ) ) ;
#222 = DIRECTION ( 'NONE',  ( -1.000000000000000000, -1.239088197126278244E-16, 0.000000000000000000 ) ) ;
#223 = EDGE_LOOP ( 'NONE', ( #131, #1469, #938, #1695 ) ) ;
#224 = EDGE_CURVE ( 'NONE', #540, #953, #823, .T. ) ;
#225 = CARTESIAN_POINT ( 'NONE',  ( 56.10000000000001563, -1.301042606982605321E-15, -45.00000000000000000 ) ) ;
#226 = MANIFOLD_SOLID_BREP ( 'Cut-Extrude3', #775 ) ;
#227 = AXIS2_PLACEMENT_3D ( 'NONE', #1450, #702, #727 ) ;
#228 = CARTESIAN_POINT ( 'NONE',  ( 0.000000000000000000, 0.000000000000000000, -70.00000000000000000 ) ) ;
#229 = EDGE_CURVE ( 'NONE', #1593, #1255, #1555, .T. ) ;
#230 = VECTOR ( 'NONE', #6, 1000.000000000000000 ) ;
#231 = PLANE ( 'NONE',  #1028 ) ;
#232 = ORIENTED_EDGE ( 'NONE', *, *, #1047, .F. ) ;
#233 = ORIENTED_EDGE ( 'NONE', *, *, #886, .T. ) ;
#234 = DATE_AND_TIME ( #818, #272 ) ;
#235 = FACE_OUTER_BOUND ( 'NONE', #991, .T. ) ;
#236 = FACE_OUTER_BOUND ( 'NONE', #1737, .T. ) ;
#237 = ORIENTED_EDGE ( 'NONE', *, *, #1609, .T. ) ;
#238 = EDGE_CURVE ( 'NONE', #1457, #126, #552, .T. ) ;
#239 = FACE_OUTER_BOUND ( 'NONE', #1292, .T. ) ;
#240 = DIRECTION ( 'NONE',  ( 0.000000000000000000, 1.000000000000000000, 0.000000000000000000 ) ) ;
#241 = ADVANCED_FACE ( 'NONE', ( #1379, #433, #1583, #1317, #287 ), #1008, .T. ) ;
#242 = DIRECTION ( 'NONE',  ( 0.000000000000000000, -0.000000000000000000, -1.000000000000000000 ) ) ;
#243 = PERSON_AND_ORGANIZATION ( #111, #1115 ) ;
#244 = CARTESIAN_POINT ( 'NONE',  ( 51.10000000000000853, 37.20000000000000284, -24.60000000000000497 ) ) ;
#245 = VECTOR ( 'NONE', #707, 1000.000000000000000 ) ;
#246 = LINE ( 'NONE', #531, #1670 ) ;
#247 = ORIENTED_EDGE ( 'NONE', *, *, #839, .T. ) ;
#248 = CARTESIAN_POINT ( 'NONE',  ( -4.999999999999993783, -1.301042606982605321E-15, -24.99999999999999645 ) ) ;
#249 = ADVANCED_FACE ( 'NONE', ( #1019 ), #1135, .T. ) ;
#250 = DIRECTION ( 'NONE',  ( 0.000000000000000000, 0.7071067811865462405, 0.7071067811865489050 ) ) ;
#251 = EDGE_LOOP ( 'NONE', ( #858, #1002, #1853, #908 ) ) ;
#252 = DIRECTION ( 'NONE',  ( 0.000000000000000000, 0.000000000000000000, 1.000000000000000000 ) ) ;
#253 = DIRECTION ( 'NONE',  ( -0.000000000000000000, 1.000000000000000000, -0.000000000000000000 ) ) ;
#254 = ORIENTED_EDGE ( 'NONE', *, *, #1834, .T. ) ;
#255 = DIRECTION ( 'NONE',  ( 0.000000000000000000, -1.000000000000000000, 0.000000000000000000 ) ) ;
#256 = FACE_OUTER_BOUND ( 'NONE', #1321, .T. ) ;
#257 = DIRECTION ( 'NONE',  ( 0.000000000000000000, 1.000000000000000000, 0.000000000000000000 ) ) ;
#258 = CARTESIAN_POINT ( 'NONE',  ( 49.10000000000000142, 0.000000000000000000, -85.00000000000000000 ) ) ;
#259 = VECTOR ( 'NONE', #1056, 1000.000000000000000 ) ;
#260 = EDGE_CURVE ( 'NONE', #695, #1659, #1735, .T. ) ;
#261 = DIRECTION ( 'NONE',  ( 0.000000000000000000, 1.000000000000000000, 0.000000000000000000 ) ) ;
#262 = DIRECTION ( 'NONE',  ( 0.000000000000000000, -1.000000000000000000, 0.000000000000000000 ) ) ;
#263 = DIRECTION ( 'NONE',  ( -1.000000000000000000, -0.000000000000000000, -0.000000000000000000 ) ) ;
#264 = ORIENTED_EDGE ( 'NONE', *, *, #150, .F. ) ;
#265 = EDGE_CURVE ( 'NONE', #1462, #1031, #1592, .T. ) ;
#266 = CARTESIAN_POINT ( 'NONE',  ( -5.000000000000000000, 2.999999999999999112, -8.500000000000039080 ) ) ;
#267 = AXIS2_PLACEMENT_3D ( 'NONE', #130, #1573, #277 ) ;
#268 = VECTOR ( 'NONE', #642, 1000.000000000000000 ) ;
#269 = DIRECTION ( 'NONE',  ( -1.301042606982605567E-16, 1.000000000000000000, 0.000000000000000000 ) ) ;
#270 = ORIENTED_EDGE ( 'NONE', *, *, #573, .T. ) ;
#271 = EDGE_CURVE ( 'NONE', #1654, #1449, #1716, .T. ) ;
#272 = LOCAL_TIME ( 13, 31, 35.00000000000000000, #1037 ) ;
#273 = CONICAL_SURFACE ( 'NONE', #1366, 1.500000000000004885, 0.7853981633974469467 ) ;
#274 = DIRECTION ( 'NONE',  ( 0.000000000000000000, 1.000000000000000000, 0.000000000000000000 ) ) ;
#275 = VECTOR ( 'NONE', #1524, 1000.000000000000000 ) ;
#276 = LINE ( 'NONE', #1858, #875 ) ;
#277 = DIRECTION ( 'NONE',  ( 0.000000000000000000, 0.000000000000000000, 1.000000000000000000 ) ) ;
#278 = VERTEX_POINT ( 'NONE', #869 ) ;
#279 = CALENDAR_DATE ( 2026, 13, 5 ) ;
#280 = VECTOR ( 'NONE', #1434, 1000.000000000000000 ) ;
#281 = ORIENTED_EDGE ( 'NONE', *, *, #880, .F. ) ;
#282 = CARTESIAN_POINT ( 'NONE',  ( 56.10000000000001563, -1.301042606982605321E-15, -43.50000000000000000 ) ) ;
#283 = ORIENTED_EDGE ( 'NONE', *, *, #880, .T. ) ;
#284 = EDGE_CURVE ( 'NONE', #187, #353, #1451, .T. ) ;
#285 = AXIS2_PLACEMENT_3D ( 'NONE', #1881, #1704, #114 ) ;
#286 = CARTESIAN_POINT ( 'NONE',  ( 49.10000000000000142, 0.000000000000000000, -85.00000000000000000 ) ) ;
#287 = FACE_BOUND ( 'NONE', #525, .T. ) ;
#288 = VERTEX_POINT ( 'NONE', #1572 ) ;
#289 = ORIENTED_EDGE ( 'NONE', *, *, #260, .F. ) ;
#290 = AXIS2_PLACEMENT_3D ( 'NONE', #1299, #1868, #570 ) ;
#291 = CYLINDRICAL_SURFACE ( 'NONE', #30, 1.500000000000001332 ) ;
#292 = VERTEX_POINT ( 'NONE', #1751 ) ;
#293 = EDGE_CURVE ( 'NONE', #1630, #1602, #1742, .T. ) ;
#294 = DIRECTION ( 'NONE',  ( 0.000000000000000000, 1.000000000000000000, 0.000000000000000000 ) ) ;
#295 = CIRCLE ( 'NONE', #1416, 1.500000000000001332 ) ;
#296 = EDGE_CURVE ( 'NONE', #1659, #161, #276, .T. ) ;
#297 = CARTESIAN_POINT ( 'NONE',  ( 0.000000000000000000, 37.20000000000000284, 0.000000000000000000 ) ) ;
#298 = VERTEX_POINT ( 'NONE', #854 ) ;
#299 = ADVANCED_FACE ( 'NONE', ( #1309 ), #1887, .F. ) ;
#300 = CARTESIAN_POINT ( 'NONE',  ( 56.10000000000001563, 0.9999999999999956701, -6.500000000000005329 ) ) ;
#301 = ORIENTED_EDGE ( 'NONE', *, *, #1066, .T. ) ;
#302 = VECTOR ( 'NONE', #1247, 1000.000000000000000 ) ;
#303 = DIRECTION ( 'NONE',  ( -0.000000000000000000, 1.000000000000000000, -0.000000000000000000 ) ) ;
#304 = CC_DESIGN_APPROVAL ( #592, ( #366 ) ) ;
#305 = VECTOR ( 'NONE', #1613, 1000.000000000000000 ) ;
#306 = CARTESIAN_POINT ( 'NONE',  ( 56.10000000000001563, 3.000000000000000000, -8.500000000000003553 ) ) ;
#307 = EDGE_CURVE ( 'NONE', #463, #298, #213, .T. ) ;
#308 = AXIS2_PLACEMENT_3D ( 'NONE', #394, #100, #962 ) ;
#309 = VERTEX_POINT ( 'NONE', #306 ) ;
#310 = DIRECTION ( 'NONE',  ( -0.000000000000000000, -1.000000000000000000, -0.000000000000000000 ) ) ;
#311 = ORIENTED_EDGE ( 'NONE', *, *, #681, .T. ) ;
#312 = DIRECTION ( 'NONE',  ( 0.000000000000000000, 1.000000000000000000, 0.000000000000000000 ) ) ;
#313 = DIRECTION ( 'NONE',  ( 1.000000000000000000, 0.000000000000000000, 0.000000000000000000 ) ) ;
#314 = ORIENTED_EDGE ( 'NONE', *, *, #87, .F. ) ;
#315 = ORIENTED_EDGE ( 'NONE', *, *, #1294, .F. ) ;
#316 = CIRCLE ( 'NONE', #1380, 3.500000000000003997 ) ;
#317 = DIRECTION ( 'NONE',  ( 0.000000000000000000, 0.000000000000000000, 1.000000000000000000 ) ) ;
#318 = VERTEX_POINT ( 'NONE', #989 ) ;
#319 = DIRECTION ( 'NONE',  ( -0.000000000000000000, 1.000000000000000000, -0.000000000000000000 ) ) ;
#320 = EDGE_CURVE ( 'NONE', #1386, #278, #876, .T. ) ;
#321 = DIRECTION ( 'NONE',  ( 0.000000000000000000, 0.000000000000000000, -1.000000000000000000 ) ) ;
#322 = LINE ( 'NONE', #175, #1073 ) ;
#323 = EDGE_CURVE ( 'NONE', #1454, #165, #712, .T. ) ;
#324 = ORIENTED_EDGE ( 'NONE', *, *, #1142, .T. ) ;
#325 = DIRECTION ( 'NONE',  ( 0.000000000000000000, 0.000000000000000000, 1.000000000000000000 ) ) ;
#326 = DIRECTION ( 'NONE',  ( 0.000000000000000000, 1.000000000000000000, -0.000000000000000000 ) ) ;
#327 = VERTEX_POINT ( 'NONE', #737 ) ;
#328 = DIRECTION ( 'NONE',  ( 0.000000000000000000, 0.000000000000000000, 1.000000000000000000 ) ) ;
#329 = CARTESIAN_POINT ( 'NONE',  ( 61.10000000000000853, -1.413221391762438930E-13, -70.00000000000000000 ) ) ;
#330 = VECTOR ( 'NONE', #1429, 1000.000000000000000 ) ;
#331 = FACE_OUTER_BOUND ( 'NONE', #1472, .T. ) ;
#332 = VECTOR ( 'NONE', #944, 1000.000000000000000 ) ;
#333 = DIRECTION ( 'NONE',  ( 0.000000000000000000, 1.000000000000000000, 0.000000000000000000 ) ) ;
#334 = AXIS2_PLACEMENT_3D ( 'NONE', #1483, #764, #481 ) ;
#335 = CARTESIAN_POINT ( 'NONE',  ( 49.10000000000000142, 0.000000000000000000, -85.00000000000000000 ) ) ;
#336 = DIRECTION ( 'NONE',  ( 0.000000000000000000, 1.000000000000000000, 0.000000000000000000 ) ) ;
#337 = ORIENTED_EDGE ( 'NONE', *, *, #284, .F. ) ;
#338 = AXIS2_PLACEMENT_3D ( 'NONE', #1634, #1492, #1219 ) ;
#339 = VECTOR ( 'NONE', #319, 1000.000000000000000 ) ;
#340 = DIRECTION ( 'NONE',  ( 0.000000000000000000, -1.000000000000000000, 0.000000000000000000 ) ) ;
#341 = CARTESIAN_POINT ( 'NONE',  ( 56.10000000000001563, 3.000000000000000000, -21.50000000000000000 ) ) ;
#342 = PLANE ( 'NONE',  #1838 ) ;
#343 = ORIENTED_EDGE ( 'NONE', *, *, #17, .T. ) ;
#344 = EDGE_CURVE ( 'NONE', #1255, #864, #1290, .T. ) ;
#345 = DIRECTION ( 'NONE',  ( 0.000000000000000000, 0.000000000000000000, -1.000000000000000000 ) ) ;
#346 = CARTESIAN_POINT ( 'NONE',  ( 56.10000000000001563, -1.301042606982605321E-15, -66.50000000000000000 ) ) ;
#347 = ORIENTED_EDGE ( 'NONE', *, *, #826, .F. ) ;
#348 = CARTESIAN_POINT ( 'NONE',  ( -5.000000000000000000, -1.301042606982605321E-15, -63.50000000000000000 ) ) ;
#349 = DIRECTION ( 'NONE',  ( 0.000000000000000000, 1.000000000000000000, 0.000000000000000000 ) ) ;
#350 = EDGE_LOOP ( 'NONE', ( #1529, #324 ) ) ;
#351 = ORIENTED_EDGE ( 'NONE', *, *, #150, .T. ) ;
#352 = EDGE_CURVE ( 'NONE', #161, #1075, #715, .T. ) ;
#353 = VERTEX_POINT ( 'NONE', #593 ) ;
#354 = VECTOR ( 'NONE', #476, 1000.000000000000000 ) ;
#355 = ADVANCED_FACE ( 'NONE', ( #1000 ), #1445, .F. ) ;
#356 = DIRECTION ( 'NONE',  ( -0.000000000000000000, 1.000000000000000000, -0.000000000000000000 ) ) ;
#357 = CARTESIAN_POINT ( 'NONE',  ( 0.000000000000000000, 37.20000000000000284, -82.00000000000000000 ) ) ;
#358 = VERTEX_POINT ( 'NONE', #1770 ) ;
#359 = CARTESIAN_POINT ( 'NONE',  ( -5.000000000000000000, 0.9999999999999767963, -6.500000000000003553 ) ) ;
#360 = DIRECTION ( 'NONE',  ( 0.000000000000000000, 0.000000000000000000, 1.000000000000000000 ) ) ;
#361 = AXIS2_PLACEMENT_3D ( 'NONE', #855, #1717, #1136 ) ;
#362 = AXIS2_PLACEMENT_3D ( 'NONE', #831, #1414, #1554 ) ;
#363 = LINE ( 'NONE', #1325, #538 ) ;
#364 = EDGE_CURVE ( 'NONE', #288, #503, #472, .T. ) ;
#365 = ORIENTED_EDGE ( 'NONE', *, *, #320, .F. ) ;
#366 = SECURITY_CLASSIFICATION ( '', '', #1272 ) ;
#367 = VECTOR ( 'NONE', #589, 1000.000000000000000 ) ;
#368 = CARTESIAN_POINT ( 'NONE',  ( -5.000000000000000000, 0.9999999999999767963, -6.500000000000003553 ) ) ;
#369 = CARTESIAN_POINT ( 'NONE',  ( 56.10000000000001563, 0.9999999999999956701, -5.000000000000000888 ) ) ;
#370 = CIRCLE ( 'NONE', #1428, 1.500000000000001332 ) ;
#371 = ORIENTED_EDGE ( 'NONE', *, *, #1275, .T. ) ;
#372 = EDGE_CURVE ( 'NONE', #93, #986, #891, .T. ) ;
#373 = DIRECTION ( 'NONE',  ( 0.000000000000000000, 1.000000000000000000, 0.000000000000000000 ) ) ;
#374 = VECTOR ( 'NONE', #743, 1000.000000000000000 ) ;
#375 = FACE_BOUND ( 'NONE', #684, .T. ) ;
#376 = DIRECTION ( 'NONE',  ( 0.000000000000000000, -1.000000000000000000, 0.000000000000000000 ) ) ;
#377 = EDGE_CURVE ( 'NONE', #353, #797, #1648, .T. ) ;
#378 = ORIENTED_EDGE ( 'NONE', *, *, #1155, .T. ) ;
#379 = EDGE_LOOP ( 'NONE', ( #1312, #664 ) ) ;
#380 = CARTESIAN_POINT ( 'NONE',  ( 23.05000000000000782, 27.20000000000000284, -25.60000000000000497 ) ) ;
#381 = AXIS2_PLACEMENT_3D ( 'NONE', #428, #1262, #125 ) ;
#382 = CARTESIAN_POINT ( 'NONE',  ( -3.903127820947815962E-16, 3.000000000000000000, -70.00000000000000000 ) ) ;
#383 = DIRECTION ( 'NONE',  ( -0.000000000000000000, 1.000000000000000000, -0.000000000000000000 ) ) ;
#384 = ORIENTED_EDGE ( 'NONE', *, *, #545, .F. ) ;
#385 = CARTESIAN_POINT ( 'NONE',  ( 51.10000000000000853, 0.000000000000000000, -70.00000000000000000 ) ) ;
#386 = FACE_OUTER_BOUND ( 'NONE', #33, .T. ) ;
#387 = VECTOR ( 'NONE', #129, 1000.000000000000000 ) ;
#388 = DIRECTION ( 'NONE',  ( -2.312964634635742661E-15, -1.000000000000000000, 0.000000000000000000 ) ) ;
#389 = DIRECTION ( 'NONE',  ( -0.000000000000000000, 0.000000000000000000, 1.000000000000000000 ) ) ;
#390 = DIRECTION ( 'NONE',  ( 8.659560562354921765E-17, 0.7071067811865484609, -0.7071067811865465735 ) ) ;
#391 = EDGE_CURVE ( 'NONE', #802, #757, #1203, .T. ) ;
#392 = ORIENTED_EDGE ( 'NONE', *, *, #377, .T. ) ;
#393 = CARTESIAN_POINT ( 'NONE',  ( -3.712529222472657432E-15, 25.19999999999999929, 0.000000000000000000 ) ) ;
#394 = CARTESIAN_POINT ( 'NONE',  ( 51.10000000000000853, 0.000000000000000000, -85.00000000000000000 ) ) ;
#395 = ORIENTED_EDGE ( 'NONE', *, *, #505, .F. ) ;
#396 = COORDINATED_UNIVERSAL_TIME_OFFSET ( 1, 0, .AHEAD. ) ;
#397 = DIRECTION ( 'NONE',  ( -1.720955829342070579E-17, 1.000000000000000000, 0.000000000000000000 ) ) ;
#398 = LINE ( 'NONE', #1655, #1183 ) ;
#399 = ORIENTED_EDGE ( 'NONE', *, *, #440, .T. ) ;
#400 = VECTOR ( 'NONE', #414, 1000.000000000000000 ) ;
#401 = PLANE ( 'NONE',  #694 ) ;
#402 = DIRECTION ( 'NONE',  ( 1.301042606982605567E-16, -1.000000000000000000, -0.000000000000000000 ) ) ;
#403 = AXIS2_PLACEMENT_3D ( 'NONE', #369, #668, #415 ) ;
#404 = APPROVAL ( #181, 'UNSPECIFIED' ) ;
#405 = EDGE_LOOP ( 'NONE', ( #1372, #1348, #1476, #1447 ) ) ;
#406 = EDGE_LOOP ( 'NONE', ( #761, #1762 ) ) ;
#407 = DIRECTION ( 'NONE',  ( -0.000000000000000000, -1.000000000000000000, -0.000000000000000000 ) ) ;
#408 = EDGE_CURVE ( 'NONE', #1220, #1296, #1769, .T. ) ;
#409 = CARTESIAN_POINT ( 'NONE',  ( 56.10000000000001563, 3.000000000000000000, -28.50000000000000355 ) ) ;
#410 = VERTEX_POINT ( 'NONE', #341 ) ;
#411 = ADVANCED_FACE ( 'NONE', ( #16 ), #633, .F. ) ;
#412 = DIRECTION ( 'NONE',  ( 0.000000000000000000, 0.000000000000000000, -1.000000000000000000 ) ) ;
#413 = CONICAL_SURFACE ( 'NONE', #1465, 1.500000000000000444, 0.7853981633974514986 ) ;
#414 = DIRECTION ( 'NONE',  ( 1.000000000000000000, 0.000000000000000000, 0.000000000000000000 ) ) ;
#415 = DIRECTION ( 'NONE',  ( 0.000000000000000000, 0.000000000000000000, -1.000000000000000000 ) ) ;
#416 = ORIENTED_EDGE ( 'NONE', *, *, #1764, .F. ) ;
#417 = CARTESIAN_POINT ( 'NONE',  ( -5.000000000000000000, -1.301042606982605321E-15, -3.500000000000002220 ) ) ;
#418 = VERTEX_POINT ( 'NONE', #774 ) ;
#419 = CARTESIAN_POINT ( 'NONE',  ( 56.10000000000001563, 0.9999999999999956701, -26.50000000000000711 ) ) ;
#420 = ORIENTED_EDGE ( 'NONE', *, *, #795, .F. ) ;
#421 = LINE ( 'NONE', #1598, #522 ) ;
#422 = CARTESIAN_POINT ( 'NONE',  ( -4.999999999999993783, 0.9999999999999911182, -23.49999999999999645 ) ) ;
#423 = LINE ( 'NONE', #1437, #1169 ) ;
#424 = ORIENTED_EDGE ( 'NONE', *, *, #224, .T. ) ;
#425 = VERTEX_POINT ( 'NONE', #1507 ) ;
#426 = ADVANCED_FACE ( 'NONE', ( #1497 ), #203, .T. ) ;
#427 = VECTOR ( 'NONE', #112, 1000.000000000000000 ) ;
#428 = CARTESIAN_POINT ( 'NONE',  ( 56.10000000000001563, -1.301042606982605321E-15, -65.00000000000000000 ) ) ;
#429 = ORIENTED_EDGE ( 'NONE', *, *, #1886, .T. ) ;
#430 = ADVANCED_FACE ( 'NONE', ( #331 ), #623, .F. ) ;
#431 = LINE ( 'NONE', #1715, #1040 ) ;
#432 = AXIS2_PLACEMENT_3D ( 'NONE', #1537, #679, #670 ) ;
#433 = FACE_BOUND ( 'NONE', #1618, .T. ) ;
#434 = ORIENTED_EDGE ( 'NONE', *, *, #624, .F. ) ;
#435 = AXIS2_PLACEMENT_3D ( 'NONE', #117, #274, #551 ) ;
#436 = ORIENTED_EDGE ( 'NONE', *, *, #13, .T. ) ;
#437 = EDGE_CURVE ( 'NONE', #1138, #102, #501, .T. ) ;
#438 = DIRECTION ( 'NONE',  ( 8.659560562354921765E-17, 0.7071067811865484609, -0.7071067811865465735 ) ) ;
#439 = ORIENTED_EDGE ( 'NONE', *, *, #717, .T. ) ;
#440 = EDGE_CURVE ( 'NONE', #137, #502, #1485, .T. ) ;
#441 = CARTESIAN_POINT ( 'NONE',  ( 56.10000000000001563, 0.9999999999999956701, -23.49999999999999645 ) ) ;
#442 = CARTESIAN_POINT ( 'NONE',  ( 0.000000000000000000, 0.000000000000000000, -85.00000000000000000 ) ) ;
#443 = EDGE_LOOP ( 'NONE', ( #233, #1594 ) ) ;
#444 = ORIENTED_EDGE ( 'NONE', *, *, #1470, .F. ) ;
#445 = DIRECTION ( 'NONE',  ( 0.000000000000000000, 1.000000000000000000, 0.000000000000000000 ) ) ;
#446 = ORIENTED_EDGE ( 'NONE', *, *, #545, .T. ) ;
#447 = EDGE_CURVE ( 'NONE', #1075, #161, #1347, .T. ) ;
#448 = CARTESIAN_POINT ( 'NONE',  ( -4.999999999999996447, -1.301042606982605321E-15, -46.50000000000000000 ) ) ;
#449 = AXIS2_PLACEMENT_3D ( 'NONE', #625, #1196, #1780 ) ;
#450 = CARTESIAN_POINT ( 'NONE',  ( -4.999999999999993783, -1.301042606982605321E-15, -24.99999999999999645 ) ) ;
#451 = ORIENTED_EDGE ( 'NONE', *, *, #765, .T. ) ;
#452 = LINE ( 'NONE', #43, #785 ) ;
#453 = ORIENTED_EDGE ( 'NONE', *, *, #1557, .F. ) ;
#454 = AXIS2_PLACEMENT_3D ( 'NONE', #477, #1792, #1643 ) ;
#455 = AXIS2_PLACEMENT_3D ( 'NONE', #1545, #1082, #794 ) ;
#456 = CARTESIAN_POINT ( 'NONE',  ( 0.000000000000000000, 37.20000000000000284, -24.60000000000000497 ) ) ;
#457 = VECTOR ( 'NONE', #1276, 1000.000000000000000 ) ;
#458 = DIRECTION ( 'NONE',  ( -0.000000000000000000, 1.000000000000000000, -0.000000000000000000 ) ) ;
#459 = VECTOR ( 'NONE', #1249, 1000.000000000000000 ) ;
#460 = ORIENTED_EDGE ( 'NONE', *, *, #1786, .F. ) ;
#461 = ORIENTED_EDGE ( 'NONE', *, *, #1501, .F. ) ;
#462 = CARTESIAN_POINT ( 'NONE',  ( 51.10000000000000853, 27.20000000000000284, -85.00000000000000000 ) ) ;
#463 = VERTEX_POINT ( 'NONE', #467 ) ;
#464 = DIRECTION ( 'NONE',  ( 0.000000000000000000, 0.000000000000000000, 1.000000000000000000 ) ) ;
#465 = CARTESIAN_POINT ( 'NONE',  ( 2.000000000000000444, 0.000000000000000000, 0.000000000000000000 ) ) ;
#466 = EDGE_CURVE ( 'NONE', #1302, #1659, #1591, .T. ) ;
#467 = CARTESIAN_POINT ( 'NONE',  ( -4.999999999999993783, -1.301042606982605321E-15, -23.49999999999999645 ) ) ;
#468 = CARTESIAN_POINT ( 'NONE',  ( 56.10000000000001563, 0.9999999999999956701, -45.00000000000000000 ) ) ;
#469 = AXIS2_PLACEMENT_3D ( 'NONE', #1406, #951, #682 ) ;
#470 = LINE ( 'NONE', #1757, #367 ) ;
#471 = EDGE_LOOP ( 'NONE', ( #143, #1182, #58, #1461 ) ) ;
#472 = CIRCLE ( 'NONE', #1535, 1.500000000000003997 ) ;
#473 = CARTESIAN_POINT ( 'NONE',  ( 51.10000000000000853, 0.000000000000000000, 0.000000000000000000 ) ) ;
#474 = EDGE_CURVE ( 'NONE', #1593, #630, #1335, .T. ) ;
#475 = CARTESIAN_POINT ( 'NONE',  ( -4.999999999999996447, 0.9999999999999915623, -45.00000000000000000 ) ) ;
#476 = DIRECTION ( 'NONE',  ( -0.000000000000000000, 1.000000000000000000, -0.000000000000000000 ) ) ;
#477 = CARTESIAN_POINT ( 'NONE',  ( 0.000000000000000000, 27.20000000000000284, -85.00000000000000000 ) ) ;
#478 = CARTESIAN_POINT ( 'NONE',  ( 56.10000000000001563, -1.301042606982605321E-15, -23.49999999999999645 ) ) ;
#479 = ORIENTED_EDGE ( 'NONE', *, *, #1467, .F. ) ;
#480 = CARTESIAN_POINT ( 'NONE',  ( -5.000000000000000000, -1.301042606982605321E-15, -66.50000000000000000 ) ) ;
#481 = DIRECTION ( 'NONE',  ( 0.000000000000000000, 0.000000000000000000, 1.000000000000000000 ) ) ;
#482 = AXIS2_PLACEMENT_3D ( 'NONE', #1384, #70, #778 ) ;
#483 = LINE ( 'NONE', #1055, #268 ) ;
#484 = CIRCLE ( 'NONE', #1666, 3.500000000000003109 ) ;
#485 = CARTESIAN_POINT ( 'NONE',  ( 28.05000000000000426, 37.20000000000000284, -27.60000000000000497 ) ) ;
#486 = ORIENTED_EDGE ( 'NONE', *, *, #260, .T. ) ;
#487 = CARTESIAN_POINT ( 'NONE',  ( 51.10000000000000853, 3.000000000000000000, 0.000000000000000000 ) ) ;
#488 = LINE ( 'NONE', #10, #849 ) ;
#489 = ORIENTED_EDGE ( 'NONE', *, *, #1442, .F. ) ;
#490 = AXIS2_PLACEMENT_3D ( 'NONE', #1859, #72, #517 ) ;
#491 = AXIS2_PLACEMENT_3D ( 'NONE', #450, #1725, #1601 ) ;
#492 = DIRECTION ( 'NONE',  ( -0.000000000000000000, -1.000000000000000000, -0.000000000000000000 ) ) ;
#493 = EDGE_CURVE ( 'NONE', #187, #865, #1779, .T. ) ;
#494 = DIRECTION ( 'NONE',  ( 0.000000000000000000, 0.000000000000000000, 1.000000000000000000 ) ) ;
#495 = EDGE_CURVE ( 'NONE', #1454, #1310, #15, .T. ) ;
#496 = LINE ( 'NONE', #485, #259 ) ;
#497 = DIRECTION ( 'NONE',  ( 0.000000000000000000, 0.000000000000000000, -1.000000000000000000 ) ) ;
#498 = DIRECTION ( 'NONE',  ( 0.000000000000000000, 1.000000000000000000, 0.000000000000000000 ) ) ;
#499 = VERTEX_POINT ( 'NONE', #766 ) ;
#500 = CARTESIAN_POINT ( 'NONE',  ( 56.10000000000001563, -1.301042606982605321E-15, -65.00000000000000000 ) ) ;
#501 = LINE ( 'NONE', #193, #135 ) ;
#502 = VERTEX_POINT ( 'NONE', #54 ) ;
#503 = VERTEX_POINT ( 'NONE', #1475 ) ;
#504 = ORIENTED_EDGE ( 'NONE', *, *, #1839, .T. ) ;
#505 = EDGE_CURVE ( 'NONE', #140, #734, #483, .T. ) ;
#506 = LINE ( 'NONE', #49, #511 ) ;
#507 = PLANE ( 'NONE',  #490 ) ;
#508 = EDGE_LOOP ( 'NONE', ( #1375, #232, #1879, #582 ) ) ;
#509 = FACE_BOUND ( 'NONE', #1341, .T. ) ;
#510 = LINE ( 'NONE', #1671, #1113 ) ;
#511 = VECTOR ( 'NONE', #936, 1000.000000000000000 ) ;
#512 = DIRECTION ( 'NONE',  ( -0.000000000000000000, 1.000000000000000000, -0.000000000000000000 ) ) ;
#513 = VERTEX_POINT ( 'NONE', #1212 ) ;
#514 = APPROVAL_PERSON_ORGANIZATION ( #94, #1148, #24 ) ;
#515 = CALENDAR_DATE ( 2026, 13, 5 ) ;
#516 = PLANE ( 'NONE',  #204 ) ;
#517 = DIRECTION ( 'NONE',  ( 0.000000000000000000, -0.000000000000000000, -1.000000000000000000 ) ) ;
#518 = VECTOR ( 'NONE', #253, 1000.000000000000000 ) ;
#519 = ORIENTED_EDGE ( 'NONE', *, *, #1435, .F. ) ;
#520 = CARTESIAN_POINT ( 'NONE',  ( 28.05000000000000426, 27.20000000000000284, -25.60000000000000497 ) ) ;
#521 = ADVANCED_FACE ( 'NONE', ( #28 ), #216, .F. ) ;
#522 = VECTOR ( 'NONE', #874, 1000.000000000000000 ) ;
#523 = CYLINDRICAL_SURFACE ( 'NONE', #455, 1.500000000000000444 ) ;
#524 = DIRECTION ( 'NONE',  ( -1.000000000000000000, -1.239088197126284900E-16, 0.000000000000000000 ) ) ;
#525 = EDGE_LOOP ( 'NONE', ( #1821, #943 ) ) ;
#526 = ORIENTED_EDGE ( 'NONE', *, *, #873, .T. ) ;
#527 = DIRECTION ( 'NONE',  ( -2.312964634635742661E-15, -1.000000000000000000, 0.000000000000000000 ) ) ;
#528 = VECTOR ( 'NONE', #1110, 1000.000000000000000 ) ;
#529 = CARTESIAN_POINT ( 'NONE',  ( -4.999999999999996447, -1.301042606982605321E-15, -43.50000000000000000 ) ) ;
#530 = CARTESIAN_POINT ( 'NONE',  ( 56.10000000000001563, 0.9999999999999956701, -3.499999999999996891 ) ) ;
#531 = CARTESIAN_POINT ( 'NONE',  ( 2.000000000000000444, 3.441911658684141774E-17, -85.00000000000000000 ) ) ;
#532 = LINE ( 'NONE', #1690, #302 ) ;
#533 = VECTOR ( 'NONE', #1797, 1000.000000000000000 ) ;
#534 = CARTESIAN_POINT ( 'NONE',  ( -10.00000000000000000, -1.224646799147353256E-15, 0.000000000000000000 ) ) ;
#535 = EDGE_LOOP ( 'NONE', ( #489, #1417, #519, #965 ) ) ;
#536 = ORIENTED_EDGE ( 'NONE', *, *, #629, .T. ) ;
#537 = DIRECTION ( 'NONE',  ( 0.000000000000000000, -1.000000000000000000, 0.000000000000000000 ) ) ;
#538 = VECTOR ( 'NONE', #1049, 1000.000000000000000 ) ;
#539 = CYLINDRICAL_SURFACE ( 'NONE', #1238, 1.500000000000001332 ) ;
#540 = VERTEX_POINT ( 'NONE', #76 ) ;
#541 = DIRECTION ( 'NONE',  ( 0.000000000000000000, 0.000000000000000000, -1.000000000000000000 ) ) ;
#542 = DIRECTION ( 'NONE',  ( 1.000000000000000000, 0.000000000000000000, 0.000000000000000000 ) ) ;
#543 = AXIS2_PLACEMENT_3D ( 'NONE', #248, #1397, #941 ) ;
#544 = ORIENTED_EDGE ( 'NONE', *, *, #1761, .T. ) ;
#545 = EDGE_CURVE ( 'NONE', #1536, #802, #1656, .T. ) ;
#546 = CARTESIAN_POINT ( 'NONE',  ( 2.000000000000000000, 25.19999999999999929, -85.00000000000000000 ) ) ;
#547 = VECTOR ( 'NONE', #895, 1000.000000000000000 ) ;
#548 = LINE ( 'NONE', #419, #859 ) ;
#549 = ORIENTED_EDGE ( 'NONE', *, *, #972, .T. ) ;
#550 = VECTOR ( 'NONE', #1153, 1000.000000000000000 ) ;
#551 = DIRECTION ( 'NONE',  ( 0.000000000000000000, 0.000000000000000000, 1.000000000000000000 ) ) ;
#552 = LINE ( 'NONE', #1124, #400 ) ;
#553 = EDGE_CURVE ( 'NONE', #1593, #1405, #929, .T. ) ;
#554 = PERSON_AND_ORGANIZATION ( #111, #1115 ) ;
#555 = DIRECTION ( 'NONE',  ( 0.000000000000000000, 0.000000000000000000, 1.000000000000000000 ) ) ;
#556 = LINE ( 'NONE', #566, #1753 ) ;
#557 = EDGE_LOOP ( 'NONE', ( #654, #1809, #716, #1061 ) ) ;
#558 = CARTESIAN_POINT ( 'NONE',  ( 2.000000000000000000, 25.19999999999999929, 0.000000000000000000 ) ) ;
#559 = CIRCLE ( 'NONE', #976, 1.500000000000001332 ) ;
#560 = ADVANCED_FACE ( 'NONE', ( #99 ), #523, .F. ) ;
#561 = CARTESIAN_POINT ( 'NONE',  ( -4.999999999999996447, -1.301042606982605321E-15, -46.50000000000000000 ) ) ;
#562 = CARTESIAN_POINT ( 'NONE',  ( -4.999999999999996447, -1.301042606982605321E-15, -45.00000000000000000 ) ) ;
#563 = ORIENTED_EDGE ( 'NONE', *, *, #1771, .T. ) ;
#564 = ORIENTED_EDGE ( 'NONE', *, *, #553, .T. ) ;
#565 = ADVANCED_FACE ( 'NONE', ( #1388, #673, #375, #661, #1236 ), #401, .T. ) ;
#566 = CARTESIAN_POINT ( 'NONE',  ( 0.000000000000000000, 37.20000000000000284, -82.00000000000000000 ) ) ;
#567 = ORIENTED_EDGE ( 'NONE', *, *, #703, .F. ) ;
#568 = CARTESIAN_POINT ( 'NONE',  ( -3.712529222472657432E-15, 25.19999999999999929, -85.00000000000000000 ) ) ;
#569 = EDGE_CURVE ( 'NONE', #1692, #9, #1662, .T. ) ;
#570 = DIRECTION ( 'NONE',  ( -1.000000000000000000, -1.239088197126284407E-16, 0.000000000000000000 ) ) ;
#571 = ORIENTED_EDGE ( 'NONE', *, *, #767, .T. ) ;
#572 = EDGE_LOOP ( 'NONE', ( #786, #1842, #1145, #41 ) ) ;
#573 = EDGE_CURVE ( 'NONE', #1138, #630, #65, .T. ) ;
#574 = AXIS2_PLACEMENT_3D ( 'NONE', #1549, #1418, #555 ) ;
#575 = LINE ( 'NONE', #258, #457 ) ;
#576 = ORIENTED_EDGE ( 'NONE', *, *, #1712, .F. ) ;
#577 = VECTOR ( 'NONE', #1089, 1000.000000000000000 ) ;
#578 = DIRECTION ( 'NONE',  ( 0.000000000000000000, 0.000000000000000000, 1.000000000000000000 ) ) ;
#579 = CARTESIAN_POINT ( 'NONE',  ( 56.10000000000001563, 0.9999999999999956701, -3.499999999999996891 ) ) ;
#580 = ORIENTED_EDGE ( 'NONE', *, *, #1024, .F. ) ;
#581 = CIRCLE ( 'NONE', #1789, 3.500000000000003109 ) ;
#582 = ORIENTED_EDGE ( 'NONE', *, *, #27, .T. ) ;
#583 = ADVANCED_FACE ( 'NONE', ( #651 ), #1600, .F. ) ;
#584 = DIRECTION ( 'NONE',  ( 1.301042606982605567E-16, -1.000000000000000000, -0.000000000000000000 ) ) ;
#585 = ORIENTED_EDGE ( 'NONE', *, *, #176, .F. ) ;
#586 = DIRECTION ( 'NONE',  ( -1.000000000000000000, -1.239088197126289338E-16, 0.000000000000000000 ) ) ;
#587 = DIRECTION ( 'NONE',  ( 8.659560562354950115E-17, 0.7071067811865462405, -0.7071067811865489050 ) ) ;
#588 = ORIENTED_EDGE ( 'NONE', *, *, #1313, .F. ) ;
#589 = DIRECTION ( 'NONE',  ( -0.000000000000000000, -0.000000000000000000, -1.000000000000000000 ) ) ;
#590 = ORIENTED_EDGE ( 'NONE', *, *, #34, .F. ) ;
#591 = CARTESIAN_POINT ( 'NONE',  ( 51.10000000000000853, 37.20000000000000284, -82.00000000000000000 ) ) ;
#592 = APPROVAL ( #833, 'UNSPECIFIED' ) ;
#593 = CARTESIAN_POINT ( 'NONE',  ( 0.000000000000000000, 37.20000000000000284, -24.60000000000000497 ) ) ;
#594 = ORIENTED_EDGE ( 'NONE', *, *, #17, .F. ) ;
#595 = EDGE_CURVE ( 'NONE', #502, #102, #691, .T. ) ;
#596 = DIRECTION ( 'NONE',  ( 0.000000000000000000, 0.000000000000000000, 1.000000000000000000 ) ) ;
#597 = VERTEX_POINT ( 'NONE', #88 ) ;
#598 = VECTOR ( 'NONE', #1478, 1000.000000000000000 ) ;
#599 = VECTOR ( 'NONE', #971, 1000.000000000000000 ) ;
#600 = EDGE_CURVE ( 'NONE', #1232, #1544, #1684, .T. ) ;
#601 = CARTESIAN_POINT ( 'NONE',  ( 56.10000000000001563, 0.9999999999999956701, -46.50000000000000000 ) ) ;
#602 = AXIS2_PLACEMENT_3D ( 'NONE', #1479, #336, #179 ) ;
#603 = DIRECTION ( 'NONE',  ( 0.000000000000000000, 0.000000000000000000, 1.000000000000000000 ) ) ;
#604 = AXIS2_PLACEMENT_3D ( 'NONE', #659, #1516, #1233 ) ;
#605 = ORIENTED_EDGE ( 'NONE', *, *, #736, .T. ) ;
#606 = ORIENTED_EDGE ( 'NONE', *, *, #71, .T. ) ;
#607 = VECTOR ( 'NONE', #492, 1000.000000000000000 ) ;
#608 = FACE_OUTER_BOUND ( 'NONE', #1548, .T. ) ;
#609 = ORIENTED_EDGE ( 'NONE', *, *, #1484, .F. ) ;
#610 = COORDINATED_UNIVERSAL_TIME_OFFSET ( 1, 0, .AHEAD. ) ;
#611 = EDGE_CURVE ( 'NONE', #292, #358, #510, .T. ) ;
#612 = LINE ( 'NONE', #473, #853 ) ;
#613 = AXIS2_PLACEMENT_3D ( 'NONE', #1448, #269, #837 ) ;
#614 = DIRECTION ( 'NONE',  ( 0.000000000000000000, 1.000000000000000000, 0.000000000000000000 ) ) ;
#615 = EDGE_CURVE ( 'NONE', #1251, #187, #532, .T. ) ;
#616 = LINE ( 'NONE', #1188, #354 ) ;
#617 = DIRECTION ( 'NONE',  ( 0.000000000000000000, 1.000000000000000000, 0.000000000000000000 ) ) ;
#618 = DIRECTION ( 'NONE',  ( 0.000000000000000000, 1.000000000000000000, 0.000000000000000000 ) ) ;
#619 = ORIENTED_EDGE ( 'NONE', *, *, #1834, .F. ) ;
#620 = APPROVAL_STATUS ( 'not_yet_approved' ) ;
#621 = VECTOR ( 'NONE', #912, 1000.000000000000000 ) ;
#622 = DIRECTION ( 'NONE',  ( 0.000000000000000000, 1.000000000000000000, 0.000000000000000000 ) ) ;
#623 = PLANE ( 'NONE',  #1011 ) ;
#624 = EDGE_CURVE ( 'NONE', #298, #463, #1359, .T. ) ;
#625 = CARTESIAN_POINT ( 'NONE',  ( 56.10000000000001563, -1.301042606982605321E-15, -65.00000000000000000 ) ) ;
#626 = ORIENTED_EDGE ( 'NONE', *, *, #1607, .F. ) ;
#627 = FACE_OUTER_BOUND ( 'NONE', #1752, .T. ) ;
#628 = CARTESIAN_POINT ( 'NONE',  ( 56.10000000000001563, -1.301042606982605321E-15, -43.50000000000000000 ) ) ;
#629 = EDGE_CURVE ( 'NONE', #719, #757, #1525, .T. ) ;
#630 = VERTEX_POINT ( 'NONE', #228 ) ;
#631 = DIRECTION ( 'NONE',  ( 0.000000000000000000, 0.000000000000000000, -1.000000000000000000 ) ) ;
#632 = ADVANCED_FACE ( 'NONE', ( #386 ), #1710, .F. ) ;
#633 = CYLINDRICAL_SURFACE ( 'NONE', #37, 1.500000000000001332 ) ;
#634 = EDGE_LOOP ( 'NONE', ( #689, #856, #1210, #157, #1758, #347, #337, #722, #11, #1800, #585, #1300 ) ) ;
#635 = VECTOR ( 'NONE', #1685, 1000.000000000000000 ) ;
#636 = ORIENTED_EDGE ( 'NONE', *, *, #611, .T. ) ;
#637 = FACE_OUTER_BOUND ( 'NONE', #1642, .T. ) ;
#638 = DIRECTION ( 'NONE',  ( 0.000000000000000000, 1.000000000000000000, 0.000000000000000000 ) ) ;
#639 = EDGE_LOOP ( 'NONE', ( #1815, #212 ) ) ;
#640 = EDGE_CURVE ( 'NONE', #165, #309, #883, .T. ) ;
#641 = LINE ( 'NONE', #63, #86 ) ;
#642 = DIRECTION ( 'NONE',  ( 1.000000000000000000, 0.000000000000000000, 0.000000000000000000 ) ) ;
#643 = DIRECTION ( 'NONE',  ( -0.000000000000000000, 0.000000000000000000, 1.000000000000000000 ) ) ;
#644 = ORIENTED_EDGE ( 'NONE', *, *, #640, .F. ) ;
#645 = EDGE_LOOP ( 'NONE', ( #451, #1439 ) ) ;
#646 = CARTESIAN_POINT ( 'NONE',  ( -4.999999999999993783, 0.9999999999999915623, -26.50000000000000000 ) ) ;
#647 = FACE_OUTER_BOUND ( 'NONE', #1776, .T. ) ;
#648 = ORIENTED_EDGE ( 'NONE', *, *, #307, .T. ) ;
#649 = AXIS2_PLACEMENT_3D ( 'NONE', #155, #294, #578 ) ;
#650 = DIRECTION ( 'NONE',  ( -1.720955829342070579E-17, 1.000000000000000000, 0.000000000000000000 ) ) ;
#651 = FACE_OUTER_BOUND ( 'NONE', #1216, .T. ) ;
#652 = PRODUCT_DEFINITION ( 'UNKNOWN', '', #1237, #1202 ) ;
#653 = CARTESIAN_POINT ( 'NONE',  ( 56.10000000000001563, -1.301042606982605321E-15, -25.00000000000000000 ) ) ;
#654 = ORIENTED_EDGE ( 'NONE', *, *, #956, .F. ) ;
#655 = EDGE_CURVE ( 'NONE', #825, #1015, #1131, .T. ) ;
#656 = DIRECTION ( 'NONE',  ( 1.473225881933594055E-16, -1.000000000000000000, 0.000000000000000000 ) ) ;
#657 = DIRECTION ( 'NONE',  ( 0.000000000000000000, 1.000000000000000000, 0.000000000000000000 ) ) ;
#658 = ORIENTED_EDGE ( 'NONE', *, *, #1222, .T. ) ;
#659 = CARTESIAN_POINT ( 'NONE',  ( -5.000000000000000000, 0.9999999999999767963, -5.000000000000002665 ) ) ;
#660 = ADVANCED_FACE ( 'NONE', ( #1123 ), #1421, .F. ) ;
#661 = FACE_BOUND ( 'NONE', #1293, .T. ) ;
#662 = CIRCLE ( 'NONE', #1724, 1.500000000000001332 ) ;
#663 = DIRECTION ( 'NONE',  ( -0.000000000000000000, 1.000000000000000000, -0.000000000000000000 ) ) ;
#664 = ORIENTED_EDGE ( 'NONE', *, *, #828, .T. ) ;
#665 = VECTOR ( 'NONE', #527, 1000.000000000000000 ) ;
#666 = LINE ( 'NONE', #1636, #1398 ) ;
#667 = PLANE ( 'NONE',  #1813 ) ;
#668 = DIRECTION ( 'NONE',  ( 0.000000000000000000, 1.000000000000000000, 0.000000000000000000 ) ) ;
#669 = CIRCLE ( 'NONE', #995, 3.500000000000003109 ) ;
#670 = DIRECTION ( 'NONE',  ( -0.000000000000000000, 0.000000000000000000, -1.000000000000000000 ) ) ;
#671 = VECTOR ( 'NONE', #263, 1000.000000000000000 ) ;
#672 = CIRCLE ( 'NONE', #435, 1.500000000000000444 ) ;
#673 = FACE_BOUND ( 'NONE', #639, .T. ) ;
#674 = CYLINDRICAL_SURFACE ( 'NONE', #701, 1.500000000000004885 ) ;
#675 = ORIENTED_EDGE ( 'NONE', *, *, #1557, .T. ) ;
#676 = ORIENTED_EDGE ( 'NONE', *, *, #229, .F. ) ;
#677 = LINE ( 'NONE', #1679, #332 ) ;
#678 = CC_DESIGN_PERSON_AND_ORGANIZATION_ASSIGNMENT ( #1229, #1400, ( #652 ) ) ;
#679 = DIRECTION ( 'NONE',  ( 1.000000000000000000, 0.000000000000000000, -0.000000000000000000 ) ) ;
#680 = EDGE_LOOP ( 'NONE', ( #1799, #1870, #190, #1132 ) ) ;
#681 = EDGE_CURVE ( 'NONE', #1190, #410, #1590, .T. ) ;
#682 = DIRECTION ( 'NONE',  ( 0.000000000000000000, 0.000000000000000000, 1.000000000000000000 ) ) ;
#683 = CARTESIAN_POINT ( 'NONE',  ( 0.000000000000000000, 0.000000000000000000, -85.00000000000000000 ) ) ;
#684 = EDGE_LOOP ( 'NONE', ( #648, #101 ) ) ;
#685 = ORIENTED_EDGE ( 'NONE', *, *, #13, .F. ) ;
#686 = LINE ( 'NONE', #1273, #961 ) ;
#687 = AXIS2_PLACEMENT_3D ( 'NONE', #1415, #376, #1527 ) ;
#688 = DIRECTION ( 'NONE',  ( -0.000000000000000000, 1.000000000000000000, -0.000000000000000000 ) ) ;
#689 = ORIENTED_EDGE ( 'NONE', *, *, #474, .T. ) ;
#690 = ADVANCED_FACE ( 'NONE', ( #1723 ), #1570, .F. ) ;
#691 = LINE ( 'NONE', #1850, #844 ) ;
#692 = CARTESIAN_POINT ( 'NONE',  ( 0.000000000000000000, 37.20000000000000284, -27.59999999999999787 ) ) ;
#693 = AXIS2_PLACEMENT_3D ( 'NONE', #1198, #656, #1360 ) ;
#694 = AXIS2_PLACEMENT_3D ( 'NONE', #108, #255, #1377 ) ;
#695 = VERTEX_POINT ( 'NONE', #448 ) ;
#696 = LINE ( 'NONE', #847, #330 ) ;
#697 = AXIS2_PLACEMENT_3D ( 'NONE', #1060, #1192, #317 ) ;
#698 = DIRECTION ( 'NONE',  ( 0.000000000000000000, 0.000000000000000000, 1.000000000000000000 ) ) ;
#699 = ORIENTED_EDGE ( 'NONE', *, *, #284, .T. ) ;
#700 = EDGE_CURVE ( 'NONE', #986, #953, #316, .T. ) ;
#701 = AXIS2_PLACEMENT_3D ( 'NONE', #653, #512, #1707 ) ;
#702 = DIRECTION ( 'NONE',  ( -0.000000000000000000, 1.000000000000000000, -0.000000000000000000 ) ) ;
#703 = EDGE_CURVE ( 'NONE', #1462, #1412, #559, .T. ) ;
#704 = DIRECTION ( 'NONE',  ( 0.000000000000000000, -0.000000000000000000, 1.000000000000000000 ) ) ;
#705 = DIRECTION ( 'NONE',  ( 0.000000000000000000, 0.000000000000000000, -1.000000000000000000 ) ) ;
#706 = ORIENTED_EDGE ( 'NONE', *, *, #1566, .T. ) ;
#707 = DIRECTION ( 'NONE',  ( 1.000000000000000000, 0.000000000000000000, 0.000000000000000000 ) ) ;
#708 = FACE_OUTER_BOUND ( 'NONE', #763, .T. ) ;
#709 = EDGE_LOOP ( 'NONE', ( #1281, #1837, #644, #798 ) ) ;
#710 = ADVANCED_FACE ( 'NONE', ( #1443 ), #138, .F. ) ;
#711 = CARTESIAN_POINT ( 'NONE',  ( -5.000000000000000000, 2.999999999999999112, -65.00000000000000000 ) ) ;
#712 = LINE ( 'NONE', #579, #1288 ) ;
#713 = FACE_OUTER_BOUND ( 'NONE', #1719, .T. ) ;
#714 = ORIENTED_EDGE ( 'NONE', *, *, #437, .T. ) ;
#715 = CIRCLE ( 'NONE', #290, 3.500000000000017764 ) ;
#716 = ORIENTED_EDGE ( 'NONE', *, *, #890, .T. ) ;
#717 = EDGE_CURVE ( 'NONE', #9, #1692, #803, .T. ) ;
#718 = CARTESIAN_POINT ( 'NONE',  ( 56.10000000000001563, -1.301042606982605321E-15, -45.00000000000000000 ) ) ;
#719 = VERTEX_POINT ( 'NONE', #558 ) ;
#720 = DIRECTION ( 'NONE',  ( 1.000000000000000000, -0.000000000000000000, 0.000000000000000000 ) ) ;
#721 = CARTESIAN_POINT ( 'NONE',  ( 2.000000000000000444, 0.000000000000000000, -85.00000000000000000 ) ) ;
#722 = ORIENTED_EDGE ( 'NONE', *, *, #493, .T. ) ;
#723 = VERTEX_POINT ( 'NONE', #1741 ) ;
#724 = VECTOR ( 'NONE', #252, 1000.000000000000000 ) ;
#725 = CARTESIAN_POINT ( 'NONE',  ( 56.10000000000001563, 3.000000000000000000, -65.00000000000000000 ) ) ;
#726 = EDGE_LOOP ( 'NONE', ( #1112, #1623 ) ) ;
#727 = DIRECTION ( 'NONE',  ( 0.000000000000000000, 0.000000000000000000, 1.000000000000000000 ) ) ;
#728 = CARTESIAN_POINT ( 'NONE',  ( 0.000000000000000000, 37.20000000000000284, -27.59999999999999787 ) ) ;
#729 = ORIENTED_EDGE ( 'NONE', *, *, #238, .T. ) ;
#730 = ORIENTED_EDGE ( 'NONE', *, *, #1722, .F. ) ;
#731 = AXIS2_PLACEMENT_3D ( 'NONE', #562, #638, #791 ) ;
#732 = ORIENTED_EDGE ( 'NONE', *, *, #1252, .T. ) ;
#733 = CARTESIAN_POINT ( 'NONE',  ( 23.05000000000000782, 37.20000000000000284, -25.60000000000000497 ) ) ;
#734 = VERTEX_POINT ( 'NONE', #1458 ) ;
#735 = DIRECTION ( 'NONE',  ( 0.000000000000000000, 0.000000000000000000, 1.000000000000000000 ) ) ;
#736 = EDGE_CURVE ( 'NONE', #1226, #418, #431, .T. ) ;
#737 = CARTESIAN_POINT ( 'NONE',  ( 51.10000000000000853, 37.20000000000000284, -82.00000000000000000 ) ) ;
#738 = ORIENTED_EDGE ( 'NONE', *, *, #987, .T. ) ;
#739 = EDGE_CURVE ( 'NONE', #540, #93, #1285, .T. ) ;
#740 = ORIENTED_EDGE ( 'NONE', *, *, #960, .T. ) ;
#741 = FACE_OUTER_BOUND ( 'NONE', #1635, .T. ) ;
#742 = EDGE_LOOP ( 'NONE', ( #270, #921, #1530, #1865, #1260, #885 ) ) ;
#743 = DIRECTION ( 'NONE',  ( -0.000000000000000000, 1.000000000000000000, -0.000000000000000000 ) ) ;
#744 = CARTESIAN_POINT ( 'NONE',  ( 0.000000000000000000, 0.000000000000000000, -70.00000000000000000 ) ) ;
#745 = VERTEX_POINT ( 'NONE', #1560 ) ;
#746 = ADVANCED_FACE ( 'NONE', ( #1307 ), #413, .F. ) ;
#747 = ORIENTED_EDGE ( 'NONE', *, *, #1018, .T. ) ;
#748 = PLANE ( 'NONE',  #1849 ) ;
#749 = EDGE_LOOP ( 'NONE', ( #1425, #1884, #424, #1804 ) ) ;
#750 = CONICAL_SURFACE ( 'NONE', #1599, 1.500000000000003997, 0.7853981633974469467 ) ;
#751 = APPROVAL_DATE_TIME ( #234, #404 ) ;
#752 = CARTESIAN_POINT ( 'NONE',  ( 49.10000000000000142, 0.000000000000000000, 0.000000000000000000 ) ) ;
#753 = ADVANCED_FACE ( 'NONE', ( #1006 ), #1885, .F. ) ;
#754 = DIRECTION ( 'NONE',  ( -1.000000000000000000, 0.000000000000000000, 0.000000000000000000 ) ) ;
#755 = EDGE_CURVE ( 'NONE', #1544, #1861, #421, .T. ) ;
#756 = DIRECTION ( 'NONE',  ( 0.000000000000000000, 0.000000000000000000, 1.000000000000000000 ) ) ;
#757 = VERTEX_POINT ( 'NONE', #840 ) ;
#758 = AXIS2_PLACEMENT_3D ( 'NONE', #711, #1287, #1316 ) ;
#759 = CARTESIAN_POINT ( 'NONE',  ( 56.10000000000001563, 0.9999999999999961142, -25.00000000000000000 ) ) ;
#760 = DIRECTION ( 'NONE',  ( 0.000000000000000000, 1.000000000000000000, 0.000000000000000000 ) ) ;
#761 = ORIENTED_EDGE ( 'NONE', *, *, #1484, .T. ) ;
#762 = APPROVAL_DATE_TIME ( #1624, #1148 ) ;
#763 = EDGE_LOOP ( 'NONE', ( #1597, #147, #311, #824 ) ) ;
#764 = DIRECTION ( 'NONE',  ( -0.000000000000000000, 1.000000000000000000, -0.000000000000000000 ) ) ;
#765 = EDGE_CURVE ( 'NONE', #953, #986, #1488, .T. ) ;
#766 = CARTESIAN_POINT ( 'NONE',  ( 56.10000000000001563, 3.000000000000000000, -41.49999999999999289 ) ) ;
#767 = EDGE_CURVE ( 'NONE', #1386, #1585, #672, .T. ) ;
#768 = PLANE ( 'NONE',  #107 ) ;
#769 = DIRECTION ( 'NONE',  ( 0.000000000000000000, 1.000000000000000000, 0.000000000000000000 ) ) ;
#770 = LINE ( 'NONE', #32, #1175 ) ;
#771 = VERTEX_POINT ( 'NONE', #128 ) ;
#772 = VECTOR ( 'NONE', #313, 1000.000000000000000 ) ;
#773 = CYLINDRICAL_SURFACE ( 'NONE', #1482, 1.500000000000001332 ) ;
#774 = CARTESIAN_POINT ( 'NONE',  ( 61.10000000000001563, 3.000000000000000000, 0.000000000000000000 ) ) ;
#775 = CLOSED_SHELL ( 'NONE', ( #355, #122, #411, #911, #1638, #1331, #1246, #1626, #1498, #1166, #632, #1020, #690, #932, #1526, #124, #1326, #134, #1589, #565, #1829, #753, #426, #1094, #560, #1161, #521, #660, #746, #583, #1362, #857, #1745, #710, #1578, #1806, #215, #241, #299, #1367, #4, #1184, #1620, #1030, #1129, #1444, #1631, #834, #430, #1413, #1496, #1532, #249, #55, #1672, #1159, #964, #75 ) ) ;
#776 = EDGE_LOOP ( 'NONE', ( #606, #1088, #68, #2 ) ) ;
#777 = EDGE_CURVE ( 'NONE', #1232, #1170, #1278, .T. ) ;
#778 = DIRECTION ( 'NONE',  ( 0.000000000000000000, 0.000000000000000000, 1.000000000000000000 ) ) ;
#779 = CARTESIAN_POINT ( 'NONE',  ( 0.000000000000000000, 37.20000000000000284, -85.00000000000000000 ) ) ;
#780 = ORIENTED_EDGE ( 'NONE', *, *, #755, .T. ) ;
#781 = CIRCLE ( 'NONE', #267, 1.500000000000001332 ) ;
#782 = CARTESIAN_POINT ( 'NONE',  ( 51.10000000000000853, 27.20000000000000284, -27.60000000000000497 ) ) ;
#783 = VECTOR ( 'NONE', #813, 1000.000000000000000 ) ;
#784 = CARTESIAN_POINT ( 'NONE',  ( 0.000000000000000000, 37.20000000000000284, -27.59999999999999787 ) ) ;
#785 = VECTOR ( 'NONE', #326, 1000.000000000000000 ) ;
#786 = ORIENTED_EDGE ( 'NONE', *, *, #296, .F. ) ;
#787 = ORIENTED_EDGE ( 'NONE', *, *, #271, .F. ) ;
#788 = VECTOR ( 'NONE', #250, 1000.000000000000000 ) ;
#789 = EDGE_LOOP ( 'NONE', ( #1686, #1318, #44, #605 ) ) ;
#790 = CARTESIAN_POINT ( 'NONE',  ( 56.10000000000001563, -1.301042606982605321E-15, -5.000000000000000888 ) ) ;
#791 = DIRECTION ( 'NONE',  ( 0.000000000000000000, 0.000000000000000000, 1.000000000000000000 ) ) ;
#792 = EDGE_LOOP ( 'NONE', ( #479, #486, #1515, #1431 ) ) ;
#793 = PLANE ( 'NONE',  #432 ) ;
#794 = DIRECTION ( 'NONE',  ( 0.000000000000000000, 0.000000000000000000, 1.000000000000000000 ) ) ;
#795 = EDGE_CURVE ( 'NONE', #1420, #1371, #1867, .T. ) ;
#796 = CARTESIAN_POINT ( 'NONE',  ( -5.000000000000000000, 0.9999999999999915623, -63.50000000000000000 ) ) ;
#797 = VERTEX_POINT ( 'NONE', #1495 ) ;
#798 = ORIENTED_EDGE ( 'NONE', *, *, #323, .F. ) ;
#799 = EDGE_CURVE ( 'NONE', #1659, #1302, #1733, .T. ) ;
#800 = FACE_OUTER_BOUND ( 'NONE', #884, .T. ) ;
#801 = DIRECTION ( 'NONE',  ( -0.000000000000000000, 1.000000000000000000, -0.000000000000000000 ) ) ;
#802 = VERTEX_POINT ( 'NONE', #752 ) ;
#803 = CIRCLE ( 'NONE', #1862, 1.500000000000000444 ) ;
#804 = CARTESIAN_POINT ( 'NONE',  ( -5.000000000000000000, 2.999999999999999112, -68.50000000000000000 ) ) ;
#805 = CARTESIAN_POINT ( 'NONE',  ( 0.000000000000000000, 0.000000000000000000, -85.00000000000000000 ) ) ;
#806 = CARTESIAN_POINT ( 'NONE',  ( 0.000000000000000000, 27.20000000000000284, -85.00000000000000000 ) ) ;
#807 = ORIENTED_EDGE ( 'NONE', *, *, #364, .T. ) ;
#808 = DIRECTION ( 'NONE',  ( 0.000000000000000000, 0.000000000000000000, 1.000000000000000000 ) ) ;
#809 = DIRECTION ( 'NONE',  ( 0.000000000000000000, 0.000000000000000000, 1.000000000000000000 ) ) ;
#810 = EDGE_CURVE ( 'NONE', #1536, #1232, #26, .T. ) ;
#811 = CARTESIAN_POINT ( 'NONE',  ( 56.10000000000001563, 0.9999999999999956701, -63.50000000000000000 ) ) ;
#812 = FACE_OUTER_BOUND ( 'NONE', #106, .T. ) ;
#813 = DIRECTION ( 'NONE',  ( 0.000000000000000000, 0.000000000000000000, 1.000000000000000000 ) ) ;
#814 = CONICAL_SURFACE ( 'NONE', #82, 1.500000000000003997, 0.7853981633974469467 ) ;
#815 = CARTESIAN_POINT ( 'NONE',  ( 51.10000000000000853, 27.20000000000000284, -24.60000000000000497 ) ) ;
#816 = ORIENTED_EDGE ( 'NONE', *, *, #928, .F. ) ;
#817 = ORIENTED_EDGE ( 'NONE', *, *, #992, .T. ) ;
#818 = CALENDAR_DATE ( 2026, 13, 5 ) ;
#819 = CARTESIAN_POINT ( 'NONE',  ( -0.000000000000000000, 3.000000000000000000, -70.00000000000000000 ) ) ;
#820 = LINE ( 'NONE', #359, #177 ) ;
#821 = CONICAL_SURFACE ( 'NONE', #1731, 1.500000000000001332, 0.7853981633974502774 ) ;
#822 = DIRECTION ( 'NONE',  ( 1.000000000000000000, 1.473225881933594055E-16, 0.000000000000000000 ) ) ;
#823 = LINE ( 'NONE', #796, #148 ) ;
#824 = ORIENTED_EDGE ( 'NONE', *, *, #95, .F. ) ;
#825 = VERTEX_POINT ( 'NONE', #601 ) ;
#826 = EDGE_CURVE ( 'NONE', #353, #1457, #1344, .T. ) ;
#827 = CARTESIAN_POINT ( 'NONE',  ( 0.000000000000000000, 37.20000000000000284, 0.000000000000000000 ) ) ;
#828 = EDGE_CURVE ( 'NONE', #78, #1200, #1581, .T. ) ;
#829 = LINE ( 'NONE', #1147, #1736 ) ;
#830 = ORIENTED_EDGE ( 'NONE', *, *, #1846, .T. ) ;
#831 = CARTESIAN_POINT ( 'NONE',  ( -4.999999999999996447, -1.301042606982605321E-15, -45.00000000000000000 ) ) ;
#832 = CARTESIAN_POINT ( 'NONE',  ( 61.10000000000000853, -1.413221391762438930E-13, 0.000000000000000000 ) ) ;
#833 = APPROVAL_STATUS ( 'not_yet_approved' ) ;
#834 = ADVANCED_FACE ( 'NONE', ( #1646 ), #171, .F. ) ;
#835 = LINE ( 'NONE', #382, #427 ) ;
#836 = AXIS2_PLACEMENT_3D ( 'NONE', #1337, #1790, #1346 ) ;
#837 = DIRECTION ( 'NONE',  ( -1.000000000000000000, -1.301042606982605567E-16, 0.000000000000000000 ) ) ;
#838 = ORIENTED_EDGE ( 'NONE', *, *, #615, .F. ) ;
#839 = EDGE_CURVE ( 'NONE', #1847, #865, #1186, .T. ) ;
#840 = CARTESIAN_POINT ( 'NONE',  ( 49.10000000000000142, 25.20000000000000639, 0.000000000000000000 ) ) ;
#841 = DIRECTION ( 'NONE',  ( -0.000000000000000000, 1.000000000000000000, -0.000000000000000000 ) ) ;
#842 = CARTESIAN_POINT ( 'NONE',  ( -5.000000000000000000, 2.999999999999999112, -5.000000000000002665 ) ) ;
#843 = AXIS2_PLACEMENT_3D ( 'NONE', #1339, #1502, #1652 ) ;
#844 = VECTOR ( 'NONE', #1096, 1000.000000000000000 ) ;
#845 = EDGE_LOOP ( 'NONE', ( #378, #1172 ) ) ;
#846 = PERSON_AND_ORGANIZATION ( #111, #1115 ) ;
#847 = CARTESIAN_POINT ( 'NONE',  ( 51.10000000000000853, 37.20000000000000284, -82.00000000000000000 ) ) ;
#848 = VECTOR ( 'NONE', #808, 1000.000000000000000 ) ;
#849 = VECTOR ( 'NONE', #1320, 1000.000000000000000 ) ;
#850 = DIRECTION ( 'NONE',  ( -0.000000000000000000, 1.000000000000000000, -0.000000000000000000 ) ) ;
#851 = ORIENTED_EDGE ( 'NONE', *, *, #1298, .T. ) ;
#852 = CARTESIAN_POINT ( 'NONE',  ( 51.10000000000000853, 0.000000000000000000, -85.00000000000000000 ) ) ;
#853 = VECTOR ( 'NONE', #1046, 1000.000000000000000 ) ;
#854 = CARTESIAN_POINT ( 'NONE',  ( -4.999999999999993783, -1.301042606982605321E-15, -26.50000000000000000 ) ) ;
#855 = CARTESIAN_POINT ( 'NONE',  ( -5.000000000000000000, 0.9999999999999915623, -65.00000000000000000 ) ) ;
#856 = ORIENTED_EDGE ( 'NONE', *, *, #1442, .T. ) ;
#857 = ADVANCED_FACE ( 'NONE', ( #1062 ), #1244, .F. ) ;
#858 = ORIENTED_EDGE ( 'NONE', *, *, #1761, .F. ) ;
#859 = VECTOR ( 'NONE', #438, 1000.000000000000000 ) ;
#860 = LINE ( 'NONE', #1014, #19 ) ;
#861 = ORIENTED_EDGE ( 'NONE', *, *, #27, .F. ) ;
#862 = CARTESIAN_POINT ( 'NONE',  ( -5.000000000000000000, 2.999999999999999112, -65.00000000000000000 ) ) ;
#863 = CARTESIAN_POINT ( 'NONE',  ( 0.000000000000000000, 0.000000000000000000, -85.00000000000000000 ) ) ;
#864 = VERTEX_POINT ( 'NONE', #465 ) ;
#865 = VERTEX_POINT ( 'NONE', #1778 ) ;
#866 = DIRECTION ( 'NONE',  ( 0.000000000000000000, 0.000000000000000000, 1.000000000000000000 ) ) ;
#867 = ORIENTED_EDGE ( 'NONE', *, *, #1801, .T. ) ;
#868 = DIRECTION ( 'NONE',  ( 0.000000000000000000, 0.7071067811865484609, 0.7071067811865465735 ) ) ;
#869 = CARTESIAN_POINT ( 'NONE',  ( -5.000000000000000000, 2.999999999999999112, -1.499999999999966693 ) ) ;
#870 = ORIENTED_EDGE ( 'NONE', *, *, #755, .F. ) ;
#871 = CARTESIAN_POINT ( 'NONE',  ( 51.10000000000000853, 0.000000000000000000, -85.00000000000000000 ) ) ;
#872 = ORIENTED_EDGE ( 'NONE', *, *, #1102, .T. ) ;
#873 = EDGE_CURVE ( 'NONE', #309, #165, #1674, .T. ) ;
#874 = DIRECTION ( 'NONE',  ( 1.000000000000000000, 0.000000000000000000, 0.000000000000000000 ) ) ;
#875 = VECTOR ( 'NONE', #587, 1000.000000000000000 ) ;
#876 = LINE ( 'NONE', #1436, #387 ) ;
#877 = ORIENTED_EDGE ( 'NONE', *, *, #1712, .T. ) ;
#878 = CARTESIAN_POINT ( 'NONE',  ( -4.999999999999996447, 0.9999999999999915623, -43.50000000000000000 ) ) ;
#879 = ORIENTED_EDGE ( 'NONE', *, *, #493, .F. ) ;
#880 = EDGE_CURVE ( 'NONE', #1193, #540, #45, .T. ) ;
#881 = CARTESIAN_POINT ( 'NONE',  ( -5.000000000000000000, -1.301042606982605321E-15, -66.50000000000000000 ) ) ;
#882 = DIRECTION ( 'NONE',  ( 0.000000000000000000, 1.000000000000000000, 0.000000000000000000 ) ) ;
#883 = CIRCLE ( 'NONE', #64, 3.500000000000003109 ) ;
#884 = EDGE_LOOP ( 'NONE', ( #567, #1874, #1122, #57 ) ) ;
#885 = ORIENTED_EDGE ( 'NONE', *, *, #437, .F. ) ;
#886 = EDGE_CURVE ( 'NONE', #1296, #1220, #1093, .T. ) ;
#887 = CARTESIAN_POINT ( 'NONE',  ( 56.10000000000001563, 0.9999999999999956701, -45.00000000000000000 ) ) ;
#888 = ORIENTED_EDGE ( 'NONE', *, *, #873, .F. ) ;
#889 = CARTESIAN_POINT ( 'NONE',  ( 56.10000000000001563, -1.301042606982605321E-15, -45.00000000000000000 ) ) ;
#890 = EDGE_CURVE ( 'NONE', #288, #1454, #1474, .T. ) ;
#891 = LINE ( 'NONE', #1627, #621 ) ;
#892 = VERTEX_POINT ( 'NONE', #1054 ) ;
#893 = EDGE_CURVE ( 'NONE', #1602, #734, #612, .T. ) ;
#894 = FACE_OUTER_BOUND ( 'NONE', #709, .T. ) ;
#895 = DIRECTION ( 'NONE',  ( 1.000000000000000000, 0.000000000000000000, 0.000000000000000000 ) ) ;
#896 = EDGE_LOOP ( 'NONE', ( #264, #1100, #343, #1227 ) ) ;
#897 = PERSON_AND_ORGANIZATION_ROLE ( 'design_owner' ) ;
#898 = AXIS2_PLACEMENT_3D ( 'NONE', #1854, #257, #809 ) ;
#899 = FACE_OUTER_BOUND ( 'NONE', #471, .T. ) ;
#900 = DIRECTION ( 'NONE',  ( 0.000000000000000000, 1.000000000000000000, 0.000000000000000000 ) ) ;
#901 = CONICAL_SURFACE ( 'NONE', #604, 1.500000000000000444, 0.7853981633974514986 ) ;
#902 = FACE_OUTER_BOUND ( 'NONE', #1044, .T. ) ;
#903 = EDGE_LOOP ( 'NONE', ( #314, #47, #877, #571 ) ) ;
#904 = CIRCLE ( 'NONE', #90, 3.500000000000035083 ) ;
#905 = AXIS2_PLACEMENT_3D ( 'NONE', #12, #312, #162 ) ;
#906 = CARTESIAN_POINT ( 'NONE',  ( 51.10000000000000853, 27.20000000000000284, -85.00000000000000000 ) ) ;
#907 = DIRECTION ( 'NONE',  ( 0.000000000000000000, 0.000000000000000000, 1.000000000000000000 ) ) ;
#908 = ORIENTED_EDGE ( 'NONE', *, *, #890, .F. ) ;
#909 = FACE_OUTER_BOUND ( 'NONE', #792, .T. ) ;
#910 = AXIS2_PLACEMENT_3D ( 'NONE', #725, #985, #1139 ) ;
#911 = ADVANCED_FACE ( 'NONE', ( #899 ), #1505, .F. ) ;
#912 = DIRECTION ( 'NONE',  ( 8.659560562354921765E-17, 0.7071067811865484609, -0.7071067811865465735 ) ) ;
#913 = CARTESIAN_POINT ( 'NONE',  ( 23.05000000000000782, 27.20000000000000284, -25.60000000000000497 ) ) ;
#914 = CARTESIAN_POINT ( 'NONE',  ( 56.10000000000001563, 3.000000000000000000, -65.00000000000000000 ) ) ;
#915 = CARTESIAN_POINT ( 'NONE',  ( 56.10000000000001563, -1.301042606982605321E-15, -25.00000000000000000 ) ) ;
#916 = ORIENTED_EDGE ( 'NONE', *, *, #595, .F. ) ;
#917 = LINE ( 'NONE', #591, #1333 ) ;
#918 = DIRECTION ( 'NONE',  ( 1.301042606982605567E-16, -1.000000000000000000, -0.000000000000000000 ) ) ;
#919 = VECTOR ( 'NONE', #1649, 1000.000000000000000 ) ;
#920 = DIRECTION ( 'NONE',  ( 0.000000000000000000, 0.000000000000000000, -1.000000000000000000 ) ) ;
#921 = ORIENTED_EDGE ( 'NONE', *, *, #474, .F. ) ;
#922 = VERTEX_POINT ( 'NONE', #3 ) ;
#923 = DIRECTION ( 'NONE',  ( 0.000000000000000000, -1.000000000000000000, 0.000000000000000000 ) ) ;
#924 = FACE_OUTER_BOUND ( 'NONE', #48, .T. ) ;
#925 = ORIENTED_EDGE ( 'NONE', *, *, #948, .F. ) ;
#926 = AXIS2_PLACEMENT_3D ( 'NONE', #60, #1059, #1218 ) ;
#927 = DIRECTION ( 'NONE',  ( 8.659560562354961208E-17, 0.7071067811865452413, -0.7071067811865497932 ) ) ;
#928 = EDGE_CURVE ( 'NONE', #1490, #327, #917, .T. ) ;
#929 = LINE ( 'NONE', #805, #1023 ) ;
#930 = CC_DESIGN_APPROVAL ( #404, ( #652 ) ) ;
#931 = VECTOR ( 'NONE', #1746, 1000.000000000000000 ) ;
#932 = ADVANCED_FACE ( 'NONE', ( #909 ), #773, .F. ) ;
#933 = ORIENTED_EDGE ( 'NONE', *, *, #202, .T. ) ;
#934 = AXIS2_PLACEMENT_3D ( 'NONE', #863, #262, #1422 ) ;
#935 = DIRECTION ( 'NONE',  ( 1.000000000000000000, 0.000000000000000000, 0.000000000000000000 ) ) ;
#936 = DIRECTION ( 'NONE',  ( -1.720955829342070579E-17, 1.000000000000000000, 0.000000000000000000 ) ) ;
#937 = CARTESIAN_POINT ( 'NONE',  ( -4.999999999999996447, -1.301042606982605321E-15, -45.00000000000000000 ) ) ;
#938 = ORIENTED_EDGE ( 'NONE', *, *, #1024, .T. ) ;
#939 = EDGE_CURVE ( 'NONE', #425, #499, #669, .T. ) ;
#940 = DIRECTION ( 'NONE',  ( 8.659560562354921765E-17, 0.7071067811865484609, -0.7071067811865465735 ) ) ;
#941 = DIRECTION ( 'NONE',  ( 0.000000000000000000, 0.000000000000000000, 1.000000000000000000 ) ) ;
#942 = FACE_OUTER_BOUND ( 'NONE', #141, .T. ) ;
#943 = ORIENTED_EDGE ( 'NONE', *, *, #1099, .T. ) ;
#944 = DIRECTION ( 'NONE',  ( 1.000000000000000000, 0.000000000000000000, 0.000000000000000000 ) ) ;
#945 = DIRECTION ( 'NONE',  ( 0.000000000000000000, 0.000000000000000000, 1.000000000000000000 ) ) ;
#946 = VERTEX_POINT ( 'NONE', #881 ) ;
#947 = VECTOR ( 'NONE', #868, 1000.000000000000000 ) ;
#948 = EDGE_CURVE ( 'NONE', #327, #1170, #1245, .T. ) ;
#949 = DIRECTION ( 'NONE',  ( -1.000000000000000000, 0.000000000000000000, 1.357904873563058254E-16 ) ) ;
#950 = AXIS2_PLACEMENT_3D ( 'NONE', #1639, #882, #164 ) ;
#951 = DIRECTION ( 'NONE',  ( 0.000000000000000000, 1.000000000000000000, 0.000000000000000000 ) ) ;
#952 = CARTESIAN_POINT ( 'NONE',  ( 56.10000000000001563, 3.000000000000000000, -1.499999999999997780 ) ) ;
#953 = VERTEX_POINT ( 'NONE', #1070 ) ;
#954 = APPLICATION_PROTOCOL_DEFINITION ( 'international standard', 'config_control_design', 1994, #1357 ) ;
#955 = LINE ( 'NONE', #244, #172 ) ;
#956 = EDGE_CURVE ( 'NONE', #503, #1310, #1682, .T. ) ;
#957 = DIRECTION ( 'NONE',  ( -0.000000000000000000, -1.000000000000000000, -0.000000000000000000 ) ) ;
#958 = ORIENTED_EDGE ( 'NONE', *, *, #408, .F. ) ;
#959 = DIRECTION ( 'NONE',  ( -0.000000000000000000, 1.000000000000000000, -0.000000000000000000 ) ) ;
#960 = EDGE_CURVE ( 'NONE', #745, #513, #641, .T. ) ;
#961 = VECTOR ( 'NONE', #1128, 1000.000000000000000 ) ;
#962 = DIRECTION ( 'NONE',  ( 0.000000000000000000, 0.000000000000000000, -1.000000000000000000 ) ) ;
#963 = ORIENTED_EDGE ( 'NONE', *, *, #1275, .F. ) ;
#964 = ADVANCED_FACE ( 'NONE', ( #968 ), #793, .F. ) ;
#965 = ORIENTED_EDGE ( 'NONE', *, *, #1775, .F. ) ;
#966 = FACE_OUTER_BOUND ( 'NONE', #634, .T. ) ;
#967 = AXIS2_PLACEMENT_3D ( 'NONE', #442, #1162, #1143 ) ;
#968 = FACE_OUTER_BOUND ( 'NONE', #776, .T. ) ;
#969 = EDGE_LOOP ( 'NONE', ( #1714, #1012, #51, #888 ) ) ;
#970 = CIRCLE ( 'NONE', #403, 1.500000000000003997 ) ;
#971 = DIRECTION ( 'NONE',  ( 0.000000000000000000, 0.000000000000000000, 1.000000000000000000 ) ) ;
#972 = EDGE_CURVE ( 'NONE', #513, #292, #1667, .T. ) ;
#973 = CARTESIAN_POINT ( 'NONE',  ( -4.999999999999993783, 2.999999999999999556, -28.50000000000001421 ) ) ;
#974 = DIRECTION ( 'NONE',  ( 1.000000000000000000, -0.000000000000000000, 0.000000000000000000 ) ) ;
#975 = CARTESIAN_POINT ( 'NONE',  ( 56.10000000000001563, 0.9999999999999961142, -23.49999999999999645 ) ) ;
#976 = AXIS2_PLACEMENT_3D ( 'NONE', #1582, #1297, #412 ) ;
#977 = ORIENTED_EDGE ( 'NONE', *, *, #1018, .F. ) ;
#978 = DIRECTION ( 'NONE',  ( 1.301042606982605567E-16, -1.000000000000000000, -0.000000000000000000 ) ) ;
#979 = DIRECTION ( 'NONE',  ( 0.000000000000000000, 0.000000000000000000, 1.000000000000000000 ) ) ;
#980 = CARTESIAN_POINT ( 'NONE',  ( 0.000000000000000000, 37.20000000000000284, -85.00000000000000000 ) ) ;
#981 = ORIENTED_EDGE ( 'NONE', *, *, #799, .F. ) ;
#982 = EDGE_LOOP ( 'NONE', ( #1315, #1319, #1500, #504, #1001, #732, #1577, #315 ) ) ;
#983 = APPROVAL_ROLE ( '' ) ;
#984 = DIRECTION ( 'NONE',  ( 0.000000000000000000, 0.000000000000000000, 1.000000000000000000 ) ) ;
#985 = DIRECTION ( 'NONE',  ( 0.000000000000000000, -1.000000000000000000, 0.000000000000000000 ) ) ;
#986 = VERTEX_POINT ( 'NONE', #804 ) ;
#987 = EDGE_CURVE ( 'NONE', #1602, #418, #1080, .T. ) ;
#988 = DIRECTION ( 'NONE',  ( 0.000000000000000000, 0.000000000000000000, 1.000000000000000000 ) ) ;
#989 = CARTESIAN_POINT ( 'NONE',  ( 56.10000000000001563, 0.9999999999999961142, -26.50000000000000711 ) ) ;
#990 = DIRECTION ( 'NONE',  ( -1.000000000000000000, 0.000000000000000000, -0.000000000000000000 ) ) ;
#991 = EDGE_LOOP ( 'NONE', ( #1270, #1163, #1036, #1408 ) ) ;
#992 = EDGE_CURVE ( 'NONE', #1412, #1462, #21, .T. ) ;
#993 = CIRCLE ( 'NONE', #1629, 1.500000000000003997 ) ;
#994 = ORIENTED_EDGE ( 'NONE', *, *, #1433, .F. ) ;
#995 = AXIS2_PLACEMENT_3D ( 'NONE', #1787, #1167, #1748 ) ;
#996 = CARTESIAN_POINT ( 'NONE',  ( -4.999999999999993783, -1.301042606982605321E-15, -24.99999999999999645 ) ) ;
#997 = ORIENTED_EDGE ( 'NONE', *, *, #1551, .F. ) ;
#998 = DIRECTION ( 'NONE',  ( 0.000000000000000000, 0.000000000000000000, 1.000000000000000000 ) ) ;
#999 = AXIS2_PLACEMENT_3D ( 'NONE', #329, #1466, #1027 ) ;
#1000 = FACE_OUTER_BOUND ( 'NONE', #251, .T. ) ;
#1001 = ORIENTED_EDGE ( 'NONE', *, *, #1228, .T. ) ;
#1002 = ORIENTED_EDGE ( 'NONE', *, *, #956, .T. ) ;
#1003 = CIRCLE ( 'NONE', #910, 3.500000000000003109 ) ;
#1004 = FACE_OUTER_BOUND ( 'NONE', #1057, .T. ) ;
#1005 = ORIENTED_EDGE ( 'NONE', *, *, #1435, .T. ) ;
#1006 = FACE_OUTER_BOUND ( 'NONE', #535, .T. ) ;
#1007 = CC_DESIGN_PERSON_AND_ORGANIZATION_ASSIGNMENT ( #1342, #35, ( #1237 ) ) ;
#1008 = PLANE ( 'NONE',  #934 ) ;
#1009 = EDGE_LOOP ( 'NONE', ( #838, #1880, #247, #879 ) ) ;
#1010 = ORIENTED_EDGE ( 'NONE', *, *, #1392, .F. ) ;
#1011 = AXIS2_PLACEMENT_3D ( 'NONE', #744, #173, #1760 ) ;
#1012 = ORIENTED_EDGE ( 'NONE', *, *, #495, .F. ) ;
#1013 = EDGE_CURVE ( 'NONE', #1200, #78, #370, .T. ) ;
#1014 = CARTESIAN_POINT ( 'NONE',  ( 0.000000000000000000, 27.20000000000000284, -85.00000000000000000 ) ) ;
#1015 = VERTEX_POINT ( 'NONE', #74 ) ;
#1016 = VECTOR ( 'NONE', #1389, 1000.000000000000000 ) ;
#1017 = DIRECTION ( 'NONE',  ( 1.000000000000000000, 0.000000000000000000, 0.000000000000000000 ) ) ;
#1018 = EDGE_CURVE ( 'NONE', #825, #425, #1387, .T. ) ;
#1019 = FACE_OUTER_BOUND ( 'NONE', #1872, .T. ) ;
#1020 = ADVANCED_FACE ( 'NONE', ( #239 ), #901, .F. ) ;
#1021 = AXIS2_PLACEMENT_3D ( 'NONE', #914, #923, #345 ) ;
#1022 = ORIENTED_EDGE ( 'NONE', *, *, #640, .T. ) ;
#1023 = VECTOR ( 'NONE', #1266, 1000.000000000000000 ) ;
#1024 = EDGE_CURVE ( 'NONE', #1255, #1420, #246, .T. ) ;
#1025 = CARTESIAN_POINT ( 'NONE',  ( -4.999999999999996447, 0.9999999999999911182, -45.00000000000000000 ) ) ;
#1026 = ORIENTED_EDGE ( 'NONE', *, *, #600, .T. ) ;
#1027 = DIRECTION ( 'NONE',  ( -2.312964634635743056E-15, -1.000000000000000000, 0.000000000000000000 ) ) ;
#1028 = AXIS2_PLACEMENT_3D ( 'NONE', #806, #1841, #242 ) ;
#1029 = DIRECTION ( 'NONE',  ( 0.000000000000000000, 0.000000000000000000, 1.000000000000000000 ) ) ;
#1030 = ADVANCED_FACE ( 'NONE', ( #812 ), #539, .F. ) ;
#1031 = VERTEX_POINT ( 'NONE', #1211 ) ;
#1032 = ORIENTED_EDGE ( 'NONE', *, *, #40, .F. ) ;
#1033 = EDGE_CURVE ( 'NONE', #1585, #1732, #820, .T. ) ;
#1034 = LINE ( 'NONE', #151, #547 ) ;
#1035 = PRODUCT ( 'BATTERY AND BREAD BOARD HOLDER', 'BATTERY AND BREAD BOARD HOLDER', '', ( #1541 ) ) ;
#1036 = ORIENTED_EDGE ( 'NONE', *, *, #948, .T. ) ;
#1037 = COORDINATED_UNIVERSAL_TIME_OFFSET ( 1, 0, .AHEAD. ) ;
#1038 = DIRECTION ( 'NONE',  ( 0.000000000000000000, 0.000000000000000000, 1.000000000000000000 ) ) ;
#1039 = DIRECTION ( 'NONE',  ( 0.000000000000000000, 0.000000000000000000, 1.000000000000000000 ) ) ;
#1040 = VECTOR ( 'NONE', #988, 1000.000000000000000 ) ;
#1041 = ORIENTED_EDGE ( 'NONE', *, *, #224, .F. ) ;
#1042 = CARTESIAN_POINT ( 'NONE',  ( 51.10000000000000853, 0.000000000000000000, -70.00000000000000000 ) ) ;
#1043 = CARTESIAN_POINT ( 'NONE',  ( 51.10000000000000853, 27.20000000000000284, -82.00000000000000000 ) ) ;
#1044 = EDGE_LOOP ( 'NONE', ( #1259, #460, #816, #658 ) ) ;
#1045 = CALENDAR_DATE ( 2026, 13, 5 ) ;
#1046 = DIRECTION ( 'NONE',  ( 0.000000000000000000, 1.000000000000000000, -0.000000000000000000 ) ) ;
#1047 = EDGE_CURVE ( 'NONE', #1197, #1480, #1395, .T. ) ;
#1048 = CARTESIAN_POINT ( 'NONE',  ( 56.10000000000001563, -1.301042606982605321E-15, -5.000000000000000888 ) ) ;
#1049 = DIRECTION ( 'NONE',  ( -0.000000000000000000, 1.000000000000000000, -0.000000000000000000 ) ) ;
#1050 = CARTESIAN_POINT ( 'NONE',  ( 51.10000000000000853, 27.20000000000000284, -82.00000000000000000 ) ) ;
#1051 = LINE ( 'NONE', #1622, #1668 ) ;
#1052 = ORIENTED_EDGE ( 'NONE', *, *, #1771, .F. ) ;
#1053 =( NAMED_UNIT ( * ) SI_UNIT ( $, .STERADIAN. ) SOLID_ANGLE_UNIT ( ) );
#1054 = CARTESIAN_POINT ( 'NONE',  ( 56.10000000000001563, 3.000000000000000000, -61.50000000000000000 ) ) ;
#1055 = CARTESIAN_POINT ( 'NONE',  ( -0.000000000000000000, 27.20000000000000284, 0.000000000000000000 ) ) ;
#1056 = DIRECTION ( 'NONE',  ( -0.000000000000000000, -0.000000000000000000, -1.000000000000000000 ) ) ;
#1057 = EDGE_LOOP ( 'NONE', ( #461, #1606, #1772, #399 ) ) ;
#1058 = VECTOR ( 'NONE', #1664, 1000.000000000000000 ) ;
#1059 = DIRECTION ( 'NONE',  ( 1.357904873563058254E-16, -0.000000000000000000, 1.000000000000000000 ) ) ;
#1060 = CARTESIAN_POINT ( 'NONE',  ( -5.000000000000000000, -1.301042606982605321E-15, -65.00000000000000000 ) ) ;
#1061 = ORIENTED_EDGE ( 'NONE', *, *, #495, .T. ) ;
#1062 = FACE_OUTER_BOUND ( 'NONE', #749, .T. ) ;
#1063 = DIRECTION ( 'NONE',  ( -1.000000000000000000, -1.239088197126284407E-16, 0.000000000000000000 ) ) ;
#1064 = LINE ( 'NONE', #1508, #919 ) ;
#1065 = ORIENTED_EDGE ( 'NONE', *, *, #293, .F. ) ;
#1066 = EDGE_CURVE ( 'NONE', #1544, #1630, #1095, .T. ) ;
#1067 = DIRECTION ( 'NONE',  ( 0.000000000000000000, 0.000000000000000000, 1.000000000000000000 ) ) ;
#1068 = CARTESIAN_POINT ( 'NONE',  ( 28.05000000000000426, 37.20000000000000284, -25.60000000000000497 ) ) ;
#1069 = EDGE_LOOP ( 'NONE', ( #977, #1614, #1651, #200 ) ) ;
#1070 = CARTESIAN_POINT ( 'NONE',  ( -5.000000000000000000, 2.999999999999999112, -61.50000000000000000 ) ) ;
#1071 = EDGE_CURVE ( 'NONE', #1412, #892, #1795, .T. ) ;
#1072 = CARTESIAN_POINT ( 'NONE',  ( -4.999999999999993783, 0.9999999999999911182, -24.99999999999999645 ) ) ;
#1073 = VECTOR ( 'NONE', #756, 1000.000000000000000 ) ;
#1074 = CARTESIAN_POINT ( 'NONE',  ( -5.000000000000000000, -1.301042606982605321E-15, -3.500000000000002220 ) ) ;
#1075 = VERTEX_POINT ( 'NONE', #1694 ) ;
#1076 = PLANE ( 'NONE',  #693 ) ;
#1077 = CARTESIAN_POINT ( 'NONE',  ( 2.000000000000000000, 25.19999999999999929, -85.00000000000000000 ) ) ;
#1078 = ORIENTED_EDGE ( 'NONE', *, *, #1271, .F. ) ;
#1079 = VECTOR ( 'NONE', #356, 1000.000000000000000 ) ;
#1080 = LINE ( 'NONE', #1816, #275 ) ;
#1081 = AXIS2_PLACEMENT_3D ( 'NONE', #1072, #1105, #360 ) ;
#1082 = DIRECTION ( 'NONE',  ( -0.000000000000000000, 1.000000000000000000, -0.000000000000000000 ) ) ;
#1083 = VECTOR ( 'NONE', #167, 1000.000000000000000 ) ;
#1084 = VECTOR ( 'NONE', #97, 1000.000000000000000 ) ;
#1085 = CARTESIAN_POINT ( 'NONE',  ( -4.999999999999996447, 2.999999999999999556, -48.50000000000001421 ) ) ;
#1086 = EDGE_CURVE ( 'NONE', #1310, #309, #398, .T. ) ;
#1087 = ORIENTED_EDGE ( 'NONE', *, *, #87, .T. ) ;
#1088 = ORIENTED_EDGE ( 'NONE', *, *, #611, .F. ) ;
#1089 = DIRECTION ( 'NONE',  ( -0.000000000000000000, 1.000000000000000000, -0.000000000000000000 ) ) ;
#1090 = DIRECTION ( 'NONE',  ( 1.000000000000000000, 1.720955829342070579E-17, -0.000000000000000000 ) ) ;
#1091 = LINE ( 'NONE', #1243, #1882 ) ;
#1092 = ORIENTED_EDGE ( 'NONE', *, *, #79, .T. ) ;
#1093 = CIRCLE ( 'NONE', #1403, 1.500000000000004885 ) ;
#1094 = ADVANCED_FACE ( 'NONE', ( #214, #1805, #509, #1130, #1004 ), #1720, .T. ) ;
#1095 = LINE ( 'NONE', #385, #1097 ) ;
#1096 = DIRECTION ( 'NONE',  ( 0.000000000000000000, -1.000000000000000000, 0.000000000000000000 ) ) ;
#1097 = VECTOR ( 'NONE', #1404, 1000.000000000000000 ) ;
#1098 = CARTESIAN_POINT ( 'NONE',  ( 56.10000000000001563, -1.301042606982605321E-15, -23.49999999999999645 ) ) ;
#1099 = EDGE_CURVE ( 'NONE', #597, #1676, #127, .T. ) ;
#1100 = ORIENTED_EDGE ( 'NONE', *, *, #307, .F. ) ;
#1101 = CARTESIAN_POINT ( 'NONE',  ( 56.10000000000001563, 3.000000000000000000, -25.00000000000000000 ) ) ;
#1102 = EDGE_CURVE ( 'NONE', #1676, #1412, #829, .T. ) ;
#1103 = DIRECTION ( 'NONE',  ( -0.000000000000000000, 1.000000000000000000, -0.000000000000000000 ) ) ;
#1104 = VECTOR ( 'NONE', #1039, 1000.000000000000000 ) ;
#1105 = DIRECTION ( 'NONE',  ( 0.000000000000000000, 1.000000000000000000, 0.000000000000000000 ) ) ;
#1106 = CARTESIAN_POINT ( 'NONE',  ( 0.000000000000000000, 27.20000000000000284, 0.000000000000000000 ) ) ;
#1107 = AXIS2_PLACEMENT_3D ( 'NONE', #468, #29, #1519 ) ;
#1108 = ORIENTED_EDGE ( 'NONE', *, *, #1378, .T. ) ;
#1109 = DIRECTION ( 'NONE',  ( 0.000000000000000000, 0.000000000000000000, -1.000000000000000000 ) ) ;
#1110 = DIRECTION ( 'NONE',  ( 0.000000000000000000, 0.7071067811865484609, 0.7071067811865465735 ) ) ;
#1111 = EDGE_CURVE ( 'NONE', #1732, #278, #1683, .T. ) ;
#1112 = ORIENTED_EDGE ( 'NONE', *, *, #1289, .T. ) ;
#1113 = VECTOR ( 'NONE', #959, 1000.000000000000000 ) ;
#1114 = CARTESIAN_POINT ( 'NONE',  ( 56.10000000000001563, 0.9999999999999956701, -45.00000000000000000 ) ) ;
#1115 = ORGANIZATION ( 'UNSPECIFIED', 'UNSPECIFIED', '' ) ;
#1116 = PLANE ( 'NONE',  #308 ) ;
#1117 = EDGE_LOOP ( 'NONE', ( #1743, #1820 ) ) ;
#1118 = CALENDAR_DATE ( 2026, 13, 5 ) ;
#1119 = CARTESIAN_POINT ( 'NONE',  ( 56.10000000000001563, -1.301042606982605321E-15, -5.000000000000000888 ) ) ;
#1120 = VECTOR ( 'NONE', #841, 1000.000000000000000 ) ;
#1121 = CARTESIAN_POINT ( 'NONE',  ( 51.10000000000000853, 37.20000000000000284, -85.00000000000000000 ) ) ;
#1122 = ORIENTED_EDGE ( 'NONE', *, *, #1155, .F. ) ;
#1123 = FACE_OUTER_BOUND ( 'NONE', #1126, .T. ) ;
#1124 = CARTESIAN_POINT ( 'NONE',  ( 0.000000000000000000, 27.20000000000000284, -24.60000000000000497 ) ) ;
#1125 = LINE ( 'NONE', #980, #671 ) ;
#1126 = EDGE_LOOP ( 'NONE', ( #1794, #1149, #283, #1586 ) ) ;
#1127 = DATE_AND_TIME ( #1118, #1848 ) ;
#1128 = DIRECTION ( 'NONE',  ( -0.000000000000000000, 1.000000000000000000, -0.000000000000000000 ) ) ;
#1129 = ADVANCED_FACE ( 'NONE', ( #1730 ), #291, .F. ) ;
#1130 = FACE_BOUND ( 'NONE', #645, .T. ) ;
#1131 = CIRCLE ( 'NONE', #1215, 1.500000000000001332 ) ;
#1132 = ORIENTED_EDGE ( 'NONE', *, *, #5, .T. ) ;
#1133 = EDGE_CURVE ( 'NONE', #318, #1174, #548, .T. ) ;
#1134 = CARTESIAN_POINT ( 'NONE',  ( -5.000000000000000000, -1.301042606982605321E-15, -65.00000000000000000 ) ) ;
#1135 = PLANE ( 'NONE',  #1455 ) ;
#1136 = DIRECTION ( 'NONE',  ( 0.000000000000000000, 0.000000000000000000, 1.000000000000000000 ) ) ;
#1137 = ORIENTED_EDGE ( 'NONE', *, *, #777, .T. ) ;
#1138 = VERTEX_POINT ( 'NONE', #1419 ) ;
#1139 = DIRECTION ( 'NONE',  ( 0.000000000000000000, 0.000000000000000000, -1.000000000000000000 ) ) ;
#1140 = ORIENTED_EDGE ( 'NONE', *, *, #1786, .T. ) ;
#1141 = DIRECTION ( 'NONE',  ( 0.000000000000000000, 0.000000000000000000, 1.000000000000000000 ) ) ;
#1142 = EDGE_CURVE ( 'NONE', #219, #1449, #1494, .T. ) ;
#1143 = DIRECTION ( 'NONE',  ( 1.000000000000000000, 0.000000000000000000, 0.000000000000000000 ) ) ;
#1144 = AXIS2_PLACEMENT_3D ( 'NONE', #827, #537, #1711 ) ;
#1145 = ORIENTED_EDGE ( 'NONE', *, *, #217, .T. ) ;
#1146 = LOCAL_TIME ( 13, 31, 35.00000000000000000, #610 ) ;
#1147 = CARTESIAN_POINT ( 'NONE',  ( 56.10000000000001563, -1.301042606982605321E-15, -63.50000000000000000 ) ) ;
#1148 = APPROVAL ( #620, 'UNSPECIFIED' ) ;
#1149 = ORIENTED_EDGE ( 'NONE', *, *, #1289, .F. ) ;
#1150 = CARTESIAN_POINT ( 'NONE',  ( -5.000000000000000000, 0.9999999999999767963, -5.000000000000002665 ) ) ;
#1151 = VECTOR ( 'NONE', #1503, 1000.000000000000000 ) ;
#1152 = AXIS2_PLACEMENT_3D ( 'NONE', #1616, #340, #631 ) ;
#1153 = DIRECTION ( 'NONE',  ( 8.659560562354921765E-17, 0.7071067811865484609, -0.7071067811865465735 ) ) ;
#1154 = ORIENTED_EDGE ( 'NONE', *, *, #447, .F. ) ;
#1155 = EDGE_CURVE ( 'NONE', #892, #1031, #1003, .T. ) ;
#1156 = VECTOR ( 'NONE', #1103, 1000.000000000000000 ) ;
#1157 = CYLINDRICAL_SURFACE ( 'NONE', #1584, 1.500000000000001332 ) ;
#1158 = ORIENTED_EDGE ( 'NONE', *, *, #1294, .T. ) ;
#1159 = ADVANCED_FACE ( 'NONE', ( #1567 ), #1304, .F. ) ;
#1160 = DIRECTION ( 'NONE',  ( 0.000000000000000000, 0.000000000000000000, -1.000000000000000000 ) ) ;
#1161 = ADVANCED_FACE ( 'NONE', ( #1713 ), #1157, .F. ) ;
#1162 = DIRECTION ( 'NONE',  ( -0.000000000000000000, 0.000000000000000000, 1.000000000000000000 ) ) ;
#1163 = ORIENTED_EDGE ( 'NONE', *, *, #928, .T. ) ;
#1164 = LINE ( 'NONE', #628, #931 ) ;
#1165 = ORIENTED_EDGE ( 'NONE', *, *, #1839, .F. ) ;
#1166 = ADVANCED_FACE ( 'NONE', ( #1430 ), #1826, .F. ) ;
#1167 = DIRECTION ( 'NONE',  ( 0.000000000000000000, -1.000000000000000000, 0.000000000000000000 ) ) ;
#1168 = CARTESIAN_POINT ( 'NONE',  ( 56.10000000000001563, -1.301042606982605321E-15, -5.000000000000000888 ) ) ;
#1169 = VECTOR ( 'NONE', #1869, 1000.000000000000000 ) ;
#1170 = VERTEX_POINT ( 'NONE', #1121 ) ;
#1171 = AXIS2_PLACEMENT_3D ( 'NONE', #1179, #349, #321 ) ;
#1172 = ORIENTED_EDGE ( 'NONE', *, *, #1607, .T. ) ;
#1173 = CARTESIAN_POINT ( 'NONE',  ( 49.10000000000000142, 25.20000000000000639, -85.00000000000000000 ) ) ;
#1174 = VERTEX_POINT ( 'NONE', #409 ) ;
#1175 = VECTOR ( 'NONE', #1351, 1000.000000000000000 ) ;
#1176 =( NAMED_UNIT ( * ) PLANE_ANGLE_UNIT ( ) SI_UNIT ( $, .RADIAN. ) );
#1177 = VECTOR ( 'NONE', #949, 1000.000000000000000 ) ;
#1178 = DIRECTION ( 'NONE',  ( 0.000000000000000000, 1.000000000000000000, 0.000000000000000000 ) ) ;
#1179 = CARTESIAN_POINT ( 'NONE',  ( 56.10000000000001563, 0.9999999999999956701, -5.000000000000000888 ) ) ;
#1180 = ORIENTED_EDGE ( 'NONE', *, *, #103, .F. ) ;
#1181 = CARTESIAN_POINT ( 'NONE',  ( 23.05000000000000782, 37.20000000000000284, -27.60000000000000497 ) ) ;
#1182 = ORIENTED_EDGE ( 'NONE', *, *, #1426, .T. ) ;
#1183 = VECTOR ( 'NONE', #390, 1000.000000000000000 ) ;
#1184 = ADVANCED_FACE ( 'NONE', ( #708 ), #273, .F. ) ;
#1185 = APPROVAL_ROLE ( '' ) ;
#1186 = LINE ( 'NONE', #782, #182 ) ;
#1187 = CARTESIAN_POINT ( 'NONE',  ( 49.10000000000000142, 0.000000000000000000, 0.000000000000000000 ) ) ;
#1188 = CARTESIAN_POINT ( 'NONE',  ( -4.999999999999993783, -1.301042606982605321E-15, -23.49999999999999645 ) ) ;
#1189 = AXIS2_PLACEMENT_3D ( 'NONE', #1788, #754, #494 ) ;
#1190 = VERTEX_POINT ( 'NONE', #975 ) ;
#1191 = DIRECTION ( 'NONE',  ( 0.000000000000000000, 0.000000000000000000, 1.000000000000000000 ) ) ;
#1192 = DIRECTION ( 'NONE',  ( 0.000000000000000000, 1.000000000000000000, 0.000000000000000000 ) ) ;
#1193 = VERTEX_POINT ( 'NONE', #1441 ) ;
#1194 = CARTESIAN_POINT ( 'NONE',  ( 56.10000000000001563, -1.301042606982605321E-15, -3.499999999999996891 ) ) ;
#1195 = DIRECTION ( 'NONE',  ( 0.000000000000000000, 0.000000000000000000, 1.000000000000000000 ) ) ;
#1196 = DIRECTION ( 'NONE',  ( 0.000000000000000000, 1.000000000000000000, 0.000000000000000000 ) ) ;
#1197 = VERTEX_POINT ( 'NONE', #1284 ) ;
#1198 = CARTESIAN_POINT ( 'NONE',  ( -3.712529222472657432E-15, 25.19999999999999929, -85.00000000000000000 ) ) ;
#1199 = CARTESIAN_POINT ( 'NONE',  ( 61.10000000000001563, 3.000000000000000000, -70.00000000000000000 ) ) ;
#1200 = VERTEX_POINT ( 'NONE', #282 ) ;
#1201 = DIRECTION ( 'NONE',  ( 0.000000000000000000, 0.000000000000000000, 1.000000000000000000 ) ) ;
#1202 = DESIGN_CONTEXT ( 'detailed design', #1678, 'design' ) ;
#1203 = LINE ( 'NONE', #1187, #533 ) ;
#1204 = EDGE_CURVE ( 'NONE', #922, #865, #860, .T. ) ;
#1205 = FACE_OUTER_BOUND ( 'NONE', #1069, .T. ) ;
#1206 = VERTEX_POINT ( 'NONE', #1558 ) ;
#1207 = AXIS2_PLACEMENT_3D ( 'NONE', #1814, #657, #1803 ) ;
#1208 = CARTESIAN_POINT ( 'NONE',  ( 56.10000000000001563, 0.9999999999999956701, -5.000000000000000888 ) ) ;
#1209 = FACE_OUTER_BOUND ( 'NONE', #1452, .T. ) ;
#1210 = ORIENTED_EDGE ( 'NONE', *, *, #1866, .T. ) ;
#1211 = CARTESIAN_POINT ( 'NONE',  ( 56.10000000000001563, 3.000000000000000000, -68.50000000000000000 ) ) ;
#1212 = CARTESIAN_POINT ( 'NONE',  ( 51.10000000000000853, 27.20000000000000284, -27.59999999999999787 ) ) ;
#1213 = EDGE_CURVE ( 'NONE', #1536, #1371, #575, .T. ) ;
#1214 = LINE ( 'NONE', #1546, #788 ) ;
#1215 = AXIS2_PLACEMENT_3D ( 'NONE', #1114, #1696, #144 ) ;
#1216 = EDGE_LOOP ( 'NONE', ( #453, #1032, #1363, #1511 ) ) ;
#1217 = ORIENTED_EDGE ( 'NONE', *, *, #1669, .F. ) ;
#1218 = DIRECTION ( 'NONE',  ( 1.000000000000000000, 0.000000000000000000, -1.357904873563058254E-16 ) ) ;
#1219 = DIRECTION ( 'NONE',  ( 0.000000000000000000, 0.000000000000000000, -1.000000000000000000 ) ) ;
#1220 = VERTEX_POINT ( 'NONE', #1864 ) ;
#1221 = CARTESIAN_POINT ( 'NONE',  ( 51.10000000000000853, 37.20000000000000284, -85.00000000000000000 ) ) ;
#1222 = EDGE_CURVE ( 'NONE', #1490, #922, #556, .T. ) ;
#1223 = CARTESIAN_POINT ( 'NONE',  ( 49.10000000000000142, 0.000000000000000000, -85.00000000000000000 ) ) ;
#1224 = ORIENTED_EDGE ( 'NONE', *, *, #1235, .F. ) ;
#1225 = CARTESIAN_POINT ( 'NONE',  ( -4.999999999999993783, -1.301042606982605321E-15, -26.50000000000000000 ) ) ;
#1226 = VERTEX_POINT ( 'NONE', #1199 ) ;
#1227 = ORIENTED_EDGE ( 'NONE', *, *, #40, .T. ) ;
#1228 = EDGE_CURVE ( 'NONE', #1888, #1197, #1034, .T. ) ;
#1229 = PERSON_AND_ORGANIZATION ( #111, #1115 ) ;
#1230 = PLANE ( 'NONE',  #926 ) ;
#1231 = DIRECTION ( 'NONE',  ( 0.000000000000000000, -1.000000000000000000, 0.000000000000000000 ) ) ;
#1232 = VERTEX_POINT ( 'NONE', #871 ) ;
#1233 = DIRECTION ( 'NONE',  ( 0.000000000000000000, 0.000000000000000000, 1.000000000000000000 ) ) ;
#1234 = CIRCLE ( 'NONE', #898, 1.500000000000000444 ) ;
#1235 = EDGE_CURVE ( 'NONE', #1015, #499, #488, .T. ) ;
#1236 = FACE_OUTER_BOUND ( 'NONE', #742, .T. ) ;
#1237 = PRODUCT_DEFINITION_FORMATION_WITH_SPECIFIED_SOURCE ( 'ANY', '', #1035, .NOT_KNOWN. ) ;
#1238 = AXIS2_PLACEMENT_3D ( 'NONE', #500, #1376, #1365 ) ;
#1239 = CARTESIAN_POINT ( 'NONE',  ( -10.00000000000000000, 2.999999999999998668, -70.00000000000000000 ) ) ;
#1240 = ORIENTED_EDGE ( 'NONE', *, *, #1298, .F. ) ;
#1241 = CARTESIAN_POINT ( 'NONE',  ( 23.05000000000000782, 27.20000000000000284, -27.60000000000000497 ) ) ;
#1242 = CARTESIAN_POINT ( 'NONE',  ( 0.000000000000000000, 0.000000000000000000, 0.000000000000000000 ) ) ;
#1243 = CARTESIAN_POINT ( 'NONE',  ( -10.00000000000000000, 0.000000000000000000, -70.00000000000000000 ) ) ;
#1244 = CONICAL_SURFACE ( 'NONE', #905, 1.500000000000001332, 0.7853981633974469467 ) ;
#1245 = LINE ( 'NONE', #1221, #1084 ) ;
#1246 = ADVANCED_FACE ( 'NONE', ( #608 ), #209, .F. ) ;
#1247 = DIRECTION ( 'NONE',  ( -1.000000000000000000, 0.000000000000000000, 1.357904873563058254E-16 ) ) ;
#1248 = AXIS2_PLACEMENT_3D ( 'NONE', #1855, #1873, #1411 ) ;
#1249 = DIRECTION ( 'NONE',  ( 0.000000000000000000, 0.000000000000000000, 1.000000000000000000 ) ) ;
#1250 = ORIENTED_EDGE ( 'NONE', *, *, #569, .T. ) ;
#1251 = VERTEX_POINT ( 'NONE', #1181 ) ;
#1252 = EDGE_CURVE ( 'NONE', #1197, #292, #470, .T. ) ;
#1253 = CARTESIAN_POINT ( 'NONE',  ( -5.000000000000000000, -1.301042606982605321E-15, -65.00000000000000000 ) ) ;
#1254 = CARTESIAN_POINT ( 'NONE',  ( 56.10000000000001563, 0.9999999999999956701, -65.00000000000000000 ) ) ;
#1255 = VERTEX_POINT ( 'NONE', #1314 ) ;
#1256 = VECTOR ( 'NONE', #603, 1000.000000000000000 ) ;
#1257 = CARTESIAN_POINT ( 'NONE',  ( 56.10000000000001563, 3.000000000000000000, -5.000000000000000888 ) ) ;
#1258 = LINE ( 'NONE', #89, #459 ) ;
#1259 = ORIENTED_EDGE ( 'NONE', *, *, #1647, .T. ) ;
#1260 = ORIENTED_EDGE ( 'NONE', *, *, #202, .F. ) ;
#1261 = DIRECTION ( 'NONE',  ( 0.000000000000000000, 1.000000000000000000, 0.000000000000000000 ) ) ;
#1262 = DIRECTION ( 'NONE',  ( 0.000000000000000000, 1.000000000000000000, 0.000000000000000000 ) ) ;
#1263 = ORIENTED_EDGE ( 'NONE', *, *, #600, .F. ) ;
#1264 = AXIS2_PLACEMENT_3D ( 'NONE', #759, #769, #497 ) ;
#1265 = AXIS2_PLACEMENT_3D ( 'NONE', #1538, #240, #1827 ) ;
#1266 = DIRECTION ( 'NONE',  ( 0.000000000000000000, 1.000000000000000000, -0.000000000000000000 ) ) ;
#1267 = APPROVAL_PERSON_ORGANIZATION ( #1481, #404, #1185 ) ;
#1268 = CARTESIAN_POINT ( 'NONE',  ( -5.000000000000000000, 0.9999999999999915623, -66.50000000000000000 ) ) ;
#1269 = VECTOR ( 'NONE', #907, 1000.000000000000000 ) ;
#1270 = ORIENTED_EDGE ( 'NONE', *, *, #176, .T. ) ;
#1271 = EDGE_CURVE ( 'NONE', #1206, #1480, #1784, .T. ) ;
#1272 = SECURITY_CLASSIFICATION_LEVEL ( 'unclassified' ) ;
#1273 = CARTESIAN_POINT ( 'NONE',  ( -4.999999999999996447, -1.301042606982605321E-15, -43.50000000000000000 ) ) ;
#1274 = VECTOR ( 'NONE', #1399, 1000.000000000000000 ) ;
#1275 = EDGE_CURVE ( 'NONE', #1371, #757, #1463, .T. ) ;
#1276 = DIRECTION ( 'NONE',  ( 0.000000000000000000, 1.000000000000000000, -0.000000000000000000 ) ) ;
#1277 = ORIENTED_EDGE ( 'NONE', *, *, #1697, .F. ) ;
#1278 = LINE ( 'NONE', #852, #280 ) ;
#1279 = DIRECTION ( 'NONE',  ( 0.000000000000000000, 0.7071067811865462405, 0.7071067811865489050 ) ) ;
#1280 = LINE ( 'NONE', #120, #1151 ) ;
#1281 = ORIENTED_EDGE ( 'NONE', *, *, #1453, .F. ) ;
#1282 = COORDINATED_UNIVERSAL_TIME_OFFSET ( 1, 0, .AHEAD. ) ;
#1283 = FACE_OUTER_BOUND ( 'NONE', #223, .T. ) ;
#1284 = CARTESIAN_POINT ( 'NONE',  ( 28.05000000000000426, 27.20000000000000284, -25.60000000000000497 ) ) ;
#1285 = CIRCLE ( 'NONE', #649, 1.500000000000001332 ) ;
#1286 = ORIENTED_EDGE ( 'NONE', *, *, #615, .T. ) ;
#1287 = DIRECTION ( 'NONE',  ( 1.301042606982605567E-16, -1.000000000000000000, -0.000000000000000000 ) ) ;
#1288 = VECTOR ( 'NONE', #1460, 1000.000000000000000 ) ;
#1289 = EDGE_CURVE ( 'NONE', #1193, #946, #1603, .T. ) ;
#1290 = LINE ( 'NONE', #721, #230 ) ;
#1291 = FACE_OUTER_BOUND ( 'NONE', #1464, .T. ) ;
#1292 = EDGE_LOOP ( 'NONE', ( #416, #1574, #609, #365 ) ) ;
#1293 = EDGE_LOOP ( 'NONE', ( #439, #1250 ) ) ;
#1294 = EDGE_CURVE ( 'NONE', #1305, #513, #189, .T. ) ;
#1295 = DIRECTION ( 'NONE',  ( -1.000000000000000000, -1.239088197126284900E-16, 0.000000000000000000 ) ) ;
#1296 = VERTEX_POINT ( 'NONE', #478 ) ;
#1297 = DIRECTION ( 'NONE',  ( 0.000000000000000000, 1.000000000000000000, 0.000000000000000000 ) ) ;
#1298 = EDGE_CURVE ( 'NONE', #797, #745, #1340, .T. ) ;
#1299 = CARTESIAN_POINT ( 'NONE',  ( -4.999999999999996447, 2.999999999999999556, -45.00000000000000000 ) ) ;
#1300 = ORIENTED_EDGE ( 'NONE', *, *, #553, .F. ) ;
#1301 = AXIS2_PLACEMENT_3D ( 'NONE', #790, #1621, #325 ) ;
#1302 = VERTEX_POINT ( 'NONE', #878 ) ;
#1303 = EDGE_CURVE ( 'NONE', #1457, #140, #1051, .T. ) ;
#1304 = PLANE ( 'NONE',  #285 ) ;
#1305 = VERTEX_POINT ( 'NONE', #1043 ) ;
#1306 = EDGE_CURVE ( 'NONE', #1200, #1015, #1164, .T. ) ;
#1307 = FACE_OUTER_BOUND ( 'NONE', #1611, .T. ) ;
#1308 = CONICAL_SURFACE ( 'NONE', #1207, 1.500000000000001332, 0.7853981633974469467 ) ;
#1309 = FACE_OUTER_BOUND ( 'NONE', #1520, .T. ) ;
#1310 = VERTEX_POINT ( 'NONE', #300 ) ;
#1311 = ORIENTED_EDGE ( 'NONE', *, *, #1303, .T. ) ;
#1312 = ORIENTED_EDGE ( 'NONE', *, *, #1013, .T. ) ;
#1313 = EDGE_CURVE ( 'NONE', #723, #140, #452, .T. ) ;
#1314 = CARTESIAN_POINT ( 'NONE',  ( 2.000000000000000444, 0.000000000000000000, -85.00000000000000000 ) ) ;
#1315 = ORIENTED_EDGE ( 'NONE', *, *, #1647, .F. ) ;
#1316 = DIRECTION ( 'NONE',  ( -1.000000000000000000, -1.239088197126289338E-16, 0.000000000000000000 ) ) ;
#1317 = FACE_BOUND ( 'NONE', #379, .T. ) ;
#1318 = ORIENTED_EDGE ( 'NONE', *, *, #79, .F. ) ;
#1319 = ORIENTED_EDGE ( 'NONE', *, *, #1204, .T. ) ;
#1320 = DIRECTION ( 'NONE',  ( 0.000000000000000000, 0.7071067811865484609, 0.7071067811865465735 ) ) ;
#1321 = EDGE_LOOP ( 'NONE', ( #149, #1263, #1137, #925, #1140, #1158, #218, #1240, #563, #7, #92, #1065 ) ) ;
#1322 = DIRECTION ( 'NONE',  ( -1.000000000000000000, 0.000000000000000000, 1.357904873563058254E-16 ) ) ;
#1323 = CARTESIAN_POINT ( 'NONE',  ( 0.000000000000000000, 0.000000000000000000, -85.00000000000000000 ) ) ;
#1324 = CIRCLE ( 'NONE', #1021, 3.500000000000003109 ) ;
#1325 = CARTESIAN_POINT ( 'NONE',  ( 23.05000000000000782, 27.20000000000000284, -25.60000000000000497 ) ) ;
#1326 = ADVANCED_FACE ( 'NONE', ( #1605 ), #748, .F. ) ;
#1327 =( GEOMETRIC_REPRESENTATION_CONTEXT ( 3 ) GLOBAL_UNCERTAINTY_ASSIGNED_CONTEXT ( ( #145 ) ) GLOBAL_UNIT_ASSIGNED_CONTEXT ( ( #80, #1176, #1053 ) ) REPRESENTATION_CONTEXT ( 'NONE', 'WORKASPACE' ) );
#1328 = FACE_OUTER_BOUND ( 'NONE', #572, .T. ) ;
#1329 = ORIENTED_EDGE ( 'NONE', *, *, #505, .T. ) ;
#1330 = AXIS2_PLACEMENT_3D ( 'NONE', #887, #760, #596 ) ;
#1331 = ADVANCED_FACE ( 'NONE', ( #741 ), #1424, .F. ) ;
#1332 = DIRECTION ( 'NONE',  ( 0.000000000000000000, 0.000000000000000000, -1.000000000000000000 ) ) ;
#1333 = VECTOR ( 'NONE', #1637, 1000.000000000000000 ) ;
#1334 = DIRECTION ( 'NONE',  ( 0.000000000000000000, 0.000000000000000000, 1.000000000000000000 ) ) ;
#1335 = LINE ( 'NONE', #1323, #1256 ) ;
#1336 = VECTOR ( 'NONE', #1759, 1000.000000000000000 ) ;
#1337 = CARTESIAN_POINT ( 'NONE',  ( 56.10000000000001563, 0.9999999999999956701, -45.00000000000000000 ) ) ;
#1338 = ORIENTED_EDGE ( 'NONE', *, *, #1378, .F. ) ;
#1339 = CARTESIAN_POINT ( 'NONE',  ( -4.999999999999993783, -1.301042606982605321E-15, -24.99999999999999645 ) ) ;
#1340 = LINE ( 'NONE', #1471, #1083 ) ;
#1341 = EDGE_LOOP ( 'NONE', ( #1358, #180 ) ) ;
#1342 = PERSON_AND_ORGANIZATION ( #111, #1115 ) ;
#1343 = ORIENTED_EDGE ( 'NONE', *, *, #1111, .F. ) ;
#1344 = LINE ( 'NONE', #456, #607 ) ;
#1345 = DIRECTION ( 'NONE',  ( -0.000000000000000000, 1.000000000000000000, -0.000000000000000000 ) ) ;
#1346 = DIRECTION ( 'NONE',  ( 0.000000000000000000, 0.000000000000000000, 1.000000000000000000 ) ) ;
#1347 = CIRCLE ( 'NONE', #1833, 3.500000000000017764 ) ;
#1348 = ORIENTED_EDGE ( 'NONE', *, *, #1355, .T. ) ;
#1349 = CC_DESIGN_DATE_AND_TIME_ASSIGNMENT ( #170, #1615, ( #652 ) ) ;
#1350 = DIRECTION ( 'NONE',  ( 8.659560562354950115E-17, 0.7071067811865462405, -0.7071067811865489050 ) ) ;
#1351 = DIRECTION ( 'NONE',  ( -0.000000000000000000, 1.000000000000000000, -0.000000000000000000 ) ) ;
#1352 = ORIENTED_EDGE ( 'NONE', *, *, #95, .T. ) ;
#1353 = DIRECTION ( 'NONE',  ( -0.000000000000000000, 1.000000000000000000, -0.000000000000000000 ) ) ;
#1354 = CIRCLE ( 'NONE', #449, 1.500000000000001332 ) ;
#1355 = EDGE_CURVE ( 'NONE', #78, #825, #770, .T. ) ;
#1356 = DIRECTION ( 'NONE',  ( 0.000000000000000000, 0.000000000000000000, 1.000000000000000000 ) ) ;
#1357 = APPLICATION_CONTEXT ( 'configuration controlled 3d designs of mechanical parts and assemblies' ) ;
#1358 = ORIENTED_EDGE ( 'NONE', *, *, #447, .T. ) ;
#1359 = CIRCLE ( 'NONE', #543, 1.500000000000001332 ) ;
#1360 = DIRECTION ( 'NONE',  ( 1.000000000000000000, 1.473225881933594055E-16, 0.000000000000000000 ) ) ;
#1361 = CARTESIAN_POINT ( 'NONE',  ( 56.10000000000001563, 3.000000000000000000, -45.00000000000000000 ) ) ;
#1362 = ADVANCED_FACE ( 'NONE', ( #1328 ), #821, .F. ) ;
#1363 = ORIENTED_EDGE ( 'NONE', *, *, #271, .T. ) ;
#1364 = EDGE_CURVE ( 'NONE', #318, #1190, #1402, .T. ) ;
#1365 = DIRECTION ( 'NONE',  ( 0.000000000000000000, 0.000000000000000000, 1.000000000000000000 ) ) ;
#1366 = AXIS2_PLACEMENT_3D ( 'NONE', #1739, #445, #698 ) ;
#1367 = ADVANCED_FACE ( 'NONE', ( #647 ), #1308, .F. ) ;
#1368 = VECTOR ( 'NONE', #1852, 1000.000000000000000 ) ;
#1369 = CARTESIAN_POINT ( 'NONE',  ( 0.000000000000000000, 37.20000000000000284, -24.60000000000000497 ) ) ;
#1370 = LINE ( 'NONE', #1628, #1595 ) ;
#1371 = VERTEX_POINT ( 'NONE', #1534 ) ;
#1372 = ORIENTED_EDGE ( 'NONE', *, *, #828, .F. ) ;
#1373 = CARTESIAN_POINT ( 'NONE',  ( 0.000000000000000000, 0.000000000000000000, -85.00000000000000000 ) ) ;
#1374 = DIRECTION ( 'NONE',  ( 0.000000000000000000, -1.000000000000000000, 0.000000000000000000 ) ) ;
#1375 = ORIENTED_EDGE ( 'NONE', *, *, #1271, .T. ) ;
#1376 = DIRECTION ( 'NONE',  ( -0.000000000000000000, 1.000000000000000000, -0.000000000000000000 ) ) ;
#1377 = DIRECTION ( 'NONE',  ( 0.000000000000000000, -0.000000000000000000, -1.000000000000000000 ) ) ;
#1378 = EDGE_CURVE ( 'NONE', #745, #358, #1280, .T. ) ;
#1379 = FACE_OUTER_BOUND ( 'NONE', #1747, .T. ) ;
#1380 = AXIS2_PLACEMENT_3D ( 'NONE', #862, #978, #586 ) ;
#1381 = ORIENTED_EDGE ( 'NONE', *, *, #163, .T. ) ;
#1382 = ORIENTED_EDGE ( 'NONE', *, *, #1701, .T. ) ;
#1383 = CARTESIAN_POINT ( 'NONE',  ( 61.10000000000000853, 0.000000000000000000, -70.00000000000000000 ) ) ;
#1384 = CARTESIAN_POINT ( 'NONE',  ( 56.10000000000001563, 0.9999999999999956701, -65.00000000000000000 ) ) ;
#1385 = CARTESIAN_POINT ( 'NONE',  ( 0.000000000000000000, 37.20000000000000284, -24.60000000000000497 ) ) ;
#1386 = VERTEX_POINT ( 'NONE', #211 ) ;
#1387 = LINE ( 'NONE', #1835, #1728 ) ;
#1388 = FACE_BOUND ( 'NONE', #726, .T. ) ;
#1389 = DIRECTION ( 'NONE',  ( -0.000000000000000000, 1.000000000000000000, -0.000000000000000000 ) ) ;
#1390 = ORIENTED_EDGE ( 'NONE', *, *, #767, .F. ) ;
#1391 = ORIENTED_EDGE ( 'NONE', *, *, #154, .F. ) ;
#1392 = EDGE_CURVE ( 'NONE', #499, #425, #581, .T. ) ;
#1393 = PLANE ( 'NONE',  #208 ) ;
#1394 = FACE_BOUND ( 'NONE', #1645, .T. ) ;
#1395 = LINE ( 'NONE', #520, #1156 ) ;
#1396 = VECTOR ( 'NONE', #1632, 1000.000000000000000 ) ;
#1397 = DIRECTION ( 'NONE',  ( 0.000000000000000000, 1.000000000000000000, 0.000000000000000000 ) ) ;
#1398 = VECTOR ( 'NONE', #328, 1000.000000000000000 ) ;
#1399 = DIRECTION ( 'NONE',  ( -0.000000000000000000, 1.000000000000000000, -0.000000000000000000 ) ) ;
#1400 = PERSON_AND_ORGANIZATION_ROLE ( 'creator' ) ;
#1401 = LINE ( 'NONE', #417, #1876 ) ;
#1402 = CIRCLE ( 'NONE', #338, 1.500000000000004885 ) ;
#1403 = AXIS2_PLACEMENT_3D ( 'NONE', #36, #191, #1334 ) ;
#1404 = DIRECTION ( 'NONE',  ( 0.000000000000000000, 1.000000000000000000, 0.000000000000000000 ) ) ;
#1405 = VERTEX_POINT ( 'NONE', #779 ) ;
#1406 = CARTESIAN_POINT ( 'NONE',  ( -4.999999999999993783, 0.9999999999999911182, -24.99999999999999645 ) ) ;
#1407 = DIRECTION ( 'NONE',  ( 0.000000000000000000, 0.7071067811865484609, 0.7071067811865465735 ) ) ;
#1408 = ORIENTED_EDGE ( 'NONE', *, *, #1470, .T. ) ;
#1409 = PERSON_AND_ORGANIZATION_ROLE ( 'design_supplier' ) ;
#1410 = LINE ( 'NONE', #546, #724 ) ;
#1411 = DIRECTION ( 'NONE',  ( 0.000000000000000000, 0.000000000000000000, 1.000000000000000000 ) ) ;
#1412 = VERTEX_POINT ( 'NONE', #811 ) ;
#1413 = ADVANCED_FACE ( 'NONE', ( #1644, #1394, #1562, #50, #236 ), #507, .F. ) ;
#1414 = DIRECTION ( 'NONE',  ( -0.000000000000000000, 1.000000000000000000, -0.000000000000000000 ) ) ;
#1415 = CARTESIAN_POINT ( 'NONE',  ( 56.10000000000001563, 3.000000000000000000, -25.00000000000000000 ) ) ;
#1416 = AXIS2_PLACEMENT_3D ( 'NONE', #1489, #333, #185 ) ;
#1417 = ORIENTED_EDGE ( 'NONE', *, *, #573, .F. ) ;
#1418 = DIRECTION ( 'NONE',  ( 0.000000000000000000, 1.000000000000000000, 0.000000000000000000 ) ) ;
#1419 = CARTESIAN_POINT ( 'NONE',  ( -10.00000000000000000, -1.224646799147353256E-15, -70.00000000000000000 ) ) ;
#1420 = VERTEX_POINT ( 'NONE', #1077 ) ;
#1421 = CYLINDRICAL_SURFACE ( 'NONE', #1796, 1.500000000000001332 ) ;
#1422 = DIRECTION ( 'NONE',  ( 0.000000000000000000, -0.000000000000000000, -1.000000000000000000 ) ) ;
#1423 = PLANE ( 'NONE',  #1661 ) ;
#1424 = CONICAL_SURFACE ( 'NONE', #602, 1.500000000000004885, 0.7853981633974469467 ) ;
#1425 = ORIENTED_EDGE ( 'NONE', *, *, #372, .F. ) ;
#1426 = EDGE_CURVE ( 'NONE', #597, #1462, #83, .T. ) ;
#1427 = SHAPE_DEFINITION_REPRESENTATION ( #168, #1836 ) ;
#1428 = AXIS2_PLACEMENT_3D ( 'NONE', #225, #373, #85 ) ;
#1429 = DIRECTION ( 'NONE',  ( -0.000000000000000000, -1.000000000000000000, -0.000000000000000000 ) ) ;
#1430 = FACE_OUTER_BOUND ( 'NONE', #207, .T. ) ;
#1431 = ORIENTED_EDGE ( 'NONE', *, *, #1701, .F. ) ;
#1432 = AXIS2_PLACEMENT_3D ( 'NONE', #889, #622, #1038 ) ;
#1433 = EDGE_CURVE ( 'NONE', #1830, #695, #1550, .T. ) ;
#1434 = DIRECTION ( 'NONE',  ( 0.000000000000000000, 1.000000000000000000, -0.000000000000000000 ) ) ;
#1435 = EDGE_CURVE ( 'NONE', #137, #1138, #1091, .T. ) ;
#1436 = CARTESIAN_POINT ( 'NONE',  ( -5.000000000000000000, 0.9999999999999767963, -3.500000000000002220 ) ) ;
#1437 = CARTESIAN_POINT ( 'NONE',  ( -3.903127820947815962E-16, 3.000000000000000000, 0.000000000000000000 ) ) ;
#1438 = AXIS2_PLACEMENT_3D ( 'NONE', #1587, #136, #105 ) ;
#1439 = ORIENTED_EDGE ( 'NONE', *, *, #700, .T. ) ;
#1440 = ORIENTED_EDGE ( 'NONE', *, *, #1426, .F. ) ;
#1441 = CARTESIAN_POINT ( 'NONE',  ( -5.000000000000000000, -1.301042606982605321E-15, -63.50000000000000000 ) ) ;
#1442 = EDGE_CURVE ( 'NONE', #630, #771, #1514, .T. ) ;
#1443 = FACE_OUTER_BOUND ( 'NONE', #18, .T. ) ;
#1444 = ADVANCED_FACE ( 'NONE', ( #1209 ), #1824, .F. ) ;
#1445 = CYLINDRICAL_SURFACE ( 'NONE', #1688, 1.500000000000003997 ) ;
#1446 = ORIENTED_EDGE ( 'NONE', *, *, #1213, .F. ) ;
#1447 = ORIENTED_EDGE ( 'NONE', *, *, #1306, .F. ) ;
#1448 = CARTESIAN_POINT ( 'NONE',  ( -3.903127820947815962E-16, 3.000000000000000000, -70.00000000000000000 ) ) ;
#1449 = VERTEX_POINT ( 'NONE', #61 ) ;
#1450 = CARTESIAN_POINT ( 'NONE',  ( -5.000000000000000000, -1.301042606982605321E-15, -65.00000000000000000 ) ) ;
#1451 = LINE ( 'NONE', #728, #1851 ) ;
#1452 = EDGE_LOOP ( 'NONE', ( #590, #158, #1381, #1709 ) ) ;
#1453 = EDGE_CURVE ( 'NONE', #1310, #1454, #970, .T. ) ;
#1454 = VERTEX_POINT ( 'NONE', #530 ) ;
#1455 = AXIS2_PLACEMENT_3D ( 'NONE', #297, #119, #704 ) ;
#1456 = CARTESIAN_POINT ( 'NONE',  ( 51.10000000000000853, 37.20000000000000284, -27.60000000000000497 ) ) ;
#1457 = VERTEX_POINT ( 'NONE', #199 ) ;
#1458 = CARTESIAN_POINT ( 'NONE',  ( 51.10000000000000853, 27.20000000000000284, 0.000000000000000000 ) ) ;
#1459 = CIRCLE ( 'NONE', #1486, 1.500000000000001332 ) ;
#1460 = DIRECTION ( 'NONE',  ( 0.000000000000000000, 0.7071067811865484609, 0.7071067811865465735 ) ) ;
#1461 = ORIENTED_EDGE ( 'NONE', *, *, #1102, .F. ) ;
#1462 = VERTEX_POINT ( 'NONE', #1793 ) ;
#1463 = LINE ( 'NONE', #1173, #305 ) ;
#1464 = EDGE_LOOP ( 'NONE', ( #1217, #1504, #1755, #1041 ) ) ;
#1465 = AXIS2_PLACEMENT_3D ( 'NONE', #1150, #261, #735 ) ;
#1466 = DIRECTION ( 'NONE',  ( -1.000000000000000000, 2.312964634635743056E-15, 0.000000000000000000 ) ) ;
#1467 = EDGE_CURVE ( 'NONE', #695, #1830, #1459, .T. ) ;
#1468 = DIRECTION ( 'NONE',  ( 0.000000000000000000, 0.000000000000000000, 1.000000000000000000 ) ) ;
#1469 = ORIENTED_EDGE ( 'NONE', *, *, #344, .F. ) ;
#1470 = EDGE_CURVE ( 'NONE', #1170, #1405, #1125, .T. ) ;
#1471 = CARTESIAN_POINT ( 'NONE',  ( 51.10000000000000853, 37.20000000000000284, -27.60000000000000497 ) ) ;
#1472 = EDGE_LOOP ( 'NONE', ( #870, #301, #867, #429 ) ) ;
#1473 = LINE ( 'NONE', #480, #577 ) ;
#1474 = LINE ( 'NONE', #1194, #374 ) ;
#1475 = CARTESIAN_POINT ( 'NONE',  ( 56.10000000000001563, -1.301042606982605321E-15, -6.500000000000005329 ) ) ;
#1476 = ORIENTED_EDGE ( 'NONE', *, *, #655, .T. ) ;
#1477 = CONICAL_SURFACE ( 'NONE', #482, 1.500000000000001332, 0.7853981633974469467 ) ;
#1478 = DIRECTION ( 'NONE',  ( 0.000000000000000000, 0.000000000000000000, 1.000000000000000000 ) ) ;
#1479 = CARTESIAN_POINT ( 'NONE',  ( 56.10000000000001563, 0.9999999999999956701, -25.00000000000000000 ) ) ;
#1480 = VERTEX_POINT ( 'NONE', #1068 ) ;
#1481 = PERSON_AND_ORGANIZATION ( #111, #1115 ) ;
#1482 = AXIS2_PLACEMENT_3D ( 'NONE', #1608, #1353, #1201 ) ;
#1483 = CARTESIAN_POINT ( 'NONE',  ( 56.10000000000001563, -1.301042606982605321E-15, -65.00000000000000000 ) ) ;
#1484 = EDGE_CURVE ( 'NONE', #278, #1732, #904, .T. ) ;
#1485 = LINE ( 'NONE', #1610, #1104 ) ;
#1486 = AXIS2_PLACEMENT_3D ( 'NONE', #937, #498, #1522 ) ;
#1487 = PRODUCT_RELATED_PRODUCT_CATEGORY ( 'detail', '', ( #1035 ) ) ;
#1488 = CIRCLE ( 'NONE', #758, 3.500000000000003997 ) ;
#1489 = CARTESIAN_POINT ( 'NONE',  ( -4.999999999999993783, 0.9999999999999915623, -24.99999999999999645 ) ) ;
#1490 = VERTEX_POINT ( 'NONE', #357 ) ;
#1491 = CYLINDRICAL_SURFACE ( 'NONE', #843, 1.500000000000001332 ) ;
#1492 = DIRECTION ( 'NONE',  ( 0.000000000000000000, 1.000000000000000000, 0.000000000000000000 ) ) ;
#1493 = ORIENTED_EDGE ( 'NONE', *, *, #893, .T. ) ;
#1494 = CIRCLE ( 'NONE', #186, 3.500000000000016875 ) ;
#1495 = CARTESIAN_POINT ( 'NONE',  ( 51.10000000000000853, 37.20000000000000284, -24.60000000000000497 ) ) ;
#1496 = ADVANCED_FACE ( 'NONE', ( #924 ), #1423, .F. ) ;
#1497 = FACE_OUTER_BOUND ( 'NONE', #1721, .T. ) ;
#1498 = ADVANCED_FACE ( 'NONE', ( #1291 ), #1749, .F. ) ;
#1499 = DIRECTION ( 'NONE',  ( 1.000000000000000000, 0.000000000000000000, 0.000000000000000000 ) ) ;
#1500 = ORIENTED_EDGE ( 'NONE', *, *, #839, .F. ) ;
#1501 = EDGE_CURVE ( 'NONE', #723, #502, #423, .T. ) ;
#1502 = DIRECTION ( 'NONE',  ( -0.000000000000000000, 1.000000000000000000, -0.000000000000000000 ) ) ;
#1503 = DIRECTION ( 'NONE',  ( -1.000000000000000000, 0.000000000000000000, 1.357904873563058254E-16 ) ) ;
#1504 = ORIENTED_EDGE ( 'NONE', *, *, #372, .T. ) ;
#1505 = CYLINDRICAL_SURFACE ( 'NONE', #334, 1.500000000000001332 ) ;
#1506 = CIRCLE ( 'NONE', #687, 3.500000000000003109 ) ;
#1507 = CARTESIAN_POINT ( 'NONE',  ( 56.10000000000001563, 3.000000000000000000, -48.50000000000000000 ) ) ;
#1508 = CARTESIAN_POINT ( 'NONE',  ( 61.10000000000000853, 0.000000000000000000, -70.00000000000000000 ) ) ;
#1509 = EDGE_CURVE ( 'NONE', #1559, #1654, #781, .T. ) ;
#1510 = EDGE_LOOP ( 'NONE', ( #958, #1563, #1658, #1619 ) ) ;
#1511 = ORIENTED_EDGE ( 'NONE', *, *, #1142, .F. ) ;
#1512 = VECTOR ( 'NONE', #46, 1000.000000000000000 ) ;
#1513 = FACE_OUTER_BOUND ( 'NONE', #1738, .T. ) ;
#1514 = LINE ( 'NONE', #1680, #1058 ) ;
#1515 = ORIENTED_EDGE ( 'NONE', *, *, #799, .T. ) ;
#1516 = DIRECTION ( 'NONE',  ( 0.000000000000000000, 1.000000000000000000, 0.000000000000000000 ) ) ;
#1517 = VECTOR ( 'NONE', #1878, 1000.000000000000000 ) ;
#1518 = CARTESIAN_POINT ( 'NONE',  ( 51.10000000000000853, 0.000000000000000000, -85.00000000000000000 ) ) ;
#1519 = DIRECTION ( 'NONE',  ( 0.000000000000000000, 0.000000000000000000, -1.000000000000000000 ) ) ;
#1520 = EDGE_LOOP ( 'NONE', ( #1705, #420, #580, #676, #564, #444, #1782, #169 ) ) ;
#1521 = FACE_OUTER_BOUND ( 'NONE', #969, .T. ) ;
#1522 = DIRECTION ( 'NONE',  ( 0.000000000000000000, 0.000000000000000000, 1.000000000000000000 ) ) ;
#1523 = ORIENTED_EDGE ( 'NONE', *, *, #655, .F. ) ;
#1524 = DIRECTION ( 'NONE',  ( 1.000000000000000000, 0.000000000000000000, 0.000000000000000000 ) ) ;
#1525 = LINE ( 'NONE', #393, #1844 ) ;
#1526 = ADVANCED_FACE ( 'NONE', ( #713 ), #1491, .F. ) ;
#1527 = DIRECTION ( 'NONE',  ( 0.000000000000000000, 0.000000000000000000, -1.000000000000000000 ) ) ;
#1528 = AXIS2_PLACEMENT_3D ( 'NONE', #286, #720, #1160 ) ;
#1529 = ORIENTED_EDGE ( 'NONE', *, *, #154, .T. ) ;
#1530 = ORIENTED_EDGE ( 'NONE', *, *, #229, .T. ) ;
#1531 = CARTESIAN_POINT ( 'NONE',  ( 0.000000000000000000, 0.000000000000000000, 0.000000000000000000 ) ) ;
#1532 = ADVANCED_FACE ( 'NONE', ( #637 ), #1230, .F. ) ;
#1533 = FACE_OUTER_BOUND ( 'NONE', #1856, .T. ) ;
#1534 = CARTESIAN_POINT ( 'NONE',  ( 49.10000000000000142, 25.20000000000000639, -85.00000000000000000 ) ) ;
#1535 = AXIS2_PLACEMENT_3D ( 'NONE', #1048, #900, #1468 ) ;
#1536 = VERTEX_POINT ( 'NONE', #335 ) ;
#1537 = CARTESIAN_POINT ( 'NONE',  ( 28.05000000000000426, 27.20000000000000284, -27.60000000000000497 ) ) ;
#1538 = CARTESIAN_POINT ( 'NONE',  ( -5.000000000000000000, -1.301042606982605321E-15, -5.000000000000002665 ) ) ;
#1539 = LINE ( 'NONE', #1225, #1274 ) ;
#1540 = ORIENTED_EDGE ( 'NONE', *, *, #1033, .F. ) ;
#1541 = MECHANICAL_CONTEXT ( 'NONE', #1357, 'mechanical' ) ;
#1542 = PLANE ( 'NONE',  #1144 ) ;
#1543 = CARTESIAN_POINT ( 'NONE',  ( 51.10000000000000853, 27.20000000000000284, -27.60000000000000497 ) ) ;
#1544 = VERTEX_POINT ( 'NONE', #1042 ) ;
#1545 = CARTESIAN_POINT ( 'NONE',  ( -5.000000000000000000, -1.301042606982605321E-15, -5.000000000000002665 ) ) ;
#1546 = CARTESIAN_POINT ( 'NONE',  ( -4.999999999999996447, 0.9999999999999911182, -43.50000000000000000 ) ) ;
#1547 = ORIENTED_EDGE ( 'NONE', *, *, #826, .T. ) ;
#1548 = EDGE_LOOP ( 'NONE', ( #1523, #747, #1010, #1224 ) ) ;
#1549 = CARTESIAN_POINT ( 'NONE',  ( -5.000000000000000000, 0.9999999999999915623, -65.00000000000000000 ) ) ;
#1550 = CIRCLE ( 'NONE', #731, 1.500000000000001332 ) ;
#1551 = EDGE_CURVE ( 'NONE', #126, #734, #42, .T. ) ;
#1552 = CARTESIAN_POINT ( 'NONE',  ( 56.10000000000001563, -1.301042606982605321E-15, -6.500000000000005329 ) ) ;
#1553 = ORIENTED_EDGE ( 'NONE', *, *, #466, .T. ) ;
#1554 = DIRECTION ( 'NONE',  ( 0.000000000000000000, 0.000000000000000000, 1.000000000000000000 ) ) ;
#1555 = LINE ( 'NONE', #683, #1368 ) ;
#1556 = DIRECTION ( 'NONE',  ( -0.000000000000000000, 1.000000000000000000, -0.000000000000000000 ) ) ;
#1557 = EDGE_CURVE ( 'NONE', #1559, #219, #1663, .T. ) ;
#1558 = CARTESIAN_POINT ( 'NONE',  ( 23.05000000000000782, 37.20000000000000284, -25.60000000000000497 ) ) ;
#1559 = VERTEX_POINT ( 'NONE', #646 ) ;
#1560 = CARTESIAN_POINT ( 'NONE',  ( 51.10000000000000853, 37.20000000000000284, -27.60000000000000497 ) ) ;
#1561 = CYLINDRICAL_SURFACE ( 'NONE', #1698, 1.500000000000000444 ) ;
#1562 = FACE_BOUND ( 'NONE', #1117, .T. ) ;
#1563 = ORIENTED_EDGE ( 'NONE', *, *, #34, .T. ) ;
#1564 = APPROVAL_DATE_TIME ( #1127, #592 ) ;
#1565 = CARTESIAN_POINT ( 'NONE',  ( -4.999999999999993783, 0.9999999999999915623, -23.49999999999999645 ) ) ;
#1566 = EDGE_CURVE ( 'NONE', #1847, #1251, #1783, .T. ) ;
#1567 = FACE_OUTER_BOUND ( 'NONE', #121, .T. ) ;
#1568 = ORIENTED_EDGE ( 'NONE', *, *, #377, .F. ) ;
#1569 = EDGE_CURVE ( 'NONE', #1190, #318, #113, .T. ) ;
#1570 = CYLINDRICAL_SURFACE ( 'NONE', #227, 1.500000000000001332 ) ;
#1571 = LOCAL_TIME ( 13, 31, 35.00000000000000000, #396 ) ;
#1572 = CARTESIAN_POINT ( 'NONE',  ( 56.10000000000001563, -1.301042606982605321E-15, -3.499999999999996891 ) ) ;
#1573 = DIRECTION ( 'NONE',  ( 0.000000000000000000, 1.000000000000000000, 0.000000000000000000 ) ) ;
#1574 = ORIENTED_EDGE ( 'NONE', *, *, #1033, .T. ) ;
#1575 = EDGE_LOOP ( 'NONE', ( #730, #830, #1700, #281 ) ) ;
#1576 = AXIS2_PLACEMENT_3D ( 'NONE', #1254, #1825, #53 ) ;
#1577 = ORIENTED_EDGE ( 'NONE', *, *, #972, .F. ) ;
#1578 = ADVANCED_FACE ( 'NONE', ( #1513 ), #1076, .T. ) ;
#1579 = DIRECTION ( 'NONE',  ( 0.000000000000000000, 0.000000000000000000, 1.000000000000000000 ) ) ;
#1580 = ORIENTED_EDGE ( 'NONE', *, *, #1819, .F. ) ;
#1581 = CIRCLE ( 'NONE', #1432, 1.500000000000001332 ) ;
#1582 = CARTESIAN_POINT ( 'NONE',  ( 56.10000000000001563, 0.9999999999999956701, -65.00000000000000000 ) ) ;
#1583 = FACE_BOUND ( 'NONE', #443, .T. ) ;
#1584 = AXIS2_PLACEMENT_3D ( 'NONE', #996, #850, #1579 ) ;
#1585 = VERTEX_POINT ( 'NONE', #368 ) ;
#1586 = ORIENTED_EDGE ( 'NONE', *, *, #739, .T. ) ;
#1587 = CARTESIAN_POINT ( 'NONE',  ( -5.000000000000000000, 2.999999999999999112, -5.000000000000002665 ) ) ;
#1588 = ORIENTED_EDGE ( 'NONE', *, *, #59, .F. ) ;
#1589 = ADVANCED_FACE ( 'NONE', ( #627 ), #198, .F. ) ;
#1590 = LINE ( 'NONE', #441, #947 ) ;
#1591 = CIRCLE ( 'NONE', #192, 1.500000000000001332 ) ;
#1592 = LINE ( 'NONE', #156, #550 ) ;
#1593 = VERTEX_POINT ( 'NONE', #1373 ) ;
#1594 = ORIENTED_EDGE ( 'NONE', *, *, #408, .T. ) ;
#1595 = VECTOR ( 'NONE', #1657, 1000.000000000000000 ) ;
#1596 = DIRECTION ( 'NONE',  ( 0.000000000000000000, 0.000000000000000000, 1.000000000000000000 ) ) ;
#1597 = ORIENTED_EDGE ( 'NONE', *, *, #1133, .F. ) ;
#1598 = CARTESIAN_POINT ( 'NONE',  ( 0.000000000000000000, 0.000000000000000000, -70.00000000000000000 ) ) ;
#1599 = AXIS2_PLACEMENT_3D ( 'NONE', #1208, #221, #1067 ) ;
#1600 = CONICAL_SURFACE ( 'NONE', #1081, 1.500000000000001332, 0.7853981633974502774 ) ;
#1601 = DIRECTION ( 'NONE',  ( 0.000000000000000000, 0.000000000000000000, 1.000000000000000000 ) ) ;
#1602 = VERTEX_POINT ( 'NONE', #487 ) ;
#1603 = CIRCLE ( 'NONE', #697, 1.500000000000001332 ) ;
#1604 = AXIS2_PLACEMENT_3D ( 'NONE', #1808, #402, #524 ) ;
#1605 = FACE_OUTER_BOUND ( 'NONE', #1009, .T. ) ;
#1606 = ORIENTED_EDGE ( 'NONE', *, *, #1866, .F. ) ;
#1607 = EDGE_CURVE ( 'NONE', #1031, #892, #1324, .T. ) ;
#1608 = CARTESIAN_POINT ( 'NONE',  ( -4.999999999999996447, -1.301042606982605321E-15, -45.00000000000000000 ) ) ;
#1609 = EDGE_CURVE ( 'NONE', #864, #719, #506, .T. ) ;
#1610 = CARTESIAN_POINT ( 'NONE',  ( -10.00000000000000000, 2.999999999999998668, -70.00000000000000000 ) ) ;
#1611 = EDGE_LOOP ( 'NONE', ( #1540, #1390, #98, #1343 ) ) ;
#1612 = ORIENTED_EDGE ( 'NONE', *, *, #629, .F. ) ;
#1613 = DIRECTION ( 'NONE',  ( 0.000000000000000000, 0.000000000000000000, 1.000000000000000000 ) ) ;
#1614 = ORIENTED_EDGE ( 'NONE', *, *, #5, .F. ) ;
#1615 = DATE_TIME_ROLE ( 'creation_date' ) ;
#1616 = CARTESIAN_POINT ( 'NONE',  ( 56.10000000000001563, 3.000000000000000000, -5.000000000000000888 ) ) ;
#1617 = CARTESIAN_POINT ( 'NONE',  ( -4.999999999999996447, 2.999999999999999556, -45.00000000000000000 ) ) ;
#1618 = EDGE_LOOP ( 'NONE', ( #807, #544 ) ) ;
#1619 = ORIENTED_EDGE ( 'NONE', *, *, #163, .F. ) ;
#1620 = ADVANCED_FACE ( 'NONE', ( #1521 ), #750, .F. ) ;
#1621 = DIRECTION ( 'NONE',  ( -0.000000000000000000, 1.000000000000000000, -0.000000000000000000 ) ) ;
#1622 = CARTESIAN_POINT ( 'NONE',  ( 0.000000000000000000, 27.20000000000000284, -85.00000000000000000 ) ) ;
#1623 = ORIENTED_EDGE ( 'NONE', *, *, #1722, .T. ) ;
#1624 = DATE_AND_TIME ( #1045, #1146 ) ;
#1625 = CARTESIAN_POINT ( 'NONE',  ( -4.999999999999996447, 0.9999999999999915623, -45.00000000000000000 ) ) ;
#1626 = ADVANCED_FACE ( 'NONE', ( #800 ), #1477, .F. ) ;
#1627 = CARTESIAN_POINT ( 'NONE',  ( -5.000000000000000000, 0.9999999999999915623, -66.50000000000000000 ) ) ;
#1628 = CARTESIAN_POINT ( 'NONE',  ( 56.10000000000001563, -1.301042606982605321E-15, -26.50000000000000711 ) ) ;
#1629 = AXIS2_PLACEMENT_3D ( 'NONE', #1119, #1832, #984 ) ;
#1630 = VERTEX_POINT ( 'NONE', #210 ) ;
#1631 = ADVANCED_FACE ( 'NONE', ( #1812 ), #178, .F. ) ;
#1632 = DIRECTION ( 'NONE',  ( 1.000000000000000000, -0.000000000000000000, -0.000000000000000000 ) ) ;
#1633 = CC_DESIGN_APPROVAL ( #1148, ( #1237 ) ) ;
#1634 = CARTESIAN_POINT ( 'NONE',  ( 56.10000000000001563, 0.9999999999999961142, -25.00000000000000000 ) ) ;
#1635 = EDGE_LOOP ( 'NONE', ( #1665, #133, #619, #62 ) ) ;
#1636 = CARTESIAN_POINT ( 'NONE',  ( 23.05000000000000782, 27.20000000000000284, -27.60000000000000497 ) ) ;
#1637 = DIRECTION ( 'NONE',  ( 1.000000000000000000, -0.000000000000000000, -0.000000000000000000 ) ) ;
#1638 = ADVANCED_FACE ( 'NONE', ( #894 ), #814, .F. ) ;
#1639 = CARTESIAN_POINT ( 'NONE',  ( 56.10000000000001563, -1.301042606982605321E-15, -25.00000000000000000 ) ) ;
#1640 = VECTOR ( 'NONE', #801, 1000.000000000000000 ) ;
#1641 = FACE_OUTER_BOUND ( 'NONE', #508, .T. ) ;
#1642 = EDGE_LOOP ( 'NONE', ( #549, #636, #1338, #740 ) ) ;
#1643 = DIRECTION ( 'NONE',  ( 0.000000000000000000, -0.000000000000000000, -1.000000000000000000 ) ) ;
#1644 = FACE_BOUND ( 'NONE', #1650, .T. ) ;
#1645 = EDGE_LOOP ( 'NONE', ( #254, #1352 ) ) ;
#1646 = FACE_OUTER_BOUND ( 'NONE', #789, .T. ) ;
#1647 = EDGE_CURVE ( 'NONE', #922, #1305, #1773, .T. ) ;
#1648 = LINE ( 'NONE', #1369, #772 ) ;
#1649 = DIRECTION ( 'NONE',  ( 0.000000000000000000, 0.000000000000000000, 1.000000000000000000 ) ) ;
#1650 = EDGE_LOOP ( 'NONE', ( #1022, #526 ) ) ;
#1651 = ORIENTED_EDGE ( 'NONE', *, *, #1235, .T. ) ;
#1652 = DIRECTION ( 'NONE',  ( 0.000000000000000000, 0.000000000000000000, 1.000000000000000000 ) ) ;
#1653 = DIRECTION ( 'NONE',  ( 1.301042606982605567E-16, -1.000000000000000000, -0.000000000000000000 ) ) ;
#1654 = VERTEX_POINT ( 'NONE', #1565 ) ;
#1655 = CARTESIAN_POINT ( 'NONE',  ( 56.10000000000001563, 0.9999999999999956701, -6.500000000000005329 ) ) ;
#1656 = LINE ( 'NONE', #1223, #599 ) ;
#1657 = DIRECTION ( 'NONE',  ( -0.000000000000000000, 1.000000000000000000, -0.000000000000000000 ) ) ;
#1658 = ORIENTED_EDGE ( 'NONE', *, *, #1364, .T. ) ;
#1659 = VERTEX_POINT ( 'NONE', #104 ) ;
#1660 = CC_DESIGN_PERSON_AND_ORGANIZATION_ASSIGNMENT ( #132, #1702, ( #366 ) ) ;
#1661 = AXIS2_PLACEMENT_3D ( 'NONE', #1385, #705, #990 ) ;
#1662 = CIRCLE ( 'NONE', #1265, 1.500000000000000444 ) ;
#1663 = LINE ( 'NONE', #188, #14 ) ;
#1664 = DIRECTION ( 'NONE',  ( 0.000000000000000000, 1.000000000000000000, 0.000000000000000000 ) ) ;
#1665 = ORIENTED_EDGE ( 'NONE', *, *, #1364, .F. ) ;
#1666 = AXIS2_PLACEMENT_3D ( 'NONE', #1101, #1687, #1332 ) ;
#1667 = LINE ( 'NONE', #1543, #1177 ) ;
#1668 = VECTOR ( 'NONE', #1, 1000.000000000000000 ) ;
#1669 = EDGE_CURVE ( 'NONE', #93, #540, #1781, .T. ) ;
#1670 = VECTOR ( 'NONE', #650, 1000.000000000000000 ) ;
#1671 = CARTESIAN_POINT ( 'NONE',  ( 28.05000000000000426, 27.20000000000000284, -27.60000000000000497 ) ) ;
#1672 = ADVANCED_FACE ( 'NONE', ( #235 ), #1542, .F. ) ;
#1673 = FACE_OUTER_BOUND ( 'NONE', #982, .T. ) ;
#1674 = CIRCLE ( 'NONE', #1152, 3.500000000000003109 ) ;
#1675 = ORIENTED_EDGE ( 'NONE', *, *, #391, .F. ) ;
#1676 = VERTEX_POINT ( 'NONE', #81 ) ;
#1677 = LINE ( 'NONE', #69, #848 ) ;
#1678 = APPLICATION_CONTEXT ( 'configuration controlled 3d designs of mechanical parts and assemblies' ) ;
#1679 = CARTESIAN_POINT ( 'NONE',  ( 0.000000000000000000, 0.000000000000000000, 0.000000000000000000 ) ) ;
#1680 = CARTESIAN_POINT ( 'NONE',  ( 0.000000000000000000, 0.000000000000000000, -70.00000000000000000 ) ) ;
#1681 = ORIENTED_EDGE ( 'NONE', *, *, #391, .T. ) ;
#1682 = LINE ( 'NONE', #1552, #518 ) ;
#1683 = CIRCLE ( 'NONE', #1438, 3.500000000000035083 ) ;
#1684 = LINE ( 'NONE', #1518, #783 ) ;
#1685 = DIRECTION ( 'NONE',  ( -0.000000000000000000, 1.000000000000000000, -0.000000000000000000 ) ) ;
#1686 = ORIENTED_EDGE ( 'NONE', *, *, #103, .T. ) ;
#1687 = DIRECTION ( 'NONE',  ( 0.000000000000000000, -1.000000000000000000, 0.000000000000000000 ) ) ;
#1688 = AXIS2_PLACEMENT_3D ( 'NONE', #1168, #458, #1029 ) ;
#1689 = CARTESIAN_POINT ( 'NONE',  ( 56.10000000000001563, 0.9999999999999956701, -63.50000000000000000 ) ) ;
#1690 = CARTESIAN_POINT ( 'NONE',  ( 51.10000000000000853, 37.20000000000000284, -27.60000000000000497 ) ) ;
#1691 = CARTESIAN_POINT ( 'NONE',  ( 0.000000000000000000, 0.000000000000000000, 0.000000000000000000 ) ) ;
#1692 = VERTEX_POINT ( 'NONE', #1693 ) ;
#1693 = CARTESIAN_POINT ( 'NONE',  ( -5.000000000000000000, -1.301042606982605321E-15, -6.500000000000003553 ) ) ;
#1694 = CARTESIAN_POINT ( 'NONE',  ( -4.999999999999996447, 2.999999999999999556, -41.49999999999997868 ) ) ;
#1695 = ORIENTED_EDGE ( 'NONE', *, *, #1697, .T. ) ;
#1696 = DIRECTION ( 'NONE',  ( 0.000000000000000000, 1.000000000000000000, 0.000000000000000000 ) ) ;
#1697 = EDGE_CURVE ( 'NONE', #1420, #719, #1410, .T. ) ;
#1698 = AXIS2_PLACEMENT_3D ( 'NONE', #109, #663, #979 ) ;
#1699 = FACE_OUTER_BOUND ( 'NONE', #1510, .T. ) ;
#1700 = ORIENTED_EDGE ( 'NONE', *, *, #1669, .T. ) ;
#1701 = EDGE_CURVE ( 'NONE', #1830, #1302, #686, .T. ) ;
#1702 = PERSON_AND_ORGANIZATION_ROLE ( 'classification_officer' ) ;
#1703 = DIRECTION ( 'NONE',  ( 0.000000000000000000, 0.000000000000000000, 1.000000000000000000 ) ) ;
#1704 = DIRECTION ( 'NONE',  ( -1.000000000000000000, 0.000000000000000000, 0.000000000000000000 ) ) ;
#1705 = ORIENTED_EDGE ( 'NONE', *, *, #1213, .T. ) ;
#1706 = DIRECTION ( 'NONE',  ( -0.000000000000000000, 0.000000000000000000, 1.000000000000000000 ) ) ;
#1707 = DIRECTION ( 'NONE',  ( 0.000000000000000000, 0.000000000000000000, 1.000000000000000000 ) ) ;
#1708 = DIRECTION ( 'NONE',  ( 0.000000000000000000, 0.000000000000000000, -1.000000000000000000 ) ) ;
#1709 = ORIENTED_EDGE ( 'NONE', *, *, #1569, .T. ) ;
#1710 = CONICAL_SURFACE ( 'NONE', #469, 1.500000000000001332, 0.7853981633974502774 ) ;
#1711 = DIRECTION ( 'NONE',  ( 0.000000000000000000, -0.000000000000000000, -1.000000000000000000 ) ) ;
#1712 = EDGE_CURVE ( 'NONE', #9, #1386, #1401, .T. ) ;
#1713 = FACE_OUTER_BOUND ( 'NONE', #896, .T. ) ;
#1714 = ORIENTED_EDGE ( 'NONE', *, *, #1086, .F. ) ;
#1715 = CARTESIAN_POINT ( 'NONE',  ( 61.10000000000001563, 3.000000000000000000, -70.00000000000000000 ) ) ;
#1716 = LINE ( 'NONE', #422, #118 ) ;
#1717 = DIRECTION ( 'NONE',  ( 0.000000000000000000, 1.000000000000000000, 0.000000000000000000 ) ) ;
#1718 = ORIENTED_EDGE ( 'NONE', *, *, #293, .T. ) ;
#1719 = EDGE_LOOP ( 'NONE', ( #434, #351, #1860, #594 ) ) ;
#1720 = PLANE ( 'NONE',  #613 ) ;
#1721 = EDGE_LOOP ( 'NONE', ( #916, #73, #1005, #714 ) ) ;
#1722 = EDGE_CURVE ( 'NONE', #946, #1193, #662, .T. ) ;
#1723 = FACE_OUTER_BOUND ( 'NONE', #1575, .T. ) ;
#1724 = AXIS2_PLACEMENT_3D ( 'NONE', #1253, #1261, #1703 ) ;
#1725 = DIRECTION ( 'NONE',  ( 0.000000000000000000, 1.000000000000000000, 0.000000000000000000 ) ) ;
#1726 = ORIENTED_EDGE ( 'NONE', *, *, #795, .T. ) ;
#1727 = DATE_AND_TIME ( #279, #1571 ) ;
#1728 = VECTOR ( 'NONE', #940, 1000.000000000000000 ) ;
#1729 = ORIENTED_EDGE ( 'NONE', *, *, #987, .F. ) ;
#1730 = FACE_OUTER_BOUND ( 'NONE', #680, .T. ) ;
#1731 = AXIS2_PLACEMENT_3D ( 'NONE', #1025, #618, #22 ) ;
#1732 = VERTEX_POINT ( 'NONE', #266 ) ;
#1733 = CIRCLE ( 'NONE', #25, 1.500000000000001332 ) ;
#1734 = CARTESIAN_POINT ( 'NONE',  ( 0.000000000000000000, 0.000000000000000000, -70.00000000000000000 ) ) ;
#1735 = LINE ( 'NONE', #561, #1120 ) ;
#1736 = VECTOR ( 'NONE', #1845, 1000.000000000000000 ) ;
#1737 = EDGE_LOOP ( 'NONE', ( #738, #1766, #1831, #1718 ) ) ;
#1738 = EDGE_LOOP ( 'NONE', ( #1612, #1277, #1726, #371 ) ) ;
#1739 = CARTESIAN_POINT ( 'NONE',  ( 56.10000000000001563, 0.9999999999999956701, -25.00000000000000000 ) ) ;
#1740 = ORIENTED_EDGE ( 'NONE', *, *, #1071, .T. ) ;
#1741 = CARTESIAN_POINT ( 'NONE',  ( 0.000000000000000000, 2.999999999999999556, 0.000000000000000000 ) ) ;
#1742 = LINE ( 'NONE', #146, #1517 ) ;
#1743 = ORIENTED_EDGE ( 'NONE', *, *, #1392, .T. ) ;
#1744 = VECTOR ( 'NONE', #388, 1000.000000000000000 ) ;
#1745 = ADVANCED_FACE ( 'NONE', ( #966 ), #667, .F. ) ;
#1746 = DIRECTION ( 'NONE',  ( -0.000000000000000000, 1.000000000000000000, -0.000000000000000000 ) ) ;
#1747 = EDGE_LOOP ( 'NONE', ( #1580, #384, #1889, #1026, #780, #1092 ) ) ;
#1748 = DIRECTION ( 'NONE',  ( 0.000000000000000000, 0.000000000000000000, -1.000000000000000000 ) ) ;
#1749 = CONICAL_SURFACE ( 'NONE', #361, 1.500000000000001332, 0.7853981633974469467 ) ;
#1750 = VECTOR ( 'NONE', #1807, 1000.000000000000000 ) ;
#1751 = CARTESIAN_POINT ( 'NONE',  ( 28.05000000000000426, 27.20000000000000284, -27.60000000000000497 ) ) ;
#1752 = EDGE_LOOP ( 'NONE', ( #195, #1311, #1329, #997 ) ) ;
#1753 = VECTOR ( 'NONE', #310, 1000.000000000000000 ) ;
#1754 = CC_DESIGN_PERSON_AND_ORGANIZATION_ASSIGNMENT ( #243, #897, ( #1035 ) ) ;
#1755 = ORIENTED_EDGE ( 'NONE', *, *, #765, .F. ) ;
#1756 = CIRCLE ( 'NONE', #1604, 3.500000000000016875 ) ;
#1757 = CARTESIAN_POINT ( 'NONE',  ( 28.05000000000000426, 27.20000000000000284, -27.60000000000000497 ) ) ;
#1758 = ORIENTED_EDGE ( 'NONE', *, *, #1303, .F. ) ;
#1759 = DIRECTION ( 'NONE',  ( 1.000000000000000000, 1.473225881933594055E-16, 0.000000000000000000 ) ) ;
#1760 = DIRECTION ( 'NONE',  ( 1.000000000000000000, 0.000000000000000000, 0.000000000000000000 ) ) ;
#1761 = EDGE_CURVE ( 'NONE', #503, #288, #993, .T. ) ;
#1762 = ORIENTED_EDGE ( 'NONE', *, *, #1111, .T. ) ;
#1763 = ORIENTED_EDGE ( 'NONE', *, *, #265, .F. ) ;
#1764 = EDGE_CURVE ( 'NONE', #1585, #1386, #1234, .T. ) ;
#1765 = DIRECTION ( 'NONE',  ( 1.357904873563058254E-16, -0.000000000000000000, 1.000000000000000000 ) ) ;
#1766 = ORIENTED_EDGE ( 'NONE', *, *, #736, .F. ) ;
#1767 = LINE ( 'NONE', #1822, #665 ) ;
#1768 = CARTESIAN_POINT ( 'NONE',  ( 0.000000000000000000, 0.000000000000000000, -85.00000000000000000 ) ) ;
#1769 = CIRCLE ( 'NONE', #950, 1.500000000000004885 ) ;
#1770 = CARTESIAN_POINT ( 'NONE',  ( 28.05000000000000426, 37.20000000000000284, -27.60000000000000497 ) ) ;
#1771 = EDGE_CURVE ( 'NONE', #797, #126, #955, .T. ) ;
#1772 = ORIENTED_EDGE ( 'NONE', *, *, #1775, .T. ) ;
#1773 = LINE ( 'NONE', #1050, #1396 ) ;
#1774 = DIRECTION ( 'NONE',  ( 1.000000000000000000, 0.000000000000000000, 0.000000000000000000 ) ) ;
#1775 = EDGE_CURVE ( 'NONE', #771, #137, #835, .T. ) ;
#1776 = EDGE_LOOP ( 'NONE', ( #1763, #1791, #1740, #626 ) ) ;
#1777 = APPLICATION_PROTOCOL_DEFINITION ( 'international standard', 'config_control_design', 1994, #1678 ) ;
#1778 = CARTESIAN_POINT ( 'NONE',  ( 0.000000000000000000, 27.20000000000000284, -27.59999999999999787 ) ) ;
#1779 = LINE ( 'NONE', #784, #1512 ) ;
#1780 = DIRECTION ( 'NONE',  ( 0.000000000000000000, 0.000000000000000000, 1.000000000000000000 ) ) ;
#1781 = CIRCLE ( 'NONE', #574, 1.500000000000001332 ) ;
#1782 = ORIENTED_EDGE ( 'NONE', *, *, #777, .F. ) ;
#1783 = LINE ( 'NONE', #1802, #1079 ) ;
#1784 = LINE ( 'NONE', #733, #116 ) ;
#1785 = ORIENTED_EDGE ( 'NONE', *, *, #569, .F. ) ;
#1786 = EDGE_CURVE ( 'NONE', #327, #1305, #696, .T. ) ;
#1787 = CARTESIAN_POINT ( 'NONE',  ( 56.10000000000001563, 3.000000000000000000, -45.00000000000000000 ) ) ;
#1788 = CARTESIAN_POINT ( 'NONE',  ( -10.00000000000000000, 0.000000000000000000, -70.00000000000000000 ) ) ;
#1789 = AXIS2_PLACEMENT_3D ( 'NONE', #1361, #1374, #1708 ) ;
#1790 = DIRECTION ( 'NONE',  ( 0.000000000000000000, 1.000000000000000000, 0.000000000000000000 ) ) ;
#1791 = ORIENTED_EDGE ( 'NONE', *, *, #992, .F. ) ;
#1792 = DIRECTION ( 'NONE',  ( 0.000000000000000000, -1.000000000000000000, 0.000000000000000000 ) ) ;
#1793 = CARTESIAN_POINT ( 'NONE',  ( 56.10000000000001563, 0.9999999999999956701, -66.50000000000000000 ) ) ;
#1794 = ORIENTED_EDGE ( 'NONE', *, *, #1846, .F. ) ;
#1795 = LINE ( 'NONE', #1689, #528 ) ;
#1796 = AXIS2_PLACEMENT_3D ( 'NONE', #1134, #303, #998 ) ;
#1797 = DIRECTION ( 'NONE',  ( 0.000000000000000000, 1.000000000000000000, -0.000000000000000000 ) ) ;
#1798 = CARTESIAN_POINT ( 'NONE',  ( 51.10000000000000853, 37.20000000000000284, -82.00000000000000000 ) ) ;
#1799 = ORIENTED_EDGE ( 'NONE', *, *, #1355, .F. ) ;
#1800 = ORIENTED_EDGE ( 'NONE', *, *, #1222, .F. ) ;
#1801 = EDGE_CURVE ( 'NONE', #1630, #1226, #123, .T. ) ;
#1802 = CARTESIAN_POINT ( 'NONE',  ( 23.05000000000000782, 27.20000000000000284, -27.60000000000000497 ) ) ;
#1803 = DIRECTION ( 'NONE',  ( 0.000000000000000000, 0.000000000000000000, 1.000000000000000000 ) ) ;
#1804 = ORIENTED_EDGE ( 'NONE', *, *, #700, .F. ) ;
#1805 = FACE_BOUND ( 'NONE', #350, .T. ) ;
#1806 = ADVANCED_FACE ( 'NONE', ( #1283 ), #516, .T. ) ;
#1807 = DIRECTION ( 'NONE',  ( 1.000000000000000000, 0.000000000000000000, 0.000000000000000000 ) ) ;
#1808 = CARTESIAN_POINT ( 'NONE',  ( -4.999999999999993783, 2.999999999999999556, -24.99999999999999645 ) ) ;
#1809 = ORIENTED_EDGE ( 'NONE', *, *, #364, .F. ) ;
#1810 = ORIENTED_EDGE ( 'NONE', *, *, #296, .T. ) ;
#1811 = COORDINATED_UNIVERSAL_TIME_OFFSET ( 1, 0, .AHEAD. ) ;
#1812 = FACE_OUTER_BOUND ( 'NONE', #557, .T. ) ;
#1813 = AXIS2_PLACEMENT_3D ( 'NONE', #1843, #974, #1109 ) ;
#1814 = CARTESIAN_POINT ( 'NONE',  ( 56.10000000000001563, 0.9999999999999956701, -65.00000000000000000 ) ) ;
#1815 = ORIENTED_EDGE ( 'NONE', *, *, #1433, .T. ) ;
#1816 = CARTESIAN_POINT ( 'NONE',  ( -0.000000000000000000, 3.000000000000000000, 0.000000000000000000 ) ) ;
#1817 = CARTESIAN_POINT ( 'NONE',  ( 0.000000000000000000, 0.000000000000000000, -70.00000000000000000 ) ) ;
#1818 = CARTESIAN_POINT ( 'NONE',  ( 61.10000000000000853, 0.000000000000000000, 0.000000000000000000 ) ) ;
#1819 = EDGE_CURVE ( 'NONE', #802, #153, #677, .T. ) ;
#1820 = ORIENTED_EDGE ( 'NONE', *, *, #939, .T. ) ;
#1821 = ORIENTED_EDGE ( 'NONE', *, *, #59, .T. ) ;
#1822 = CARTESIAN_POINT ( 'NONE',  ( 61.10000000000000853, -1.413221391762438930E-13, -70.00000000000000000 ) ) ;
#1823 = DIRECTION ( 'NONE',  ( 1.000000000000000000, 0.000000000000000000, 0.000000000000000000 ) ) ;
#1824 = CYLINDRICAL_SURFACE ( 'NONE', #152, 1.500000000000004885 ) ;
#1825 = DIRECTION ( 'NONE',  ( 0.000000000000000000, 1.000000000000000000, 0.000000000000000000 ) ) ;
#1826 = CONICAL_SURFACE ( 'NONE', #1248, 1.500000000000001332, 0.7853981633974502774 ) ;
#1827 = DIRECTION ( 'NONE',  ( 0.000000000000000000, 0.000000000000000000, 1.000000000000000000 ) ) ;
#1828 = LINE ( 'NONE', #1691, #52 ) ;
#1829 = ADVANCED_FACE ( 'NONE', ( #1533 ), #1393, .T. ) ;
#1830 = VERTEX_POINT ( 'NONE', #529 ) ;
#1831 = ORIENTED_EDGE ( 'NONE', *, *, #1801, .F. ) ;
#1832 = DIRECTION ( 'NONE',  ( 0.000000000000000000, 1.000000000000000000, 0.000000000000000000 ) ) ;
#1833 = AXIS2_PLACEMENT_3D ( 'NONE', #1617, #918, #1063 ) ;
#1834 = EDGE_CURVE ( 'NONE', #410, #1174, #484, .T. ) ;
#1835 = CARTESIAN_POINT ( 'NONE',  ( 56.10000000000001563, 0.9999999999999956701, -46.50000000000000000 ) ) ;
#1836 = ADVANCED_BREP_SHAPE_REPRESENTATION ( 'BATTERY AND BREAD BOARD HOLDER', ( #226, #174 ), #1327 ) ;
#1837 = ORIENTED_EDGE ( 'NONE', *, *, #1086, .T. ) ;
#1838 = AXIS2_PLACEMENT_3D ( 'NONE', #913, #643, #1499 ) ;
#1839 = EDGE_CURVE ( 'NONE', #1847, #1888, #666, .T. ) ;
#1840 = DIRECTION ( 'NONE',  ( 0.000000000000000000, -1.000000000000000000, 0.000000000000000000 ) ) ;
#1841 = DIRECTION ( 'NONE',  ( 0.000000000000000000, -1.000000000000000000, 0.000000000000000000 ) ) ;
#1842 = ORIENTED_EDGE ( 'NONE', *, *, #466, .F. ) ;
#1843 = CARTESIAN_POINT ( 'NONE',  ( 0.000000000000000000, 0.000000000000000000, -85.00000000000000000 ) ) ;
#1844 = VECTOR ( 'NONE', #822, 1000.000000000000000 ) ;
#1845 = DIRECTION ( 'NONE',  ( -0.000000000000000000, 1.000000000000000000, -0.000000000000000000 ) ) ;
#1846 = EDGE_CURVE ( 'NONE', #946, #93, #1473, .T. ) ;
#1847 = VERTEX_POINT ( 'NONE', #1241 ) ;
#1848 = LOCAL_TIME ( 13, 31, 35.00000000000000000, #1282 ) ;
#1849 = AXIS2_PLACEMENT_3D ( 'NONE', #1456, #1765, #160 ) ;
#1850 = CARTESIAN_POINT ( 'NONE',  ( -10.00000000000000000, 0.000000000000000000, 0.000000000000000000 ) ) ;
#1851 = VECTOR ( 'NONE', #139, 1000.000000000000000 ) ;
#1852 = DIRECTION ( 'NONE',  ( 1.000000000000000000, 0.000000000000000000, 0.000000000000000000 ) ) ;
#1853 = ORIENTED_EDGE ( 'NONE', *, *, #1453, .T. ) ;
#1854 = CARTESIAN_POINT ( 'NONE',  ( -5.000000000000000000, 0.9999999999999767963, -5.000000000000002665 ) ) ;
#1855 = CARTESIAN_POINT ( 'NONE',  ( -4.999999999999996447, 0.9999999999999911182, -45.00000000000000000 ) ) ;
#1856 = EDGE_LOOP ( 'NONE', ( #933, #237, #536, #1675, #20, #1180, #1729, #1493, #395, #588, #23, #1863 ) ) ;
#1857 = CARTESIAN_POINT ( 'NONE',  ( -5.000000000000000000, -1.301042606982605321E-15, -5.000000000000002665 ) ) ;
#1858 = CARTESIAN_POINT ( 'NONE',  ( -4.999999999999996447, 0.9999999999999911182, -46.50000000000000000 ) ) ;
#1859 = CARTESIAN_POINT ( 'NONE',  ( 0.000000000000000000, 3.000000000000000000, -70.00000000000000000 ) ) ;
#1860 = ORIENTED_EDGE ( 'NONE', *, *, #1509, .T. ) ;
#1861 = VERTEX_POINT ( 'NONE', #1383 ) ;
#1862 = AXIS2_PLACEMENT_3D ( 'NONE', #1857, #1875, #1141 ) ;
#1863 = ORIENTED_EDGE ( 'NONE', *, *, #595, .T. ) ;
#1864 = CARTESIAN_POINT ( 'NONE',  ( 56.10000000000001563, -1.301042606982605321E-15, -26.50000000000000711 ) ) ;
#1865 = ORIENTED_EDGE ( 'NONE', *, *, #344, .T. ) ;
#1866 = EDGE_CURVE ( 'NONE', #771, #723, #1677, .T. ) ;
#1867 = LINE ( 'NONE', #568, #1336 ) ;
#1868 = DIRECTION ( 'NONE',  ( 1.301042606982605567E-16, -1.000000000000000000, -0.000000000000000000 ) ) ;
#1869 = DIRECTION ( 'NONE',  ( -1.000000000000000000, -1.301042606982605321E-16, 0.000000000000000000 ) ) ;
#1870 = ORIENTED_EDGE ( 'NONE', *, *, #1013, .F. ) ;
#1871 = DATE_TIME_ROLE ( 'classification_date' ) ;
#1872 = EDGE_LOOP ( 'NONE', ( #685, #1286, #699, #392, #851, #1108, #166, #1078 ) ) ;
#1873 = DIRECTION ( 'NONE',  ( 0.000000000000000000, 1.000000000000000000, 0.000000000000000000 ) ) ;
#1874 = ORIENTED_EDGE ( 'NONE', *, *, #265, .T. ) ;
#1875 = DIRECTION ( 'NONE',  ( 0.000000000000000000, 1.000000000000000000, 0.000000000000000000 ) ) ;
#1876 = VECTOR ( 'NONE', #1556, 1000.000000000000000 ) ;
#1877 = CC_DESIGN_SECURITY_CLASSIFICATION ( #366, ( #1237 ) ) ;
#1878 = DIRECTION ( 'NONE',  ( 0.000000000000000000, 0.000000000000000000, 1.000000000000000000 ) ) ;
#1879 = ORIENTED_EDGE ( 'NONE', *, *, #1228, .F. ) ;
#1880 = ORIENTED_EDGE ( 'NONE', *, *, #1566, .F. ) ;
#1881 = CARTESIAN_POINT ( 'NONE',  ( 23.05000000000000782, 27.20000000000000284, -27.60000000000000497 ) ) ;
#1882 = VECTOR ( 'NONE', #1231, 1000.000000000000000 ) ;
#1883 = CC_DESIGN_DATE_AND_TIME_ASSIGNMENT ( #1727, #1871, ( #366 ) ) ;
#1884 = ORIENTED_EDGE ( 'NONE', *, *, #739, .F. ) ;
#1885 = PLANE ( 'NONE',  #159 ) ;
#1886 = EDGE_CURVE ( 'NONE', #1226, #1861, #1767, .T. ) ;
#1887 = PLANE ( 'NONE',  #967 ) ;
#1888 = VERTEX_POINT ( 'NONE', #380 ) ;
#1889 = ORIENTED_EDGE ( 'NONE', *, *, #810, .T. ) ;
ENDSEC;
END-ISO-10303-21;
