ISO-10303-21;
HEADER;
FILE_DESCRIPTION (( 'STEP AP203' ),
    '1' );
FILE_NAME ('Slider track full part.STEP',
    '2026-05-13T11:55:27',
    ( '' ),
    ( '' ),
    'SwSTEP 2.0',
    'SolidWorks 2025',
    '' );
FILE_SCHEMA (( 'CONFIG_CONTROL_DESIGN' ));
ENDSEC;

DATA;
#1 = DIRECTION ( 'NONE',  ( -6.086749038515106881E-17, 1.000000000000000000, 0.000000000000000000 ) ) ;
#2 = VECTOR ( 'NONE', #2196, 1000.000000000000000 ) ;
#3 = VECTOR ( 'NONE', #29, 1000.000000000000000 ) ;
#4 = CYLINDRICAL_SURFACE ( 'NONE', #810, 1.500000000000001332 ) ;
#5 = EDGE_LOOP ( 'NONE', ( #1206, #2312, #2354, #1386 ) ) ;
#6 = EDGE_LOOP ( 'NONE', ( #2375, #1708, #801, #433 ) ) ;
#7 = DATE_AND_TIME ( #1620, #2353 ) ;
#8 = CARTESIAN_POINT ( 'NONE',  ( 22.00000000000000000, 0.000000000000000000, 2.000000000000000000 ) ) ;
#9 = EDGE_CURVE ( 'NONE', #1008, #76, #1662, .T. ) ;
#10 = ORIENTED_EDGE ( 'NONE', *, *, #2327, .F. ) ;
#11 = DIRECTION ( 'NONE',  ( 1.000000000000000000, -1.851559150523183588E-64, 0.000000000000000000 ) ) ;
#12 = DIRECTION ( 'NONE',  ( 0.000000000000000000, -1.000000000000000000, 0.000000000000000000 ) ) ;
#13 = ADVANCED_FACE ( 'NONE', ( #900 ), #813, .F. ) ;
#14 = ORIENTED_EDGE ( 'NONE', *, *, #2328, .T. ) ;
#15 = LINE ( 'NONE', #2015, #384 ) ;
#16 = CARTESIAN_POINT ( 'NONE',  ( 96.00000000000000000, 3.849999999999999645, 2.000000000000009770 ) ) ;
#17 = AXIS2_PLACEMENT_3D ( 'NONE', #633, #883, #1670 ) ;
#18 = DIRECTION ( 'NONE',  ( -5.782411586589351722E-16, 1.000000000000000000, 0.000000000000000000 ) ) ;
#19 = DIRECTION ( 'NONE',  ( 0.000000000000000000, 0.000000000000000000, 1.000000000000000000 ) ) ;
#20 = ORIENTED_EDGE ( 'NONE', *, *, #646, .F. ) ;
#21 = DATE_AND_TIME ( #2409, #719 ) ;
#22 = ORIENTED_EDGE ( 'NONE', *, *, #1907, .F. ) ;
#23 = CARTESIAN_POINT ( 'NONE',  ( 151.0000000000000284, 0.000000000000000000, 0.000000000000000000 ) ) ;
#24 = DIRECTION ( 'NONE',  ( -1.000000000000000000, 0.000000000000000000, 0.000000000000000000 ) ) ;
#25 = DIRECTION ( 'NONE',  ( 0.000000000000000000, 0.000000000000000000, 1.000000000000000000 ) ) ;
#26 = ORIENTED_EDGE ( 'NONE', *, *, #2030, .T. ) ;
#27 = CARTESIAN_POINT ( 'NONE',  ( -3.000000000000000888, 5.000000000000000000, -3.000000000000000000 ) ) ;
#28 = EDGE_CURVE ( 'NONE', #421, #1661, #101, .T. ) ;
#29 = DIRECTION ( 'NONE',  ( 1.000000000000000000, 5.782411586589351722E-16, 0.000000000000000000 ) ) ;
#30 = DIRECTION ( 'NONE',  ( 0.000000000000000000, 0.000000000000000000, 1.000000000000000000 ) ) ;
#31 = DIRECTION ( 'NONE',  ( -0.000000000000000000, -0.000000000000000000, -1.000000000000000000 ) ) ;
#32 = ORIENTED_EDGE ( 'NONE', *, *, #840, .F. ) ;
#33 = APPROVAL_ROLE ( '' ) ;
#34 = CARTESIAN_POINT ( 'NONE',  ( 64.00000000000000000, 3.849999999999999645, 0.000000000000000000 ) ) ;
#35 = ORIENTED_EDGE ( 'NONE', *, *, #1329, .F. ) ;
#36 = FACE_OUTER_BOUND ( 'NONE', #1962, .T. ) ;
#37 = DIRECTION ( 'NONE',  ( 0.000000000000000000, 0.000000000000000000, -1.000000000000000000 ) ) ;
#38 = LINE ( 'NONE', #54, #752 ) ;
#39 = ORIENTED_EDGE ( 'NONE', *, *, #1686, .T. ) ;
#40 = DIRECTION ( 'NONE',  ( -0.000000000000000000, -1.000000000000000000, -0.000000000000000000 ) ) ;
#41 = EDGE_CURVE ( 'NONE', #1713, #1661, #520, .T. ) ;
#42 = DIRECTION ( 'NONE',  ( -0.000000000000000000, -1.000000000000000000, -0.000000000000000000 ) ) ;
#43 = VECTOR ( 'NONE', #1551, 1000.000000000000000 ) ;
#44 = CARTESIAN_POINT ( 'NONE',  ( 96.00000000000000000, 3.849999999999999645, 3.000000000000000000 ) ) ;
#45 = AXIS2_PLACEMENT_3D ( 'NONE', #1867, #908, #1854 ) ;
#46 = ADVANCED_FACE ( 'NONE', ( #77 ), #2063, .F. ) ;
#47 = EDGE_LOOP ( 'NONE', ( #713, #2000, #763, #437 ) ) ;
#48 = EDGE_CURVE ( 'NONE', #1870, #169, #1019, .T. ) ;
#49 = DATE_TIME_ROLE ( 'creation_date' ) ;
#50 = AXIS2_PLACEMENT_3D ( 'NONE', #753, #2518, #1545 ) ;
#51 = VERTEX_POINT ( 'NONE', #693 ) ;
#52 = CARTESIAN_POINT ( 'NONE',  ( -3.000000000000000888, 5.000000000000000000, -5.500000000000010658 ) ) ;
#53 = CARTESIAN_POINT ( 'NONE',  ( 81.99999999999998579, 12.99999999999999112, -16.99999999999999645 ) ) ;
#54 = CARTESIAN_POINT ( 'NONE',  ( 92.00000000000000000, 9.999999999999989342, -6.999999999999999112 ) ) ;
#55 = VERTEX_POINT ( 'NONE', #1859 ) ;
#56 = CARTESIAN_POINT ( 'NONE',  ( 92.00000000000000000, 12.99999999999999112, -12.00000000000000000 ) ) ;
#57 = LINE ( 'NONE', #432, #2307 ) ;
#58 = EDGE_CURVE ( 'NONE', #2298, #2507, #1683, .T. ) ;
#59 = LINE ( 'NONE', #1241, #493 ) ;
#60 = VERTEX_POINT ( 'NONE', #2379 ) ;
#61 = CIRCLE ( 'NONE', #1431, 1.000000000000000888 ) ;
#62 = EDGE_CURVE ( 'NONE', #1142, #562, #67, .T. ) ;
#63 = CIRCLE ( 'NONE', #639, 1.000000000000000000 ) ;
#64 = ORIENTED_EDGE ( 'NONE', *, *, #1795, .T. ) ;
#65 = DIRECTION ( 'NONE',  ( -0.000000000000000000, -0.000000000000000000, -1.000000000000000000 ) ) ;
#66 = LINE ( 'NONE', #1638, #2305 ) ;
#67 = CIRCLE ( 'NONE', #1435, 1.500000000000001332 ) ;
#68 = ORIENTED_EDGE ( 'NONE', *, *, #1840, .T. ) ;
#69 = DIRECTION ( 'NONE',  ( -1.000000000000000000, 0.000000000000000000, 0.000000000000000000 ) ) ;
#70 = LINE ( 'NONE', #2439, #2501 ) ;
#71 = ORIENTED_EDGE ( 'NONE', *, *, #234, .F. ) ;
#72 = ORIENTED_EDGE ( 'NONE', *, *, #1051, .F. ) ;
#73 = EDGE_CURVE ( 'NONE', #1782, #657, #221, .T. ) ;
#74 = CARTESIAN_POINT ( 'NONE',  ( 170.0000000000000000, 0.000000000000000000, 0.000000000000000000 ) ) ;
#75 = FACE_OUTER_BOUND ( 'NONE', #1175, .T. ) ;
#76 = VERTEX_POINT ( 'NONE', #600 ) ;
#77 = FACE_OUTER_BOUND ( 'NONE', #5, .T. ) ;
#78 = DIRECTION ( 'NONE',  ( 1.000000000000000000, 6.086749038515111812E-17, 0.000000000000000000 ) ) ;
#79 =( BOUNDED_CURVE ( )  B_SPLINE_CURVE ( 3, ( #1601, #2219, #217, #835 ),
 .UNSPECIFIED., .F., .F. ) 
 B_SPLINE_CURVE_WITH_KNOTS ( ( 4, 4 ),
 ( 3.141592653589793116, 4.712388980384689674 ),
 .UNSPECIFIED. ) 
 CURVE ( )  GEOMETRIC_REPRESENTATION_ITEM ( )  RATIONAL_B_SPLINE_CURVE ( ( 1.000000000000000000, 0.8047378541243649375, 0.8047378541243649375, 1.000000000000000000 ) ) 
 REPRESENTATION_ITEM ( '' )  );
#80 = DIRECTION ( 'NONE',  ( 1.000000000000000000, -0.000000000000000000, -0.000000000000000000 ) ) ;
#81 = LINE ( 'NONE', #867, #1938 ) ;
#82 = ORIENTED_EDGE ( 'NONE', *, *, #1632, .T. ) ;
#83 = CIRCLE ( 'NONE', #2225, 1.499999999999997780 ) ;
#84 = EDGE_LOOP ( 'NONE', ( #145, #471, #906, #393 ) ) ;
#85 = AXIS2_PLACEMENT_3D ( 'NONE', #34, #856, #1009 ) ;
#86 = PLANE ( 'NONE',  #726 ) ;
#87 = CARTESIAN_POINT ( 'NONE',  ( 128.0000000000000000, 3.849999999999999645, 3.000000000000000000 ) ) ;
#88 = FACE_OUTER_BOUND ( 'NONE', #1555, .T. ) ;
#89 = EDGE_CURVE ( 'NONE', #1870, #2128, #490, .T. ) ;
#90 = AXIS2_PLACEMENT_3D ( 'NONE', #1904, #1116, #913 ) ;
#91 = ORIENTED_EDGE ( 'NONE', *, *, #1541, .T. ) ;
#92 = ORIENTED_EDGE ( 'NONE', *, *, #2428, .T. ) ;
#93 = CARTESIAN_POINT ( 'NONE',  ( 72.00000000000000000, 9.999999999999989342, -12.00000000000000000 ) ) ;
#94 = LINE ( 'NONE', #1288, #2038 ) ;
#95 = ORIENTED_EDGE ( 'NONE', *, *, #426, .F. ) ;
#96 = ORIENTED_EDGE ( 'NONE', *, *, #1162, .T. ) ;
#97 = DIRECTION ( 'NONE',  ( -1.000000000000000000, 0.000000000000000000, 0.000000000000000000 ) ) ;
#98 = DIRECTION ( 'NONE',  ( 0.000000000000000000, 0.000000000000000000, 1.000000000000000000 ) ) ;
#99 = CIRCLE ( 'NONE', #1516, 1.499999999999997780 ) ;
#100 = ORIENTED_EDGE ( 'NONE', *, *, #1313, .F. ) ;
#101 = LINE ( 'NONE', #1274, #934 ) ;
#102 = CARTESIAN_POINT ( 'NONE',  ( 149.0000000000000284, 11.99999999999999822, 3.000000000000000000 ) ) ;
#103 = ADVANCED_FACE ( 'NONE', ( #463 ), #294, .T. ) ;
#104 = DIRECTION ( 'NONE',  ( -1.000000000000000000, 0.000000000000000000, 0.000000000000000000 ) ) ;
#105 = CARTESIAN_POINT ( 'NONE',  ( 128.0000000000000000, 3.849999999999999645, 3.000000000000000000 ) ) ;
#106 = VERTEX_POINT ( 'NONE', #1785 ) ;
#107 = ORIENTED_EDGE ( 'NONE', *, *, #667, .F. ) ;
#108 = CARTESIAN_POINT ( 'NONE',  ( 72.00000000000000000, 25.59999999999999076, -12.00000000000000000 ) ) ;
#109 = CARTESIAN_POINT ( 'NONE',  ( -0.000000000000000000, 7.099999999999999645, 0.000000000000000000 ) ) ;
#110 = DIRECTION ( 'NONE',  ( 0.000000000000000000, -1.000000000000000000, 0.000000000000000000 ) ) ;
#111 = ORIENTED_EDGE ( 'NONE', *, *, #2065, .T. ) ;
#112 = DIRECTION ( 'NONE',  ( -0.000000000000000000, 0.000000000000000000, 1.000000000000000000 ) ) ;
#113 = FACE_OUTER_BOUND ( 'NONE', #886, .T. ) ;
#114 = EDGE_CURVE ( 'NONE', #343, #1791, #1475, .T. ) ;
#115 = LINE ( 'NONE', #1527, #1368 ) ;
#116 = EDGE_LOOP ( 'NONE', ( #1191, #2227, #1679, #193 ) ) ;
#117 = EDGE_CURVE ( 'NONE', #2551, #2345, #2463, .T. ) ;
#118 = ORIENTED_EDGE ( 'NONE', *, *, #650, .F. ) ;
#119 = DIRECTION ( 'NONE',  ( -0.000000000000000000, 1.000000000000000000, -0.000000000000000000 ) ) ;
#120 = LINE ( 'NONE', #1308, #957 ) ;
#121 = CONICAL_SURFACE ( 'NONE', #1499, 1.500000000000000444, 0.7853981633974348453 ) ;
#122 = DIRECTION ( 'NONE',  ( 1.851559150523183588E-64, 1.000000000000000000, 0.000000000000000000 ) ) ;
#123 = VECTOR ( 'NONE', #1603, 1000.000000000000000 ) ;
#124 = AXIS2_PLACEMENT_3D ( 'NONE', #588, #19, #1201 ) ;
#125 = ORIENTED_EDGE ( 'NONE', *, *, #135, .F. ) ;
#126 = CARTESIAN_POINT ( 'NONE',  ( 65.50000000000000000, 3.849999999999999645, 0.000000000000000000 ) ) ;
#127 = PLANE ( 'NONE',  #2495 ) ;
#128 = AXIS2_PLACEMENT_3D ( 'NONE', #1685, #2053, #2295 ) ;
#129 = CARTESIAN_POINT ( 'NONE',  ( 151.0000000000000284, 13.99999999999999822, 2.000000000000000000 ) ) ;
#130 = CARTESIAN_POINT ( 'NONE',  ( 65.50000000000000000, 3.849999999999999645, 1.999999999999989564 ) ) ;
#131 = ORIENTED_EDGE ( 'NONE', *, *, #1971, .F. ) ;
#132 = ADVANCED_FACE ( 'NONE', ( #2436 ), #1470, .F. ) ;
#133 = VERTEX_POINT ( 'NONE', #1695 ) ;
#134 = DIRECTION ( 'NONE',  ( 0.000000000000000000, 0.000000000000000000, 1.000000000000000000 ) ) ;
#135 = EDGE_CURVE ( 'NONE', #2208, #1591, #1926, .T. ) ;
#136 = CARTESIAN_POINT ( 'NONE',  ( 83.49999999999998579, 2.999999999999987121, -16.99999999999999645 ) ) ;
#137 = ORIENTED_EDGE ( 'NONE', *, *, #2341, .T. ) ;
#138 = DIRECTION ( 'NONE',  ( 0.000000000000000000, 0.000000000000000000, 1.000000000000000000 ) ) ;
#139 = DIRECTION ( 'NONE',  ( 4.336808689942017120E-17, 1.000000000000000000, -0.000000000000000000 ) ) ;
#140 = DIRECTION ( 'NONE',  ( 1.000000000000000000, 0.000000000000000000, 0.000000000000000000 ) ) ;
#141 = AXIS2_PLACEMENT_3D ( 'NONE', #441, #1226, #1044 ) ;
#142 = CIRCLE ( 'NONE', #938, 1.500000000000000444 ) ;
#143 = CARTESIAN_POINT ( 'NONE',  ( 22.00000000000000000, 11.99999999999998757, 3.000000000000000000 ) ) ;
#144 = ORIENTED_EDGE ( 'NONE', *, *, #661, .F. ) ;
#145 = ORIENTED_EDGE ( 'NONE', *, *, #1316, .F. ) ;
#146 = DIRECTION ( 'NONE',  ( -0.000000000000000000, 1.000000000000000000, -0.000000000000000000 ) ) ;
#147 = ADVANCED_FACE ( 'NONE', ( #2485 ), #2303, .F. ) ;
#148 = EDGE_LOOP ( 'NONE', ( #1077, #940, #826 ) ) ;
#149 = FACE_OUTER_BOUND ( 'NONE', #1669, .T. ) ;
#150 = FACE_OUTER_BOUND ( 'NONE', #1402, .T. ) ;
#151 = ADVANCED_FACE ( 'NONE', ( #149 ), #530, .F. ) ;
#152 = EDGE_CURVE ( 'NONE', #171, #1408, #705, .T. ) ;
#153 = DIRECTION ( 'NONE',  ( 1.000000000000000000, 0.000000000000000000, 0.000000000000000000 ) ) ;
#154 = ORIENTED_EDGE ( 'NONE', *, *, #951, .T. ) ;
#155 = DIRECTION ( 'NONE',  ( -0.000000000000000000, 0.000000000000000000, 1.000000000000000000 ) ) ;
#156 = VERTEX_POINT ( 'NONE', #1935 ) ;
#157 = CARTESIAN_POINT ( 'NONE',  ( -3.000000000000001776, 5.204170427930424241E-16, 3.000000000000000000 ) ) ;
#158 = CIRCLE ( 'NONE', #325, 2.500000000000030198 ) ;
#159 = ORIENTED_EDGE ( 'NONE', *, *, #1892, .T. ) ;
#160 = CARTESIAN_POINT ( 'NONE',  ( 0.000000000000000000, 0.000000000000000000, -10.00000000000000000 ) ) ;
#161 = VECTOR ( 'NONE', #2297, 1000.000000000000000 ) ;
#162 = DIRECTION ( 'NONE',  ( -0.000000000000000000, -0.000000000000000000, -1.000000000000000000 ) ) ;
#163 = ADVANCED_FACE ( 'NONE', ( #960 ), #947, .T. ) ;
#164 = VECTOR ( 'NONE', #1808, 1000.000000000000000 ) ;
#165 = ORIENTED_EDGE ( 'NONE', *, *, #1407, .F. ) ;
#166 = DIRECTION ( 'NONE',  ( -0.000000000000000000, -0.000000000000000000, -1.000000000000000000 ) ) ;
#167 = AXIS2_PLACEMENT_3D ( 'NONE', #487, #1282, #1568 ) ;
#168 = DIRECTION ( 'NONE',  ( 1.000000000000000000, 0.000000000000000000, 0.000000000000000000 ) ) ;
#169 = VERTEX_POINT ( 'NONE', #1311 ) ;
#170 = CARTESIAN_POINT ( 'NONE',  ( -0.000000000000000000, 9.099999999999999645, 2.000000000000000000 ) ) ;
#171 = VERTEX_POINT ( 'NONE', #1727 ) ;
#172 = LINE ( 'NONE', #776, #1664 ) ;
#173 = EDGE_LOOP ( 'NONE', ( #513, #1997, #2302, #674 ) ) ;
#174 = FACE_BOUND ( 'NONE', #549, .T. ) ;
#175 = DIRECTION ( 'NONE',  ( -0.000000000000000000, 0.000000000000000000, 1.000000000000000000 ) ) ;
#176 = ORIENTED_EDGE ( 'NONE', *, *, #28, .F. ) ;
#177 = CONICAL_SURFACE ( 'NONE', #1833, 2.500000000000011102, 0.7853981633974485010 ) ;
#178 = LINE ( 'NONE', #555, #2005 ) ;
#179 = AXIS2_PLACEMENT_3D ( 'NONE', #2444, #675, #1479 ) ;
#180 = CARTESIAN_POINT ( 'NONE',  ( -5.782411586589293347E-15, 9.999999999999898748, 3.000000000000000000 ) ) ;
#181 = EDGE_CURVE ( 'NONE', #1093, #2340, #721, .T. ) ;
#182 = ORIENTED_EDGE ( 'NONE', *, *, #1407, .T. ) ;
#183 = ORIENTED_EDGE ( 'NONE', *, *, #2144, .F. ) ;
#184 = CALENDAR_DATE ( 2026, 13, 5 ) ;
#185 = DIRECTION ( 'NONE',  ( 0.000000000000000000, 0.000000000000000000, -1.000000000000000000 ) ) ;
#186 = VERTEX_POINT ( 'NONE', #1522 ) ;
#187 = LINE ( 'NONE', #1647, #1874 ) ;
#188 = AXIS2_PLACEMENT_3D ( 'NONE', #1073, #2066, #926 ) ;
#189 = CARTESIAN_POINT ( 'NONE',  ( 171.0000000000000000, 0.000000000000000000, -10.00000000000000000 ) ) ;
#190 = ORIENTED_EDGE ( 'NONE', *, *, #1128, .F. ) ;
#191 = LINE ( 'NONE', #545, #1348 ) ;
#192 = CARTESIAN_POINT ( 'NONE',  ( 72.00000000000000000, 25.59999999999999076, 2.000000000000000000 ) ) ;
#193 = ORIENTED_EDGE ( 'NONE', *, *, #181, .F. ) ;
#194 = DIRECTION ( 'NONE',  ( 0.000000000000000000, 0.000000000000000000, -1.000000000000000000 ) ) ;
#195 = ADVANCED_FACE ( 'NONE', ( #2268 ), #1558, .F. ) ;
#196 = VERTEX_POINT ( 'NONE', #126 ) ;
#197 = CALENDAR_DATE ( 2026, 13, 5 ) ;
#198 = ADVANCED_FACE ( 'NONE', ( #1323 ), #506, .T. ) ;
#199 = ORIENTED_EDGE ( 'NONE', *, *, #89, .T. ) ;
#200 = CARTESIAN_POINT ( 'NONE',  ( 128.0000000000000000, 3.849999999999999645, 3.000000000000000000 ) ) ;
#201 = CARTESIAN_POINT ( 'NONE',  ( 1.000000000000000000, 10.00000000000000000, 0.000000000000000000 ) ) ;
#202 = ORIENTED_EDGE ( 'NONE', *, *, #546, .T. ) ;
#203 = FACE_OUTER_BOUND ( 'NONE', #391, .T. ) ;
#204 = AXIS2_PLACEMENT_3D ( 'NONE', #2432, #1794, #25 ) ;
#205 = DIRECTION ( 'NONE',  ( -1.000000000000000000, -5.782411586589360597E-16, 0.000000000000000000 ) ) ;
#206 = AXIS2_PLACEMENT_3D ( 'NONE', #1367, #570, #2380 ) ;
#207 = DIRECTION ( 'NONE',  ( 0.000000000000000000, 1.000000000000000000, 0.000000000000000000 ) ) ;
#208 = DIRECTION ( 'NONE',  ( 1.000000000000000000, 0.000000000000000000, 0.000000000000000000 ) ) ;
#209 = ORIENTED_EDGE ( 'NONE', *, *, #2451, .F. ) ;
#210 = LINE ( 'NONE', #2397, #1700 ) ;
#211 = VERTEX_POINT ( 'NONE', #305 ) ;
#212 = EDGE_CURVE ( 'NONE', #2182, #2517, #334, .T. ) ;
#213 = FACE_OUTER_BOUND ( 'NONE', #1180, .T. ) ;
#214 = FACE_OUTER_BOUND ( 'NONE', #1083, .T. ) ;
#215 = DIRECTION ( 'NONE',  ( 1.000000000000000000, 0.000000000000000000, 0.000000000000000000 ) ) ;
#216 = VERTEX_POINT ( 'NONE', #357 ) ;
#217 = CARTESIAN_POINT ( 'NONE',  ( 0.4142135623730949789, 9.585786437626905965, 3.000000000000000000 ) ) ;
#218 = DIRECTION ( 'NONE',  ( -1.000000000000000000, -0.000000000000000000, -0.000000000000000000 ) ) ;
#219 = VECTOR ( 'NONE', #429, 1000.000000000000000 ) ;
#220 = AXIS2_PLACEMENT_3D ( 'NONE', #1361, #367, #1948 ) ;
#221 = LINE ( 'NONE', #1802, #1106 ) ;
#222 = CARTESIAN_POINT ( 'NONE',  ( 0.000000000000000000, 0.000000000000000000, -0.9999999999999991118 ) ) ;
#223 = ORIENTED_EDGE ( 'NONE', *, *, #307, .T. ) ;
#224 = VECTOR ( 'NONE', #732, 1000.000000000000114 ) ;
#225 = PERSON_AND_ORGANIZATION_ROLE ( 'creator' ) ;
#226 = PLANE ( 'NONE',  #289 ) ;
#227 = ORIENTED_EDGE ( 'NONE', *, *, #1659, .T. ) ;
#228 = FACE_BOUND ( 'NONE', #1911, .T. ) ;
#229 = DIRECTION ( 'NONE',  ( 1.000000000000000000, 0.000000000000000000, 0.000000000000000000 ) ) ;
#230 = DIRECTION ( 'NONE',  ( -0.000000000000000000, 1.000000000000000000, -0.000000000000000000 ) ) ;
#231 = EDGE_CURVE ( 'NONE', #2039, #106, #2473, .T. ) ;
#232 = VERTEX_POINT ( 'NONE', #1547 ) ;
#233 = CARTESIAN_POINT ( 'NONE',  ( 94.37500000000000000, 3.849999999999999645, 2.000000000000009770 ) ) ;
#234 = EDGE_CURVE ( 'NONE', #632, #2243, #142, .T. ) ;
#235 = ADVANCED_FACE ( 'NONE', ( #911 ), #1125, .F. ) ;
#236 = DIRECTION ( 'NONE',  ( 0.000000000000000000, 1.000000000000000000, 0.000000000000000000 ) ) ;
#237 = EDGE_LOOP ( 'NONE', ( #779, #1636, #1864, #857 ) ) ;
#238 = ORIENTED_EDGE ( 'NONE', *, *, #2159, .F. ) ;
#239 = DIRECTION ( 'NONE',  ( -0.000000000000000000, -1.000000000000000000, -0.000000000000000000 ) ) ;
#240 = CARTESIAN_POINT ( 'NONE',  ( 1.000000000000000000, -1.851559150523183588E-64, 3.000000000000000000 ) ) ;
#241 = ORIENTED_EDGE ( 'NONE', *, *, #251, .F. ) ;
#242 = EDGE_CURVE ( 'NONE', #1477, #1851, #936, .T. ) ;
#243 = LINE ( 'NONE', #1823, #1915 ) ;
#244 = AXIS2_PLACEMENT_3D ( 'NONE', #1913, #175, #781 ) ;
#245 = ADVANCED_FACE ( 'NONE', ( #1533, #2315, #2129, #228, #988, #2194 ), #398, .T. ) ;
#246 = CARTESIAN_POINT ( 'NONE',  ( 171.0000000000000000, 5.000000000000000000, -4.500000000000000888 ) ) ;
#247 = VECTOR ( 'NONE', #1897, 1000.000000000000000 ) ;
#248 = CARTESIAN_POINT ( 'NONE',  ( 81.99999999999998579, 11.00000000000000888, -16.99999999999999645 ) ) ;
#249 = AXIS2_PLACEMENT_3D ( 'NONE', #2230, #2278, #1884 ) ;
#250 = EDGE_LOOP ( 'NONE', ( #587, #100, #1366, #273 ) ) ;
#251 = EDGE_CURVE ( 'NONE', #1553, #1065, #478, .T. ) ;
#252 = VECTOR ( 'NONE', #146, 1000.000000000000000 ) ;
#253 = VECTOR ( 'NONE', #1406, 1000.000000000000000 ) ;
#254 = EDGE_LOOP ( 'NONE', ( #2442, #2311, #257, #1645 ) ) ;
#255 = FACE_OUTER_BOUND ( 'NONE', #766, .T. ) ;
#256 = DIRECTION ( 'NONE',  ( 0.000000000000000000, 1.000000000000000000, 0.000000000000000000 ) ) ;
#257 = ORIENTED_EDGE ( 'NONE', *, *, #451, .F. ) ;
#258 = CARTESIAN_POINT ( 'NONE',  ( 173.0000000000000284, 0.000000000000000000, -9.000000000000001776 ) ) ;
#259 = LINE ( 'NONE', #1436, #1945 ) ;
#260 = ADVANCED_FACE ( 'NONE', ( #1765, #1780 ), #2001, .T. ) ;
#261 = DIRECTION ( 'NONE',  ( 0.000000000000000000, -1.000000000000000000, 0.000000000000000000 ) ) ;
#262 = VERTEX_POINT ( 'NONE', #2140 ) ;
#263 = EDGE_CURVE ( 'NONE', #2545, #2011, #2330, .T. ) ;
#264 = ORIENTED_EDGE ( 'NONE', *, *, #1150, .T. ) ;
#265 = DIRECTION ( 'NONE',  ( -1.000000000000000000, 0.000000000000000000, 0.000000000000000000 ) ) ;
#266 = CARTESIAN_POINT ( 'NONE',  ( 72.00000000000000000, 25.59999999999999076, 2.000000000000000000 ) ) ;
#267 = AXIS2_PLACEMENT_3D ( 'NONE', #605, #11, #1208 ) ;
#268 = ORIENTED_EDGE ( 'NONE', *, *, #231, .F. ) ;
#269 = CARTESIAN_POINT ( 'NONE',  ( -2.000000000000000000, 9.000000000000000000, 3.000000000000000000 ) ) ;
#270 = DIRECTION ( 'NONE',  ( 1.000000000000000000, -1.734723475976806848E-16, 0.000000000000000000 ) ) ;
#271 = LINE ( 'NONE', #222, #2029 ) ;
#272 = DIRECTION ( 'NONE',  ( 0.000000000000000000, 0.000000000000000000, 1.000000000000000000 ) ) ;
#273 = ORIENTED_EDGE ( 'NONE', *, *, #1844, .F. ) ;
#274 = ADVANCED_FACE ( 'NONE', ( #213 ), #2557, .F. ) ;
#275 = ORIENTED_EDGE ( 'NONE', *, *, #661, .T. ) ;
#276 = LINE ( 'NONE', #2229, #2365 ) ;
#277 = CARTESIAN_POINT ( 'NONE',  ( 0.000000000000000000, 9.999999999999989342, 0.000000000000000000 ) ) ;
#278 = EDGE_CURVE ( 'NONE', #1489, #338, #2041, .T. ) ;
#279 = DIRECTION ( 'NONE',  ( -1.000000000000000000, 1.851559150523183588E-64, 0.000000000000000000 ) ) ;
#280 = ORIENTED_EDGE ( 'NONE', *, *, #1971, .T. ) ;
#281 = DIRECTION ( 'NONE',  ( -1.000000000000000000, -7.945298363252550326E-17, 0.000000000000000000 ) ) ;
#282 = CARTESIAN_POINT ( 'NONE',  ( 72.00000000000000000, 12.99999999999999112, -12.00000000000000000 ) ) ;
#283 = CARTESIAN_POINT ( 'NONE',  ( 32.00000000000000000, 3.849999999999999645, 3.000000000000000000 ) ) ;
#284 = CARTESIAN_POINT ( 'NONE',  ( 149.0000000000000284, 0.000000000000000000, 3.000000000000000000 ) ) ;
#285 = ORIENTED_EDGE ( 'NONE', *, *, #2235, .T. ) ;
#286 = CIRCLE ( 'NONE', #1086, 2.500000000000011102 ) ;
#287 = VECTOR ( 'NONE', #1597, 1000.000000000000000 ) ;
#288 = ORIENTED_EDGE ( 'NONE', *, *, #786, .F. ) ;
#289 = AXIS2_PLACEMENT_3D ( 'NONE', #828, #1024, #1805 ) ;
#290 = LINE ( 'NONE', #1094, #1433 ) ;
#291 = FACE_OUTER_BOUND ( 'NONE', #1650, .T. ) ;
#292 = EDGE_CURVE ( 'NONE', #918, #731, #1753, .T. ) ;
#293 = ORIENTED_EDGE ( 'NONE', *, *, #980, .T. ) ;
#294 = SPHERICAL_SURFACE ( 'NONE', #811, 1.000000000000000000 ) ;
#295 = CARTESIAN_POINT ( 'NONE',  ( -3.000000000000002665, 5.000000000000000000, -3.000000000000000000 ) ) ;
#296 = AXIS2_PLACEMENT_3D ( 'NONE', #1160, #2332, #2316 ) ;
#297 = DIRECTION ( 'NONE',  ( -0.000000000000000000, 0.000000000000000000, 1.000000000000000000 ) ) ;
#298 = EDGE_LOOP ( 'NONE', ( #1035, #1465, #1469, #2166 ) ) ;
#299 = VECTOR ( 'NONE', #1523, 1000.000000000000000 ) ;
#300 = ORIENTED_EDGE ( 'NONE', *, *, #386, .T. ) ;
#301 = DIRECTION ( 'NONE',  ( 1.000000000000000000, 0.000000000000000000, 0.000000000000000000 ) ) ;
#302 = DIRECTION ( 'NONE',  ( 1.000000000000000000, 0.000000000000000000, -0.000000000000000000 ) ) ;
#303 = VECTOR ( 'NONE', #119, 1000.000000000000000 ) ;
#304 = ORIENTED_EDGE ( 'NONE', *, *, #1800, .F. ) ;
#305 = CARTESIAN_POINT ( 'NONE',  ( 1.000000000000000000, 15.59999999999998899, 2.000000000000000000 ) ) ;
#306 = DIRECTION ( 'NONE',  ( 1.000000000000000000, -0.000000000000000000, -0.000000000000000000 ) ) ;
#307 = EDGE_CURVE ( 'NONE', #1466, #535, #2532, .T. ) ;
#308 = CARTESIAN_POINT ( 'NONE',  ( 1.000000000000000000, 14.59999999999998721, 3.000000000000000000 ) ) ;
#309 = ADVANCED_FACE ( 'NONE', ( #1584 ), #592, .T. ) ;
#310 = EDGE_CURVE ( 'NONE', #596, #2414, #780, .T. ) ;
#311 = DIRECTION ( 'NONE',  ( -0.000000000000000000, 1.000000000000000000, -0.000000000000000000 ) ) ;
#312 = ORIENTED_EDGE ( 'NONE', *, *, #869, .F. ) ;
#313 = ORIENTED_EDGE ( 'NONE', *, *, #532, .T. ) ;
#314 = PLANE ( 'NONE',  #2121 ) ;
#315 = CARTESIAN_POINT ( 'NONE',  ( -3.000000000000000888, 5.000000000000000000, -0.4999999999999891753 ) ) ;
#316 = CARTESIAN_POINT ( 'NONE',  ( 151.0000000000000284, 13.99999999999999822, 2.000000000000000000 ) ) ;
#317 = ORIENTED_EDGE ( 'NONE', *, *, #1759, .F. ) ;
#318 = DIRECTION ( 'NONE',  ( 1.000000000000000000, 7.945298363252550326E-17, 0.000000000000000000 ) ) ;
#319 = DIRECTION ( 'NONE',  ( 0.000000000000000000, 0.000000000000000000, -1.000000000000000000 ) ) ;
#320 = EDGE_CURVE ( 'NONE', #1008, #2014, #382, .T. ) ;
#321 = CARTESIAN_POINT ( 'NONE',  ( 30.49999999999999645, 3.849999999999999645, 1.999999999999968914 ) ) ;
#322 = DIRECTION ( 'NONE',  ( 1.734723475976799452E-16, 1.000000000000000000, 0.000000000000000000 ) ) ;
#323 = EDGE_CURVE ( 'NONE', #76, #1119, #410, .T. ) ;
#324 = VERTEX_POINT ( 'NONE', #563 ) ;
#325 = AXIS2_PLACEMENT_3D ( 'NONE', #1633, #640, #1075 ) ;
#326 = ORIENTED_EDGE ( 'NONE', *, *, #1162, .F. ) ;
#327 = DIRECTION ( 'NONE',  ( -0.7071067811865332509, 8.659560562354757830E-17, 0.7071067811865617836 ) ) ;
#328 = CONICAL_SURFACE ( 'NONE', #204, 1.499999999999997780, 0.7853981633974539411 ) ;
#329 = CARTESIAN_POINT ( 'NONE',  ( 64.00000000000000000, 3.849999999999999645, 0.000000000000000000 ) ) ;
#330 = VECTOR ( 'NONE', #205, 1000.000000000000000 ) ;
#331 = VECTOR ( 'NONE', #1388, 1000.000000000000000 ) ;
#332 = AXIS2_PLACEMENT_3D ( 'NONE', #1931, #155, #208 ) ;
#333 = EDGE_LOOP ( 'NONE', ( #789, #35, #190, #1749 ) ) ;
#334 = LINE ( 'NONE', #1709, #2541 ) ;
#335 = DIRECTION ( 'NONE',  ( 0.000000000000000000, 0.000000000000000000, -1.000000000000000000 ) ) ;
#336 = DIRECTION ( 'NONE',  ( -5.782411586589354681E-16, 1.000000000000000000, 0.000000000000000000 ) ) ;
#337 = DIRECTION ( 'NONE',  ( -0.000000000000000000, -0.000000000000000000, -1.000000000000000000 ) ) ;
#338 = VERTEX_POINT ( 'NONE', #767 ) ;
#339 = EDGE_CURVE ( 'NONE', #2039, #2014, #1560, .T. ) ;
#340 = VERTEX_POINT ( 'NONE', #618 ) ;
#341 = DIRECTION ( 'NONE',  ( 0.000000000000000000, 0.000000000000000000, 1.000000000000000000 ) ) ;
#342 = LINE ( 'NONE', #1145, #252 ) ;
#343 = VERTEX_POINT ( 'NONE', #1413 ) ;
#344 = DIRECTION ( 'NONE',  ( 4.336808689942017120E-17, 1.000000000000000000, -0.000000000000000000 ) ) ;
#345 = CYLINDRICAL_SURFACE ( 'NONE', #2148, 1.500000000000000444 ) ;
#346 = VECTOR ( 'NONE', #1896, 1000.000000000000000 ) ;
#347 = AXIS2_PLACEMENT_3D ( 'NONE', #824, #18, #664 ) ;
#348 = CARTESIAN_POINT ( 'NONE',  ( 92.00000000000000000, 12.99999999999999112, -22.00000000000000000 ) ) ;
#349 = CIRCLE ( 'NONE', #141, 1.499999999999997780 ) ;
#350 = DIRECTION ( 'NONE',  ( 0.000000000000000000, 0.000000000000000000, -1.000000000000000000 ) ) ;
#351 = EDGE_LOOP ( 'NONE', ( #2489, #1640, #1562, #2239 ) ) ;
#352 = CARTESIAN_POINT ( 'NONE',  ( 170.0000000000000000, 14.59999999999999787, 3.000000000000000000 ) ) ;
#353 = ORIENTED_EDGE ( 'NONE', *, *, #1238, .T. ) ;
#354 = EDGE_CURVE ( 'NONE', #1336, #1093, #2202, .T. ) ;
#355 = FACE_OUTER_BOUND ( 'NONE', #2034, .T. ) ;
#356 = ORIENTED_EDGE ( 'NONE', *, *, #963, .T. ) ;
#357 = CARTESIAN_POINT ( 'NONE',  ( -3.000000000000000000, 9.999999999999998224, -9.000000000000001776 ) ) ;
#358 = LINE ( 'NONE', #578, #1744 ) ;
#359 = CC_DESIGN_PERSON_AND_ORGANIZATION_ASSIGNMENT ( #1606, #827, ( #2271 ) ) ;
#360 = CARTESIAN_POINT ( 'NONE',  ( 171.0000000000000000, 14.59999999999999787, 2.000000000000000000 ) ) ;
#361 = CARTESIAN_POINT ( 'NONE',  ( 33.50000000000000000, 3.849999999999999645, 3.000000000000000000 ) ) ;
#362 = EDGE_LOOP ( 'NONE', ( #1922, #842, #1278, #536 ) ) ;
#363 = ORIENTED_EDGE ( 'NONE', *, *, #1729, .F. ) ;
#364 = CARTESIAN_POINT ( 'NONE',  ( 88.00000000000000000, 18.59999999999999076, -12.00000000000000000 ) ) ;
#365 = VECTOR ( 'NONE', #2222, 1000.000000000000000 ) ;
#366 = ORIENTED_EDGE ( 'NONE', *, *, #2251, .T. ) ;
#367 = DIRECTION ( 'NONE',  ( 1.000000000000000000, 0.000000000000000000, 0.000000000000000000 ) ) ;
#368 = AXIS2_PLACEMENT_3D ( 'NONE', #1574, #1380, #416 ) ;
#369 = LINE ( 'NONE', #2130, #2405 ) ;
#370 = ADVANCED_FACE ( 'NONE', ( #174, #2342 ), #576, .F. ) ;
#371 = AXIS2_PLACEMENT_3D ( 'NONE', #2215, #256, #2013 ) ;
#372 = ORIENTED_EDGE ( 'NONE', *, *, #1238, .F. ) ;
#373 = FACE_OUTER_BOUND ( 'NONE', #1042, .T. ) ;
#374 = CONICAL_SURFACE ( 'NONE', #2228, 1.500000000000001332, 0.7853981633974281840 ) ;
#375 = CARTESIAN_POINT ( 'NONE',  ( 171.0000000000000000, 0.000000000000000000, 3.000000000000000000 ) ) ;
#376 = VECTOR ( 'NONE', #2438, 1000.000000000000000 ) ;
#377 = ORIENTED_EDGE ( 'NONE', *, *, #1279, .F. ) ;
#378 = ORIENTED_EDGE ( 'NONE', *, *, #2033, .F. ) ;
#379 = PERSON_AND_ORGANIZATION_ROLE ( 'creator' ) ;
#380 = CARTESIAN_POINT ( 'NONE',  ( 170.0000000000000000, 15.59999999999999964, 2.000000000000000000 ) ) ;
#381 = ORIENTED_EDGE ( 'NONE', *, *, #1279, .T. ) ;
#382 = LINE ( 'NONE', #805, #431 ) ;
#383 = DIRECTION ( 'NONE',  ( -0.7071067811865356934, 8.659560562354788645E-17, 0.7071067811865593411 ) ) ;
#384 = VECTOR ( 'NONE', #2028, 1000.000000000000000 ) ;
#385 = ORIENTED_EDGE ( 'NONE', *, *, #499, .T. ) ;
#386 = EDGE_CURVE ( 'NONE', #1791, #725, #187, .T. ) ;
#387 = VECTOR ( 'NONE', #1989, 1000.000000000000000 ) ;
#388 = CARTESIAN_POINT ( 'NONE',  ( 30.49999999999999645, 3.849999999999999645, 0.000000000000000000 ) ) ;
#389 = CIRCLE ( 'NONE', #470, 2.624999999999988454 ) ;
#390 = LINE ( 'NONE', #192, #577 ) ;
#391 = EDGE_LOOP ( 'NONE', ( #428, #607, #241, #874, #1822, #1758, #2019, #698, #2314, #529, #2248, #14, #2361, #1130 ) ) ;
#392 = EDGE_CURVE ( 'NONE', #880, #1755, #461, .T. ) ;
#393 = ORIENTED_EDGE ( 'NONE', *, *, #1034, .F. ) ;
#394 = DIRECTION ( 'NONE',  ( 1.000000000000000000, 0.000000000000000000, 0.000000000000000000 ) ) ;
#395 = CC_DESIGN_DATE_AND_TIME_ASSIGNMENT ( #21, #49, ( #635 ) ) ;
#396 = CARTESIAN_POINT ( 'NONE',  ( 92.00000000000000000, 9.999999999999989342, -22.00000000000000000 ) ) ;
#397 = VERTEX_POINT ( 'NONE', #1467 ) ;
#398 = PLANE ( 'NONE',  #1921 ) ;
#399 = LINE ( 'NONE', #1013, #287 ) ;
#400 = ORIENTED_EDGE ( 'NONE', *, *, #1488, .T. ) ;
#401 = DIRECTION ( 'NONE',  ( 1.000000000000000000, 0.000000000000000000, 0.000000000000000000 ) ) ;
#402 = PLANE ( 'NONE',  #1773 ) ;
#403 = DIRECTION ( 'NONE',  ( -0.000000000000000000, -0.000000000000000000, -1.000000000000000000 ) ) ;
#404 = FACE_OUTER_BOUND ( 'NONE', #298, .T. ) ;
#405 = ADVANCED_FACE ( 'NONE', ( #255 ), #1069, .F. ) ;
#406 = ORIENTED_EDGE ( 'NONE', *, *, #2188, .T. ) ;
#407 = PERSON_AND_ORGANIZATION_ROLE ( 'classification_officer' ) ;
#408 = CARTESIAN_POINT ( 'NONE',  ( -3.000000000000000000, 9.999999999999998224, 2.000000000000000000 ) ) ;
#409 = ORIENTED_EDGE ( 'NONE', *, *, #902, .T. ) ;
#410 = LINE ( 'NONE', #23, #2496 ) ;
#411 = CARTESIAN_POINT ( 'NONE',  ( 75.99999999999998579, 18.59999999999999076, -6.999999999999999112 ) ) ;
#412 = ORIENTED_EDGE ( 'NONE', *, *, #680, .F. ) ;
#413 = VECTOR ( 'NONE', #337, 1000.000000000000000 ) ;
#414 = CARTESIAN_POINT ( 'NONE',  ( 92.00000000000000000, 15.59999999999999432, 0.000000000000000000 ) ) ;
#415 = VECTOR ( 'NONE', #2481, 1000.000000000000000 ) ;
#416 = DIRECTION ( 'NONE',  ( 1.000000000000000000, 0.000000000000000000, 0.000000000000000000 ) ) ;
#417 = CIRCLE ( 'NONE', #1821, 1.500000000000001332 ) ;
#418 = DIRECTION ( 'NONE',  ( 0.000000000000000000, -1.000000000000000000, 0.000000000000000000 ) ) ;
#419 = DIRECTION ( 'NONE',  ( -1.851559150523183588E-64, -1.000000000000000000, -0.000000000000000000 ) ) ;
#420 = AXIS2_PLACEMENT_3D ( 'NONE', #1498, #2273, #394 ) ;
#421 = VERTEX_POINT ( 'NONE', #2430 ) ;
#422 = ADVANCED_FACE ( 'NONE', ( #1258, #1038 ), #830, .T. ) ;
#423 = ORIENTED_EDGE ( 'NONE', *, *, #1716, .T. ) ;
#424 = CARTESIAN_POINT ( 'NONE',  ( -0.000000000000000000, 0.000000000000000000, -10.00000000000000000 ) ) ;
#425 = LINE ( 'NONE', #2401, #1732 ) ;
#426 = EDGE_CURVE ( 'NONE', #2345, #956, #1270, .T. ) ;
#427 = ADVANCED_FACE ( 'NONE', ( #658, #871 ), #86, .T. ) ;
#428 = ORIENTED_EDGE ( 'NONE', *, *, #1115, .T. ) ;
#429 = DIRECTION ( 'NONE',  ( -0.000000000000000000, -0.000000000000000000, -1.000000000000000000 ) ) ;
#430 = VECTOR ( 'NONE', #1114, 1000.000000000000000 ) ;
#431 = VECTOR ( 'NONE', #2373, 1000.000000000000000 ) ;
#432 = CARTESIAN_POINT ( 'NONE',  ( -3.000000000000002665, 5.000000000000000000, -1.499999999999999334 ) ) ;
#433 = ORIENTED_EDGE ( 'NONE', *, *, #1991, .F. ) ;
#434 = VECTOR ( 'NONE', #1563, 1000.000000000000000 ) ;
#435 = CIRCLE ( 'NONE', #2542, 1.000000000000000000 ) ;
#436 = EDGE_CURVE ( 'NONE', #725, #899, #1657, .T. ) ;
#437 = ORIENTED_EDGE ( 'NONE', *, *, #386, .F. ) ;
#438 = DIRECTION ( 'NONE',  ( -1.000000000000000000, 1.734723475976807094E-16, 0.000000000000000000 ) ) ;
#439 = DIRECTION ( 'NONE',  ( 1.000000000000000000, 0.000000000000000000, 0.000000000000000000 ) ) ;
#440 = EDGE_LOOP ( 'NONE', ( #2197, #1515 ) ) ;
#441 = CARTESIAN_POINT ( 'NONE',  ( 81.99999999999998579, 11.00000000000000888, -16.99999999999999645 ) ) ;
#442 = APPROVAL ( #1023, 'UNSPECIFIED' ) ;
#443 = CARTESIAN_POINT ( 'NONE',  ( 75.99999999999998579, 15.49999999999998934, -6.999999999999999112 ) ) ;
#444 = FACE_OUTER_BOUND ( 'NONE', #237, .T. ) ;
#445 = ORIENTED_EDGE ( 'NONE', *, *, #1488, .F. ) ;
#446 = ORIENTED_EDGE ( 'NONE', *, *, #307, .F. ) ;
#447 = CARTESIAN_POINT ( 'NONE',  ( -2.000000000000001776, 3.469446951953616654E-16, 2.000000000000000000 ) ) ;
#448 = CARTESIAN_POINT ( 'NONE',  ( -3.000000000000000000, 9.999999999999998224, 3.000000000000000000 ) ) ;
#449 = EDGE_LOOP ( 'NONE', ( #2111, #1656, #2072, #882 ) ) ;
#450 = CARTESIAN_POINT ( 'NONE',  ( 170.0000000000000000, 14.59999999999999787, 3.000000000000000000 ) ) ;
#451 = EDGE_CURVE ( 'NONE', #1221, #2139, #61, .T. ) ;
#452 = VECTOR ( 'NONE', #942, 1000.000000000000000 ) ;
#453 = CARTESIAN_POINT ( 'NONE',  ( 1.851559150523183318E-63, 9.999999999999998224, 0.000000000000000000 ) ) ;
#454 = VECTOR ( 'NONE', #2216, 1000.000000000000000 ) ;
#455 = VECTOR ( 'NONE', #1757, 1000.000000000000000 ) ;
#456 = ADVANCED_FACE ( 'NONE', ( #1281 ), #177, .F. ) ;
#457 = CARTESIAN_POINT ( 'NONE',  ( 0.000000000000000000, 0.000000000000000000, 3.000000000000000000 ) ) ;
#458 = VECTOR ( 'NONE', #740, 1000.000000000000000 ) ;
#459 = ORIENTED_EDGE ( 'NONE', *, *, #983, .T. ) ;
#460 = ORIENTED_EDGE ( 'NONE', *, *, #1520, .F. ) ;
#461 = LINE ( 'NONE', #74, #765 ) ;
#462 = ORIENTED_EDGE ( 'NONE', *, *, #1763, .T. ) ;
#463 = FACE_OUTER_BOUND ( 'NONE', #148, .T. ) ;
#464 = CARTESIAN_POINT ( 'NONE',  ( 96.00000000000000000, 3.849999999999999645, 2.000000000000009770 ) ) ;
#465 = EDGE_CURVE ( 'NONE', #1569, #2357, #276, .T. ) ;
#466 = CARTESIAN_POINT ( 'NONE',  ( 171.0000000000000000, 9.999999999999998224, 3.000000000000000000 ) ) ;
#467 = CARTESIAN_POINT ( 'NONE',  ( 81.99999999999998579, 12.99999999999999112, -13.49999999999999467 ) ) ;
#468 = EDGE_CURVE ( 'NONE', #2243, #60, #1853, .T. ) ;
#469 = EDGE_LOOP ( 'NONE', ( #423, #268, #2050, #2190 ) ) ;
#470 = AXIS2_PLACEMENT_3D ( 'NONE', #44, #2452, #671 ) ;
#471 = ORIENTED_EDGE ( 'NONE', *, *, #2410, .F. ) ;
#472 = DIRECTION ( 'NONE',  ( 0.000000000000000000, 0.000000000000000000, 1.000000000000000000 ) ) ;
#473 = FACE_BOUND ( 'NONE', #1421, .T. ) ;
#474 = CARTESIAN_POINT ( 'NONE',  ( 92.00000000000000000, 12.99999999999999112, -22.00000000000000000 ) ) ;
#475 = CONICAL_SURFACE ( 'NONE', #1881, 1.625000000000001332, 0.7853981633974453924 ) ;
#476 = VECTOR ( 'NONE', #742, 1000.000000000000000 ) ;
#477 = ORIENTED_EDGE ( 'NONE', *, *, #891, .F. ) ;
#478 = LINE ( 'NONE', #424, #815 ) ;
#479 = CARTESIAN_POINT ( 'NONE',  ( 92.00000000000000000, 20.59999999999999076, -12.00000000000000000 ) ) ;
#480 = DIRECTION ( 'NONE',  ( 1.000000000000000000, 0.000000000000000000, 0.000000000000000000 ) ) ;
#481 = CARTESIAN_POINT ( 'NONE',  ( 65.50000000000000000, 3.849999999999999645, 1.999999999999989564 ) ) ;
#482 = ORIENTED_EDGE ( 'NONE', *, *, #2376, .F. ) ;
#483 = EDGE_CURVE ( 'NONE', #2208, #548, #1916, .T. ) ;
#484 = ORIENTED_EDGE ( 'NONE', *, *, #522, .F. ) ;
#485 = DIRECTION ( 'NONE',  ( 0.000000000000000000, 0.000000000000000000, 1.000000000000000000 ) ) ;
#486 = DIRECTION ( 'NONE',  ( 0.000000000000000000, 1.000000000000000000, 0.000000000000000000 ) ) ;
#487 = CARTESIAN_POINT ( 'NONE',  ( 32.00000000000000000, 3.849999999999999645, 1.999999999999968914 ) ) ;
#488 = ADVANCED_FACE ( 'NONE', ( #1842 ), #845, .F. ) ;
#489 = ORIENTED_EDGE ( 'NONE', *, *, #2478, .F. ) ;
#490 = LINE ( 'NONE', #2176, #1598 ) ;
#491 = PLANE ( 'NONE',  #2008 ) ;
#492 = CARTESIAN_POINT ( 'NONE',  ( 72.00000000000000000, 15.59999999999998899, 2.000000000000000000 ) ) ;
#493 = VECTOR ( 'NONE', #1266, 1000.000000000000000 ) ;
#494 = DIRECTION ( 'NONE',  ( -1.851559150523183588E-64, -1.000000000000000000, 0.000000000000000000 ) ) ;
#495 = ORIENTED_EDGE ( 'NONE', *, *, #2159, .T. ) ;
#496 = CIRCLE ( 'NONE', #1903, 2.624999999999988454 ) ;
#497 = CIRCLE ( 'NONE', #2189, 3.500000000000003109 ) ;
#498 = ORIENTED_EDGE ( 'NONE', *, *, #1567, .T. ) ;
#499 = EDGE_CURVE ( 'NONE', #1735, #1068, #2167, .T. ) ;
#500 = VECTOR ( 'NONE', #958, 1000.000000000000000 ) ;
#501 = CARTESIAN_POINT ( 'NONE',  ( 33.50000000000000000, 3.849999999999999645, 0.000000000000000000 ) ) ;
#502 = CARTESIAN_POINT ( 'NONE',  ( 30.49999999999999645, 3.849999999999999645, 3.000000000000000000 ) ) ;
#503 = CARTESIAN_POINT ( 'NONE',  ( 22.00000000000000000, 0.000000000000000000, 3.000000000000000000 ) ) ;
#504 = ORGANIZATION ( 'UNSPECIFIED', 'UNSPECIFIED', '' ) ;
#505 = ORIENTED_EDGE ( 'NONE', *, *, #821, .T. ) ;
#506 = CYLINDRICAL_SURFACE ( 'NONE', #2083, 1.000000000000000000 ) ;
#507 = EDGE_CURVE ( 'NONE', #535, #2281, #1027, .T. ) ;
#508 = ADVANCED_FACE ( 'NONE', ( #36 ), #1427, .T. ) ;
#509 = DIRECTION ( 'NONE',  ( 1.000000000000000000, 0.000000000000000000, 0.000000000000000000 ) ) ;
#510 = DIRECTION ( 'NONE',  ( -0.000000000000000000, -0.000000000000000000, -1.000000000000000000 ) ) ;
#511 = LINE ( 'NONE', #143, #452 ) ;
#512 = ORIENTED_EDGE ( 'NONE', *, *, #152, .F. ) ;
#513 = ORIENTED_EDGE ( 'NONE', *, *, #522, .T. ) ;
#514 = FACE_OUTER_BOUND ( 'NONE', #808, .T. ) ;
#515 = DIRECTION ( 'NONE',  ( 1.851559150523183588E-64, 1.000000000000000000, 0.000000000000000000 ) ) ;
#516 = EDGE_CURVE ( 'NONE', #2507, #211, #2538, .T. ) ;
#517 = ORIENTED_EDGE ( 'NONE', *, *, #716, .T. ) ;
#518 = CARTESIAN_POINT ( 'NONE',  ( 0.000000000000000000, 0.000000000000000000, -10.00000000000000000 ) ) ;
#519 = VECTOR ( 'NONE', #166, 1000.000000000000000 ) ;
#520 = CIRCLE ( 'NONE', #1227, 1.000000000000000000 ) ;
#521 = DIRECTION ( 'NONE',  ( -1.000000000000000000, 0.000000000000000000, 0.000000000000000000 ) ) ;
#522 = EDGE_CURVE ( 'NONE', #993, #704, #1060, .T. ) ;
#523 = CARTESIAN_POINT ( 'NONE',  ( 128.0000000000000000, 3.849999999999999645, 1.999999999999989564 ) ) ;
#524 = LINE ( 'NONE', #1404, #455 ) ;
#525 = ORIENTED_EDGE ( 'NONE', *, *, #426, .T. ) ;
#526 = ORIENTED_EDGE ( 'NONE', *, *, #716, .F. ) ;
#527 = DIRECTION ( 'NONE',  ( -1.000000000000000000, -0.000000000000000000, 0.000000000000000000 ) ) ;
#528 = DIRECTION ( 'NONE',  ( 0.000000000000000000, 0.000000000000000000, 1.000000000000000000 ) ) ;
#529 = ORIENTED_EDGE ( 'NONE', *, *, #1235, .T. ) ;
#530 = PLANE ( 'NONE',  #2124 ) ;
#531 = FACE_OUTER_BOUND ( 'NONE', #1273, .T. ) ;
#532 = EDGE_CURVE ( 'NONE', #2325, #976, #1121, .T. ) ;
#533 = FACE_OUTER_BOUND ( 'NONE', #1723, .T. ) ;
#534 = DIRECTION ( 'NONE',  ( 1.000000000000000000, -1.734723475976806848E-16, 0.000000000000000000 ) ) ;
#535 = VERTEX_POINT ( 'NONE', #108 ) ;
#536 = ORIENTED_EDGE ( 'NONE', *, *, #699, .F. ) ;
#537 = CARTESIAN_POINT ( 'NONE',  ( 0.000000000000000000, 0.000000000000000000, 0.000000000000000000 ) ) ;
#538 = AXIS2_PLACEMENT_3D ( 'NONE', #2494, #2091, #2060 ) ;
#539 = PLANE ( 'NONE',  #2151 ) ;
#540 = AXIS2_PLACEMENT_3D ( 'NONE', #1154, #994, #194 ) ;
#541 = EDGE_LOOP ( 'NONE', ( #1733, #1396, #2160, #2469 ) ) ;
#542 = CARTESIAN_POINT ( 'NONE',  ( 88.00000000000000000, 18.59999999999999076, -2.000000000000000000 ) ) ;
#543 = LINE ( 'NONE', #2118, #847 ) ;
#544 = AXIS2_PLACEMENT_3D ( 'NONE', #2236, #1666, #69 ) ;
#545 = CARTESIAN_POINT ( 'NONE',  ( 22.00000000000000000, 0.000000000000000000, 3.000000000000000000 ) ) ;
#546 = EDGE_CURVE ( 'NONE', #1880, #1713, #1866, .T. ) ;
#547 = FACE_OUTER_BOUND ( 'NONE', #351, .T. ) ;
#548 = VERTEX_POINT ( 'NONE', #2470 ) ;
#549 = EDGE_LOOP ( 'NONE', ( #96, #1717, #1673, #2263 ) ) ;
#550 = CARTESIAN_POINT ( 'NONE',  ( 171.0000000000000000, 5.000000000000000000, -1.499999999999999334 ) ) ;
#551 = ORIENTED_EDGE ( 'NONE', *, *, #1204, .F. ) ;
#552 = CARTESIAN_POINT ( 'NONE',  ( -0.000000000000000000, 7.099999999999999645, 2.000000000000000000 ) ) ;
#553 = FACE_OUTER_BOUND ( 'NONE', #1592, .T. ) ;
#554 = VECTOR ( 'NONE', #1768, 1000.000000000000000 ) ;
#555 = CARTESIAN_POINT ( 'NONE',  ( 1.000000000000000000, 15.59999999999998899, 3.000000000000000000 ) ) ;
#556 = LINE ( 'NONE', #361, #750 ) ;
#557 = ORIENTED_EDGE ( 'NONE', *, *, #2323, .T. ) ;
#558 = VECTOR ( 'NONE', #694, 1000.000000000000000 ) ;
#559 = ORIENTED_EDGE ( 'NONE', *, *, #1046, .T. ) ;
#560 = EDGE_CURVE ( 'NONE', #1569, #2256, #1714, .T. ) ;
#561 = CARTESIAN_POINT ( 'NONE',  ( 171.0000000000000000, 9.999999999999998224, 2.000000000000000000 ) ) ;
#562 = VERTEX_POINT ( 'NONE', #501 ) ;
#563 = CARTESIAN_POINT ( 'NONE',  ( 170.0000000000000000, 9.999999999999998224, 3.000000000000000000 ) ) ;
#564 = CARTESIAN_POINT ( 'NONE',  ( -5.782411586589361189E-15, 10.00000000000000000, -10.00000000000000000 ) ) ;
#565 = EDGE_CURVE ( 'NONE', #2256, #954, #739, .T. ) ;
#566 = ORIENTED_EDGE ( 'NONE', *, *, #680, .T. ) ;
#567 = CARTESIAN_POINT ( 'NONE',  ( 1.851559150523183318E-63, 9.999999999999998224, 2.000000000000000000 ) ) ;
#568 = CARTESIAN_POINT ( 'NONE',  ( 173.0000000000000284, 0.000000000000000000, -9.000000000000001776 ) ) ;
#569 = VERTEX_POINT ( 'NONE', #1883 ) ;
#570 = DIRECTION ( 'NONE',  ( 0.000000000000000000, 0.000000000000000000, 1.000000000000000000 ) ) ;
#571 = ORIENTED_EDGE ( 'NONE', *, *, #840, .T. ) ;
#572 = CARTESIAN_POINT ( 'NONE',  ( 97.62500000000000000, 3.849999999999999645, 2.000000000000009770 ) ) ;
#573 = EDGE_CURVE ( 'NONE', #2447, #51, #2277, .T. ) ;
#574 = ORIENTED_EDGE ( 'NONE', *, *, #786, .T. ) ;
#575 = AXIS2_PLACEMENT_3D ( 'NONE', #1196, #1819, #439 ) ;
#576 = PLANE ( 'NONE',  #2411 ) ;
#577 = VECTOR ( 'NONE', #965, 1000.000000000000000 ) ;
#578 = CARTESIAN_POINT ( 'NONE',  ( 75.99999999999998579, 18.59999999999999076, -2.000000000000000000 ) ) ;
#579 = CIRCLE ( 'NONE', #540, 1.500000000000000444 ) ;
#580 = ADVANCED_FACE ( 'NONE', ( #1490 ), #1704, .T. ) ;
#581 = ORIENTED_EDGE ( 'NONE', *, *, #1202, .T. ) ;
#582 = EDGE_CURVE ( 'NONE', #1634, #1880, #63, .T. ) ;
#583 = CARTESIAN_POINT ( 'NONE',  ( 130.4999999999999716, 3.849999999999999645, 3.000000000000000000 ) ) ;
#584 = AXIS2_PLACEMENT_3D ( 'NONE', #1294, #885, #898 ) ;
#585 = DIRECTION ( 'NONE',  ( 1.000000000000000000, 5.135813185032624270E-31, 0.000000000000000000 ) ) ;
#586 = APPROVAL_PERSON_ORGANIZATION ( #1036, #2468, #1973 ) ;
#587 = ORIENTED_EDGE ( 'NONE', *, *, #1567, .F. ) ;
#588 = CARTESIAN_POINT ( 'NONE',  ( 32.00000000000000000, 3.849999999999999645, 1.999999999999968914 ) ) ;
#589 = ORIENTED_EDGE ( 'NONE', *, *, #1524, .T. ) ;
#590 = CARTESIAN_POINT ( 'NONE',  ( 88.00000000000000000, 15.49999999999998934, -2.000000000000000000 ) ) ;
#591 = ORIENTED_EDGE ( 'NONE', *, *, #2417, .F. ) ;
#592 = CYLINDRICAL_SURFACE ( 'NONE', #1710, 1.000000000000000000 ) ;
#593 = FACE_OUTER_BOUND ( 'NONE', #2408, .T. ) ;
#594 = EDGE_CURVE ( 'NONE', #156, #2340, #686, .T. ) ;
#595 = CIRCLE ( 'NONE', #1869, 1.500000000000001332 ) ;
#596 = VERTEX_POINT ( 'NONE', #920 ) ;
#597 = FACE_OUTER_BOUND ( 'NONE', #1026, .T. ) ;
#598 = ADVANCED_FACE ( 'NONE', ( #514 ), #314, .F. ) ;
#599 = CARTESIAN_POINT ( 'NONE',  ( 22.00000000000000000, 9.099999999999999645, 2.000000000000000000 ) ) ;
#600 = CARTESIAN_POINT ( 'NONE',  ( 151.0000000000000284, 13.99999999999999822, 0.000000000000000000 ) ) ;
#601 = AXIS2_PLACEMENT_3D ( 'NONE', #200, #1195, #1975 ) ;
#602 = ORIENTED_EDGE ( 'NONE', *, *, #2433, .T. ) ;
#603 = PERSON_AND_ORGANIZATION ( #652, #504 ) ;
#604 = VERTEX_POINT ( 'NONE', #907 ) ;
#605 = CARTESIAN_POINT ( 'NONE',  ( 0.000000000000000000, 0.000000000000000000, -10.00000000000000000 ) ) ;
#606 = CARTESIAN_POINT ( 'NONE',  ( 171.0000000000000000, 0.000000000000000000, -10.00000000000000000 ) ) ;
#607 = ORIENTED_EDGE ( 'NONE', *, *, #1745, .T. ) ;
#608 = DIRECTION ( 'NONE',  ( 0.000000000000000000, 0.000000000000000000, 1.000000000000000000 ) ) ;
#609 = CARTESIAN_POINT ( 'NONE',  ( 170.0000000000000000, 15.59999999999999964, 0.000000000000000000 ) ) ;
#610 = EDGE_CURVE ( 'NONE', #993, #338, #1320, .T. ) ;
#611 = DIRECTION ( 'NONE',  ( -1.000000000000000000, 0.000000000000000000, 0.000000000000000000 ) ) ;
#612 = PLANE ( 'NONE',  #1542 ) ;
#613 = EDGE_CURVE ( 'NONE', #2298, #1221, #1303, .T. ) ;
#614 = ORIENTED_EDGE ( 'NONE', *, *, #242, .T. ) ;
#615 = PERSON_AND_ORGANIZATION_ROLE ( 'design_supplier' ) ;
#616 = DIRECTION ( 'NONE',  ( 0.000000000000000000, 0.000000000000000000, -1.000000000000000000 ) ) ;
#617 = EDGE_LOOP ( 'NONE', ( #20, #2543, #412, #2056 ) ) ;
#618 = CARTESIAN_POINT ( 'NONE',  ( 149.0000000000000284, 9.099999999999999645, 2.000000000000000000 ) ) ;
#619 = CARTESIAN_POINT ( 'NONE',  ( 173.0000000000000284, 5.000000000000000000, -3.000000000000000000 ) ) ;
#620 = ORIENTED_EDGE ( 'NONE', *, *, #1795, .F. ) ;
#621 = AXIS2_PLACEMENT_3D ( 'NONE', #284, #2211, #2466 ) ;
#622 = FACE_OUTER_BOUND ( 'NONE', #84, .T. ) ;
#623 = CIRCLE ( 'NONE', #1246, 1.000000000000000888 ) ;
#624 = CARTESIAN_POINT ( 'NONE',  ( -2.000000000000001776, 0.000000000000000000, 3.000000000000000000 ) ) ;
#625 = CONICAL_SURFACE ( 'NONE', #124, 1.500000000000001332, 0.7853981633974457255 ) ;
#626 = CARTESIAN_POINT ( 'NONE',  ( 72.00000000000000000, 9.999999999999989342, -6.999999999999999112 ) ) ;
#627 = EDGE_CURVE ( 'NONE', #1880, #1755, #2508, .T. ) ;
#628 = LOCAL_TIME ( 13, 55, 27.00000000000000000, #630 ) ;
#629 = ORIENTED_EDGE ( 'NONE', *, *, #242, .F. ) ;
#630 = COORDINATED_UNIVERSAL_TIME_OFFSET ( 1, 0, .AHEAD. ) ;
#631 = DIRECTION ( 'NONE',  ( 0.000000000000000000, -1.000000000000000000, 0.000000000000000000 ) ) ;
#632 = VERTEX_POINT ( 'NONE', #2114 ) ;
#633 = CARTESIAN_POINT ( 'NONE',  ( 81.99999999999998579, 9.999999999999989342, -16.99999999999999645 ) ) ;
#634 = DIRECTION ( 'NONE',  ( -1.000000000000000000, -5.782411586589351722E-16, 0.000000000000000000 ) ) ;
#635 = PRODUCT_DEFINITION ( 'UNKNOWN', '', #2487, #1118 ) ;
#636 = ORIENTED_EDGE ( 'NONE', *, *, #451, .T. ) ;
#637 = DIRECTION ( 'NONE',  ( -0.000000000000000000, -0.000000000000000000, -1.000000000000000000 ) ) ;
#638 = DIRECTION ( 'NONE',  ( 0.000000000000000000, 1.000000000000000000, 0.000000000000000000 ) ) ;
#639 = AXIS2_PLACEMENT_3D ( 'NONE', #727, #1518, #341 ) ;
#640 = DIRECTION ( 'NONE',  ( 0.000000000000000000, -0.000000000000000000, -1.000000000000000000 ) ) ;
#641 = ORIENTED_EDGE ( 'NONE', *, *, #2323, .F. ) ;
#642 = AXIS2_PLACEMENT_3D ( 'NONE', #1549, #1392, #2523 ) ;
#643 = AXIS2_PLACEMENT_3D ( 'NONE', #1494, #2078, #2292 ) ;
#644 = AXIS2_PLACEMENT_3D ( 'NONE', #258, #1798, #865 ) ;
#645 = ORIENTED_EDGE ( 'NONE', *, *, #1511, .F. ) ;
#646 = EDGE_CURVE ( 'NONE', #2128, #1841, #290, .T. ) ;
#647 = DIRECTION ( 'NONE',  ( 0.000000000000000000, 1.000000000000000000, -0.000000000000000000 ) ) ;
#648 = DIRECTION ( 'NONE',  ( -0.000000000000000000, -1.000000000000000000, -0.000000000000000000 ) ) ;
#649 = ORIENTED_EDGE ( 'NONE', *, *, #997, .F. ) ;
#650 = EDGE_CURVE ( 'NONE', #1591, #1782, #99, .T. ) ;
#651 = DIRECTION ( 'NONE',  ( -0.7071067811865454633, 8.659560562354908206E-17, 0.7071067811865495711 ) ) ;
#652 = PERSON ( 'UNSPECIFIED', 'UNSPECIFIED', 'UNSPECIFIED', ('UNSPECIFIED'), ('UNSPECIFIED'), ('UNSPECIFIED') ) ;
#653 = DIRECTION ( 'NONE',  ( 1.000000000000000000, 0.000000000000000000, 0.000000000000000000 ) ) ;
#654 = LINE ( 'NONE', #1449, #365 ) ;
#655 = ORIENTED_EDGE ( 'NONE', *, *, #1316, .T. ) ;
#656 = CARTESIAN_POINT ( 'NONE',  ( 171.0000000000000000, 5.000000000000000000, -3.000000000000000000 ) ) ;
#657 = VERTEX_POINT ( 'NONE', #467 ) ;
#658 = FACE_BOUND ( 'NONE', #677, .T. ) ;
#659 = CARTESIAN_POINT ( 'NONE',  ( 0.000000000000000000, 0.000000000000000000, 0.000000000000000000 ) ) ;
#660 = PLANE ( 'NONE',  #1902 ) ;
#661 = EDGE_CURVE ( 'NONE', #1851, #1540, #2458, .T. ) ;
#662 = LINE ( 'NONE', #1455, #1920 ) ;
#663 = ORIENTED_EDGE ( 'NONE', *, *, #1313, .T. ) ;
#664 = DIRECTION ( 'NONE',  ( -1.000000000000000000, 0.000000000000000000, 0.000000000000000000 ) ) ;
#665 = LINE ( 'NONE', #1016, #2317 ) ;
#666 = CONICAL_SURFACE ( 'NONE', #296, 1.500000000000001332, 0.7853981633974281840 ) ;
#667 = EDGE_CURVE ( 'NONE', #1712, #1071, #389, .T. ) ;
#668 = DIRECTION ( 'NONE',  ( -0.000000000000000000, -0.000000000000000000, -1.000000000000000000 ) ) ;
#669 = AXIS2_PLACEMENT_3D ( 'NONE', #1639, #1029, #832 ) ;
#670 = AXIS2_PLACEMENT_3D ( 'NONE', #1538, #1500, #350 ) ;
#671 = DIRECTION ( 'NONE',  ( 1.000000000000000000, 0.000000000000000000, 0.000000000000000000 ) ) ;
#672 = CONICAL_SURFACE ( 'NONE', #206, 1.500000000000001332, 0.7853981633974457255 ) ;
#673 = ORIENTED_EDGE ( 'NONE', *, *, #700, .F. ) ;
#674 = ORIENTED_EDGE ( 'NONE', *, *, #1150, .F. ) ;
#675 = DIRECTION ( 'NONE',  ( 1.000000000000000000, -1.851559150523183588E-64, 0.000000000000000000 ) ) ;
#676 = CARTESIAN_POINT ( 'NONE',  ( 96.00000000000000000, 3.849999999999999645, 3.000000000000000000 ) ) ;
#677 = EDGE_LOOP ( 'NONE', ( #2548, #1478 ) ) ;
#678 = DIRECTION ( 'NONE',  ( 0.000000000000000000, 0.000000000000000000, 1.000000000000000000 ) ) ;
#679 = CARTESIAN_POINT ( 'NONE',  ( 170.0000000000000000, 14.59999999999999787, 2.000000000000000000 ) ) ;
#680 = EDGE_CURVE ( 'NONE', #1720, #1668, #94, .T. ) ;
#681 = CARTESIAN_POINT ( 'NONE',  ( 171.0000000000000000, 9.999999999999998224, 0.000000000000000000 ) ) ;
#682 = CIRCLE ( 'NONE', #1472, 1.500000000000001332 ) ;
#683 = AXIS2_PLACEMENT_3D ( 'NONE', #2455, #2415, #688 ) ;
#684 = DIRECTION ( 'NONE',  ( 1.000000000000000000, 5.782411586589360597E-16, -0.000000000000000000 ) ) ;
#685 = ORIENTED_EDGE ( 'NONE', *, *, #152, .T. ) ;
#686 = CIRCLE ( 'NONE', #1344, 2.499999999999974243 ) ;
#687 = ORIENTED_EDGE ( 'NONE', *, *, #807, .T. ) ;
#688 = DIRECTION ( 'NONE',  ( 0.000000000000000000, -0.000000000000000000, 1.000000000000000000 ) ) ;
#689 = FACE_OUTER_BOUND ( 'NONE', #1882, .T. ) ;
#690 = DIRECTION ( 'NONE',  ( -0.000000000000000000, 0.000000000000000000, -1.000000000000000000 ) ) ;
#691 = CIRCLE ( 'NONE', #1021, 2.500000000000011102 ) ;
#692 = ORIENTED_EDGE ( 'NONE', *, *, #2449, .F. ) ;
#693 = CARTESIAN_POINT ( 'NONE',  ( 72.00000000000000000, 20.59999999999999076, -6.999999999999999112 ) ) ;
#694 = DIRECTION ( 'NONE',  ( -0.000000000000000000, -0.000000000000000000, -1.000000000000000000 ) ) ;
#695 = VECTOR ( 'NONE', #78, 1000.000000000000000 ) ;
#696 = EDGE_CURVE ( 'NONE', #562, #1142, #1835, .T. ) ;
#697 = DIRECTION ( 'NONE',  ( -1.000000000000000000, 1.851559150523183588E-64, 0.000000000000000000 ) ) ;
#698 = ORIENTED_EDGE ( 'NONE', *, *, #1615, .F. ) ;
#699 = EDGE_CURVE ( 'NONE', #2551, #1158, #1104, .T. ) ;
#700 = EDGE_CURVE ( 'NONE', #2529, #1834, #70, .T. ) ;
#701 = ORIENTED_EDGE ( 'NONE', *, *, #594, .F. ) ;
#702 = CARTESIAN_POINT ( 'NONE',  ( 174.0000000000000284, 5.000000000000000000, -3.000000000000000000 ) ) ;
#703 = LINE ( 'NONE', #316, #1462 ) ;
#704 = VERTEX_POINT ( 'NONE', #481 ) ;
#705 = LINE ( 'NONE', #1510, #2421 ) ;
#706 = CARTESIAN_POINT ( 'NONE',  ( 32.00000000000000000, 3.849999999999999645, 3.000000000000000000 ) ) ;
#707 = VECTOR ( 'NONE', #2274, 1000.000000000000000 ) ;
#708 = CARTESIAN_POINT ( 'NONE',  ( -9.495328500083569447E-16, 15.59999999999998899, 2.000000000000000000 ) ) ;
#709 = ORIENTED_EDGE ( 'NONE', *, *, #610, .T. ) ;
#710 = CIRCLE ( 'NONE', #1167, 1.500000000000000444 ) ;
#711 = ADVANCED_FACE ( 'NONE', ( #2070 ), #1327, .F. ) ;
#712 = AXIS2_PLACEMENT_3D ( 'NONE', #819, #1209, #1990 ) ;
#713 = ORIENTED_EDGE ( 'NONE', *, *, #114, .F. ) ;
#714 = VECTOR ( 'NONE', #1398, 1000.000000000000000 ) ;
#715 = DIRECTION ( 'NONE',  ( -5.782411586589351722E-16, 1.000000000000000000, 0.000000000000000000 ) ) ;
#716 = EDGE_CURVE ( 'NONE', #1065, #1360, #81, .T. ) ;
#717 = DIRECTION ( 'NONE',  ( -0.000000000000000000, -1.000000000000000000, -0.000000000000000000 ) ) ;
#718 = CARTESIAN_POINT ( 'NONE',  ( 81.99999999999998579, 11.00000000000000888, -18.49999999999999645 ) ) ;
#719 = LOCAL_TIME ( 13, 55, 27.00000000000000000, #802 ) ;
#720 = ORIENTED_EDGE ( 'NONE', *, *, #41, .F. ) ;
#721 = LINE ( 'NONE', #1113, #224 ) ;
#722 = CARTESIAN_POINT ( 'NONE',  ( 128.0000000000000000, 3.849999999999999645, 0.000000000000000000 ) ) ;
#723 = CARTESIAN_POINT ( 'NONE',  ( 173.0000000000000284, 0.000000000000000000, 2.000000000000000000 ) ) ;
#724 = EDGE_LOOP ( 'NONE', ( #1438, #1738, #571, #2519 ) ) ;
#725 = VERTEX_POINT ( 'NONE', #2237 ) ;
#726 = AXIS2_PLACEMENT_3D ( 'NONE', #1233, #2047, #1453 ) ;
#727 = CARTESIAN_POINT ( 'NONE',  ( 1.000000000000000000, 0.000000000000000000, -1.000000000000000000 ) ) ;
#728 = CARTESIAN_POINT ( 'NONE',  ( 64.00000000000000000, 3.849999999999999645, 1.999999999999989564 ) ) ;
#729 = VECTOR ( 'NONE', #684, 1000.000000000000000 ) ;
#730 = EDGE_CURVE ( 'NONE', #956, #1796, #1981, .T. ) ;
#731 = VERTEX_POINT ( 'NONE', #2018 ) ;
#732 = DIRECTION ( 'NONE',  ( 0.7071067811865570096, 0.000000000000000000, -0.7071067811865379138 ) ) ;
#733 = CLOSED_SHELL ( 'NONE', ( #195, #1078, #1826, #1810, #1410, #2162, #2045, #711, #2528, #2280, #1550, #1461, #2360, #2554, #488, #2175, #2418, #2112, #1937, #1505, #735, #1144, #1032, #746, #1174, #2491, #1779, #2064, #274, #245, #1391, #46, #1878, #163, #1526, #427, #580, #2142, #147, #1967, #2109, #260, #151, #949, #1346, #309, #508, #1445, #2522, #1096, #198, #103, #2464, #1010, #1053, #2294, #2338, #1239, #1535, #1617, #873, #1786, #456, #2537, #1856, #598, #2381, #422, #370, #1873, #2296, #2234, #1646, #1889, #235, #405, #13, #889, #1951, #132 ) ) ;
#734 = DIRECTION ( 'NONE',  ( -0.000000000000000000, -0.000000000000000000, -1.000000000000000000 ) ) ;
#735 = ADVANCED_FACE ( 'NONE', ( #1277 ), #1677, .F. ) ;
#736 = CARTESIAN_POINT ( 'NONE',  ( 2.703276359763845690E-63, 14.59999999999998721, 2.000000000000000000 ) ) ;
#737 = ORIENTED_EDGE ( 'NONE', *, *, #696, .T. ) ;
#738 = EDGE_LOOP ( 'NONE', ( #409, #1839 ) ) ;
#739 = LINE ( 'NONE', #1334, #346 ) ;
#740 = DIRECTION ( 'NONE',  ( -0.000000000000000000, -0.000000000000000000, -1.000000000000000000 ) ) ;
#741 = EDGE_LOOP ( 'NONE', ( #1622, #2136, #1341, #313 ) ) ;
#742 = DIRECTION ( 'NONE',  ( -0.000000000000000000, -0.000000000000000000, -1.000000000000000000 ) ) ;
#743 = CARTESIAN_POINT ( 'NONE',  ( 1.000000000000000000, 9.000000000000001776, 3.000000000000000000 ) ) ;
#744 = EDGE_CURVE ( 'NONE', #1054, #2388, #59, .T. ) ;
#745 = DIRECTION ( 'NONE',  ( 1.000000000000000000, 6.086749038515111812E-17, 0.000000000000000000 ) ) ;
#746 = ADVANCED_FACE ( 'NONE', ( #444 ), #841, .T. ) ;
#747 = CARTESIAN_POINT ( 'NONE',  ( 174.0000000000000284, 10.00000000000000000, -9.000000000000001776 ) ) ;
#748 = ORIENTED_EDGE ( 'NONE', *, *, #1619, .T. ) ;
#749 = EDGE_CURVE ( 'NONE', #604, #924, #158, .T. ) ;
#750 = VECTOR ( 'NONE', #2515, 1000.000000000000000 ) ;
#751 = ORIENTED_EDGE ( 'NONE', *, *, #917, .F. ) ;
#752 = VECTOR ( 'NONE', #230, 1000.000000000000000 ) ;
#753 = CARTESIAN_POINT ( 'NONE',  ( 170.0000000000000000, 9.999999999999998224, 2.000000000000000000 ) ) ;
#754 = CIRCLE ( 'NONE', #167, 1.500000000000001332 ) ;
#755 = VERTEX_POINT ( 'NONE', #1850 ) ;
#756 = DIRECTION ( 'NONE',  ( 1.851559150523183588E-64, 1.000000000000000000, 0.000000000000000000 ) ) ;
#757 = DIRECTION ( 'NONE',  ( 0.000000000000000000, 0.000000000000000000, -1.000000000000000000 ) ) ;
#758 = CARTESIAN_POINT ( 'NONE',  ( 170.0000000000000000, 14.59999999999999787, 2.000000000000000000 ) ) ;
#759 = LINE ( 'NONE', #904, #43 ) ;
#760 = EDGE_CURVE ( 'NONE', #338, #1489, #1166, .T. ) ;
#761 = ORIENTED_EDGE ( 'NONE', *, *, #436, .T. ) ;
#762 = CARTESIAN_POINT ( 'NONE',  ( 22.00000000000000000, 9.099999999999999645, 3.000000000000000000 ) ) ;
#763 = ORIENTED_EDGE ( 'NONE', *, *, #2328, .F. ) ;
#764 = CARTESIAN_POINT ( 'NONE',  ( -9.495328500083569447E-16, 15.59999999999998899, 3.000000000000000000 ) ) ;
#765 = VECTOR ( 'NONE', #2240, 1000.000000000000000 ) ;
#766 = EDGE_LOOP ( 'NONE', ( #1331, #91, #2116, #326 ) ) ;
#767 = CARTESIAN_POINT ( 'NONE',  ( 61.50000000000002842, 3.849999999999999645, 3.000000000000000000 ) ) ;
#768 = CARTESIAN_POINT ( 'NONE',  ( -3.000000000000002665, 5.000000000000000000, -3.000000000000000000 ) ) ;
#769 = VECTOR ( 'NONE', #1108, 1000.000000000000000 ) ;
#770 = EDGE_LOOP ( 'NONE', ( #1566, #378, #2004, #1493 ) ) ;
#771 = CARTESIAN_POINT ( 'NONE',  ( 72.00000000000000000, 9.999999999999989342, -22.00000000000000000 ) ) ;
#772 = ORIENTED_EDGE ( 'NONE', *, *, #902, .F. ) ;
#773 = EDGE_CURVE ( 'NONE', #186, #262, #1537, .T. ) ;
#774 = CIRCLE ( 'NONE', #1314, 2.500000000000030198 ) ;
#775 = ORIENTED_EDGE ( 'NONE', *, *, #1581, .F. ) ;
#776 = CARTESIAN_POINT ( 'NONE',  ( 149.0000000000000284, 0.000000000000000000, 2.000000000000000000 ) ) ;
#777 = EDGE_CURVE ( 'NONE', #2333, #2447, #654, .T. ) ;
#778 = EDGE_CURVE ( 'NONE', #1168, #397, #1255, .T. ) ;
#779 = ORIENTED_EDGE ( 'NONE', *, *, #1991, .T. ) ;
#780 = LINE ( 'NONE', #1223, #387 ) ;
#781 = DIRECTION ( 'NONE',  ( 1.000000000000000000, 0.000000000000000000, 0.000000000000000000 ) ) ;
#782 = VERTEX_POINT ( 'NONE', #1317 ) ;
#783 = CARTESIAN_POINT ( 'NONE',  ( -2.000000000000001776, -8.164311994315690349E-16, -10.00000000000000000 ) ) ;
#784 = ORIENTED_EDGE ( 'NONE', *, *, #1923, .F. ) ;
#785 = EDGE_LOOP ( 'NONE', ( #2275, #2526, #2479, #1381 ) ) ;
#786 = EDGE_CURVE ( 'NONE', #1791, #1618, #2097, .T. ) ;
#787 = CALENDAR_DATE ( 2026, 13, 5 ) ;
#788 = CARTESIAN_POINT ( 'NONE',  ( -3.000000000000002665, 5.000000000000000000, -3.000000000000000000 ) ) ;
#789 = ORIENTED_EDGE ( 'NONE', *, *, #263, .T. ) ;
#790 = EDGE_CURVE ( 'NONE', #990, #562, #556, .T. ) ;
#791 = CARTESIAN_POINT ( 'NONE',  ( 72.00000000000000000, 25.59999999999999076, -12.00000000000000000 ) ) ;
#792 = VECTOR ( 'NONE', #2321, 1000.000000000000000 ) ;
#793 = FACE_OUTER_BOUND ( 'NONE', #2540, .T. ) ;
#794 = AXIS2_PLACEMENT_3D ( 'NONE', #1747, #42, #877 ) ;
#795 = ORIENTED_EDGE ( 'NONE', *, *, #62, .T. ) ;
#796 = PRODUCT_RELATED_PRODUCT_CATEGORY ( 'detail', '', ( #2271 ) ) ;
#797 = CARTESIAN_POINT ( 'NONE',  ( 170.0000000000000000, 14.59999999999999787, 0.000000000000000000 ) ) ;
#798 = APPROVAL_PERSON_ORGANIZATION ( #2355, #442, #33 ) ;
#799 = CARTESIAN_POINT ( 'NONE',  ( 81.99999999999998579, 2.999999999999987121, -16.99999999999999645 ) ) ;
#800 = ORIENTED_EDGE ( 'NONE', *, *, #58, .T. ) ;
#801 = ORIENTED_EDGE ( 'NONE', *, *, #1249, .F. ) ;
#802 = COORDINATED_UNIVERSAL_TIME_OFFSET ( 1, 0, .AHEAD. ) ;
#803 = LINE ( 'NONE', #408, #1373 ) ;
#804 = EDGE_LOOP ( 'NONE', ( #275, #557 ) ) ;
#805 = CARTESIAN_POINT ( 'NONE',  ( 20.00000000000000000, 0.000000000000000000, 0.000000000000000000 ) ) ;
#806 = DIRECTION ( 'NONE',  ( -0.000000000000000000, -0.000000000000000000, -1.000000000000000000 ) ) ;
#807 = EDGE_CURVE ( 'NONE', #2366, #343, #1879, .T. ) ;
#808 = EDGE_LOOP ( 'NONE', ( #984, #1809, #22, #591, #131, #966, #1813, #2123, #1124, #2288 ) ) ;
#809 = CARTESIAN_POINT ( 'NONE',  ( -2.000000000000000000, 9.999999999999998224, -10.00000000000000000 ) ) ;
#810 = AXIS2_PLACEMENT_3D ( 'NONE', #799, #862, #2434 ) ;
#811 = AXIS2_PLACEMENT_3D ( 'NONE', #1980, #207, #1006 ) ;
#812 = DIRECTION ( 'NONE',  ( 0.000000000000000000, 0.000000000000000000, 1.000000000000000000 ) ) ;
#813 = PLANE ( 'NONE',  #1390 ) ;
#814 = VECTOR ( 'NONE', #1613, 1000.000000000000000 ) ;
#815 = VECTOR ( 'NONE', #2386, 1000.000000000000000 ) ;
#816 = EDGE_LOOP ( 'NONE', ( #2071, #844, #1605, #775 ) ) ;
#817 = ORIENTED_EDGE ( 'NONE', *, *, #937, .F. ) ;
#818 = CARTESIAN_POINT ( 'NONE',  ( 20.00000000000000000, 7.099999999999999645, 2.000000000000000000 ) ) ;
#819 = CARTESIAN_POINT ( 'NONE',  ( -2.000000000000000000, 9.999999999999998224, -9.000000000000001776 ) ) ;
#820 = ORIENTED_EDGE ( 'NONE', *, *, #1799, .F. ) ;
#821 = EDGE_CURVE ( 'NONE', #106, #1119, #115, .T. ) ;
#822 = LINE ( 'NONE', #1213, #1111 ) ;
#823 = LINE ( 'NONE', #1005, #1458 ) ;
#824 = CARTESIAN_POINT ( 'NONE',  ( 173.0000000000000284, 10.00000000000000000, 2.000000000000000000 ) ) ;
#825 = PLANE ( 'NONE',  #1777 ) ;
#826 = ORIENTED_EDGE ( 'NONE', *, *, #1067, .F. ) ;
#827 = PERSON_AND_ORGANIZATION_ROLE ( 'design_owner' ) ;
#828 = CARTESIAN_POINT ( 'NONE',  ( 0.000000000000000000, 0.000000000000000000, -22.00000000000000000 ) ) ;
#829 = ORIENTED_EDGE ( 'NONE', *, *, #1877, .F. ) ;
#830 = PLANE ( 'NONE',  #1103 ) ;
#831 = CARTESIAN_POINT ( 'NONE',  ( 81.99999999999998579, 11.00000000000000888, -15.50000000000000000 ) ) ;
#832 = DIRECTION ( 'NONE',  ( -1.000000000000000000, 0.000000000000000000, 0.000000000000000000 ) ) ;
#833 = ORIENTED_EDGE ( 'NONE', *, *, #1430, .F. ) ;
#834 = CIRCLE ( 'NONE', #368, 1.000000000000000000 ) ;
#835 = CARTESIAN_POINT ( 'NONE',  ( 1.000000000000000000, 9.000000000000001776, 3.000000000000000000 ) ) ;
#836 = CIRCLE ( 'NONE', #575, 1.500000000000001332 ) ;
#837 = AXIS2_PLACEMENT_3D ( 'NONE', #2115, #2127, #2339 ) ;
#838 = FACE_OUTER_BOUND ( 'NONE', #541, .T. ) ;
#839 = SECURITY_CLASSIFICATION ( '', '', #2553 ) ;
#840 = EDGE_CURVE ( 'NONE', #2357, #2139, #2085, .T. ) ;
#841 = PLANE ( 'NONE',  #1205 ) ;
#842 = ORIENTED_EDGE ( 'NONE', *, *, #980, .F. ) ;
#843 = FACE_OUTER_BOUND ( 'NONE', #928, .T. ) ;
#844 = ORIENTED_EDGE ( 'NONE', *, *, #392, .F. ) ;
#845 = PLANE ( 'NONE',  #683 ) ;
#846 = CARTESIAN_POINT ( 'NONE',  ( 151.0000000000000284, 0.000000000000000000, 2.000000000000000000 ) ) ;
#847 = VECTOR ( 'NONE', #383, 1000.000000000000000 ) ;
#848 = ORIENTED_EDGE ( 'NONE', *, *, #2095, .F. ) ;
#849 = CARTESIAN_POINT ( 'NONE',  ( 1.851559150523183318E-63, 9.999999999999998224, 3.000000000000000000 ) ) ;
#850 = CARTESIAN_POINT ( 'NONE',  ( 92.00000000000000000, 9.999999999999989342, -6.999999999999999112 ) ) ;
#851 = VECTOR ( 'NONE', #2480, 1000.000000000000000 ) ;
#852 = DIRECTION ( 'NONE',  ( 1.000000000000000000, 0.000000000000000000, 0.000000000000000000 ) ) ;
#853 = ORIENTED_EDGE ( 'NONE', *, *, #821, .F. ) ;
#854 = AXIS2_PLACEMENT_3D ( 'NONE', #758, #1536, #2514 ) ;
#855 = EDGE_CURVE ( 'NONE', #232, #755, #511, .T. ) ;
#856 = DIRECTION ( 'NONE',  ( -0.000000000000000000, 0.000000000000000000, 1.000000000000000000 ) ) ;
#857 = ORIENTED_EDGE ( 'NONE', *, *, #1299, .F. ) ;
#858 = DIRECTION ( 'NONE',  ( 0.000000000000000000, -1.000000000000000000, 0.000000000000000000 ) ) ;
#859 = LINE ( 'NONE', #2181, #1088 ) ;
#860 = EDGE_CURVE ( 'NONE', #60, #2435, #286, .T. ) ;
#861 = DIRECTION ( 'NONE',  ( 0.000000000000000000, 0.000000000000000000, -1.000000000000000000 ) ) ;
#862 = DIRECTION ( 'NONE',  ( 4.336808689942017120E-17, 1.000000000000000000, -0.000000000000000000 ) ) ;
#863 = ORIENTED_EDGE ( 'NONE', *, *, #2310, .T. ) ;
#864 = AXIS2_PLACEMENT_3D ( 'NONE', #679, #1275, #319 ) ;
#865 = DIRECTION ( 'NONE',  ( 0.000000000000000000, 0.000000000000000000, 1.000000000000000000 ) ) ;
#866 = PLANE ( 'NONE',  #2309 ) ;
#867 = CARTESIAN_POINT ( 'NONE',  ( -2.000000000000001776, 3.469446951953616654E-16, -10.00000000000000000 ) ) ;
#868 = ORIENTED_EDGE ( 'NONE', *, *, #1759, .T. ) ;
#869 = EDGE_CURVE ( 'NONE', #899, #1618, #1722, .T. ) ;
#870 = ORIENTED_EDGE ( 'NONE', *, *, #507, .F. ) ;
#871 = FACE_OUTER_BOUND ( 'NONE', #1950, .T. ) ;
#872 = DIRECTION ( 'NONE',  ( 0.000000000000000000, 0.000000000000000000, -1.000000000000000000 ) ) ;
#873 = ADVANCED_FACE ( 'NONE', ( #952 ), #1929, .F. ) ;
#874 = ORIENTED_EDGE ( 'NONE', *, *, #1084, .T. ) ;
#875 = DIRECTION ( 'NONE',  ( 0.000000000000000000, 0.7071067811865435759, 0.7071067811865515695 ) ) ;
#876 = CYLINDRICAL_SURFACE ( 'NONE', #1425, 1.500000000000000444 ) ;
#877 = DIRECTION ( 'NONE',  ( 0.000000000000000000, 0.000000000000000000, 1.000000000000000000 ) ) ;
#878 = DIRECTION ( 'NONE',  ( 1.000000000000000000, 0.000000000000000000, 0.000000000000000000 ) ) ;
#879 = VECTOR ( 'NONE', #668, 1000.000000000000000 ) ;
#880 = VERTEX_POINT ( 'NONE', #2308 ) ;
#881 = CIRCLE ( 'NONE', #90, 2.499999999999974243 ) ;
#882 = ORIENTED_EDGE ( 'NONE', *, *, #2138, .F. ) ;
#883 = DIRECTION ( 'NONE',  ( 0.000000000000000000, 1.000000000000000000, 0.000000000000000000 ) ) ;
#884 = CARTESIAN_POINT ( 'NONE',  ( 92.00000000000000000, 25.59999999999999076, 0.000000000000000000 ) ) ;
#885 = DIRECTION ( 'NONE',  ( -0.000000000000000000, -1.000000000000000000, -0.000000000000000000 ) ) ;
#886 = EDGE_LOOP ( 'NONE', ( #559, #894, #144, #629 ) ) ;
#887 = CARTESIAN_POINT ( 'NONE',  ( -8.886653596232054691E-16, 14.59999999999998721, 3.000000000000000000 ) ) ;
#888 = DIRECTION ( 'NONE',  ( -8.195543980992787190E-17, 1.000000000000000000, 0.000000000000000000 ) ) ;
#889 = ADVANCED_FACE ( 'NONE', ( #547 ), #1340, .F. ) ;
#890 =( NAMED_UNIT ( * ) PLANE_ANGLE_UNIT ( ) SI_UNIT ( $, .RADIAN. ) );
#891 = EDGE_CURVE ( 'NONE', #704, #1489, #1905, .T. ) ;
#892 = EDGE_CURVE ( 'NONE', #1068, #1735, #710, .T. ) ;
#893 = DIRECTION ( 'NONE',  ( 1.734723475976806848E-16, 1.000000000000000000, -0.000000000000000000 ) ) ;
#894 = ORIENTED_EDGE ( 'NONE', *, *, #1877, .T. ) ;
#895 = AXIS2_PLACEMENT_3D ( 'NONE', #797, #1176, #401 ) ;
#896 = ORIENTED_EDGE ( 'NONE', *, *, #1202, .F. ) ;
#897 = CARTESIAN_POINT ( 'NONE',  ( -5.782411586589293347E-15, 9.999999999999898748, 3.000000000000000000 ) ) ;
#898 = DIRECTION ( 'NONE',  ( 0.000000000000000000, 0.000000000000000000, -1.000000000000000000 ) ) ;
#899 = VERTEX_POINT ( 'NONE', #1711 ) ;
#900 = FACE_OUTER_BOUND ( 'NONE', #1830, .T. ) ;
#901 = DIRECTION ( 'NONE',  ( -0.000000000000000000, -0.000000000000000000, -1.000000000000000000 ) ) ;
#902 = EDGE_CURVE ( 'NONE', #1097, #1528, #1248, .T. ) ;
#903 = FACE_OUTER_BOUND ( 'NONE', #1977, .T. ) ;
#904 = CARTESIAN_POINT ( 'NONE',  ( 75.99999999999998579, 9.999999999999989342, -6.999999999999999112 ) ) ;
#905 = ORIENTED_EDGE ( 'NONE', *, *, #777, .T. ) ;
#906 = ORIENTED_EDGE ( 'NONE', *, *, #2220, .T. ) ;
#907 = CARTESIAN_POINT ( 'NONE',  ( 29.49999999999997158, 3.849999999999999645, 3.000000000000000000 ) ) ;
#908 = DIRECTION ( 'NONE',  ( -1.000000000000000000, -0.000000000000000000, -0.000000000000000000 ) ) ;
#909 = LINE ( 'NONE', #2482, #1626 ) ;
#910 = ORIENTED_EDGE ( 'NONE', *, *, #699, .T. ) ;
#911 = FACE_OUTER_BOUND ( 'NONE', #2098, .T. ) ;
#912 = LINE ( 'NONE', #1085, #695 ) ;
#913 = DIRECTION ( 'NONE',  ( 0.000000000000000000, 0.000000000000000000, -1.000000000000000000 ) ) ;
#914 = CARTESIAN_POINT ( 'NONE',  ( 0.000000000000000000, 5.000000000000000000, -3.000000000000000000 ) ) ;
#915 = CIRCLE ( 'NONE', #371, 1.499999999999997780 ) ;
#916 = ORIENTED_EDGE ( 'NONE', *, *, #323, .F. ) ;
#917 = EDGE_CURVE ( 'NONE', #1107, #1655, #1731, .T. ) ;
#918 = VERTEX_POINT ( 'NONE', #736 ) ;
#919 = CIRCLE ( 'NONE', #1629, 1.499999999999997780 ) ;
#920 = CARTESIAN_POINT ( 'NONE',  ( 92.00000000000000000, 20.59999999999999076, 0.000000000000000000 ) ) ;
#921 = LINE ( 'NONE', #884, #1045 ) ;
#922 = CARTESIAN_POINT ( 'NONE',  ( 20.00000000000000000, 7.099999999999999645, 2.000000000000000000 ) ) ;
#923 = AXIS2_PLACEMENT_3D ( 'NONE', #1228, #2007, #653 ) ;
#924 = VERTEX_POINT ( 'NONE', #2525 ) ;
#925 = DIRECTION ( 'NONE',  ( 1.000000000000000000, 0.000000000000000000, -0.000000000000000000 ) ) ;
#926 = DIRECTION ( 'NONE',  ( -1.000000000000000000, 0.000000000000000000, 0.000000000000000000 ) ) ;
#927 = DIRECTION ( 'NONE',  ( 1.851559150523183925E-64, 1.000000000000000000, 0.000000000000000000 ) ) ;
#928 = EDGE_LOOP ( 'NONE', ( #2051, #1575, #833, #1595 ) ) ;
#929 = AXIS2_PLACEMENT_3D ( 'NONE', #2253, #647, #472 ) ;
#930 = ORIENTED_EDGE ( 'NONE', *, *, #2217, .F. ) ;
#931 = EDGE_CURVE ( 'NONE', #2453, #1771, #759, .T. ) ;
#932 = CARTESIAN_POINT ( 'NONE',  ( 64.00000000000000000, 3.849999999999999645, 1.999999999999989564 ) ) ;
#933 = DIRECTION ( 'NONE',  ( 1.000000000000000000, -0.000000000000000000, -0.000000000000000000 ) ) ;
#934 = VECTOR ( 'NONE', #30, 1000.000000000000000 ) ;
#935 = ORIENTED_EDGE ( 'NONE', *, *, #1923, .T. ) ;
#936 = LINE ( 'NONE', #2511, #476 ) ;
#937 = EDGE_CURVE ( 'NONE', #2414, #1168, #1328, .T. ) ;
#938 = AXIS2_PLACEMENT_3D ( 'NONE', #1887, #1912, #1900 ) ;
#939 = CARTESIAN_POINT ( 'NONE',  ( 81.99999999999998579, 11.00000000000000888, -16.99999999999999645 ) ) ;
#940 = ORIENTED_EDGE ( 'NONE', *, *, #516, .T. ) ;
#941 = FACE_OUTER_BOUND ( 'NONE', #2291, .T. ) ;
#942 = DIRECTION ( 'NONE',  ( -0.000000000000000000, -0.000000000000000000, -1.000000000000000000 ) ) ;
#943 = ORIENTED_EDGE ( 'NONE', *, *, #2392, .F. ) ;
#944 = ORIENTED_EDGE ( 'NONE', *, *, #117, .F. ) ;
#945 = CARTESIAN_POINT ( 'NONE',  ( 20.00000000000000000, 13.99999999999998757, 2.000000000000000000 ) ) ;
#946 = ORIENTED_EDGE ( 'NONE', *, *, #2235, .F. ) ;
#947 = PLANE ( 'NONE',  #2461 ) ;
#948 = CYLINDRICAL_SURFACE ( 'NONE', #1330, 1.500000000000001332 ) ;
#949 = ADVANCED_FACE ( 'NONE', ( #1699 ), #2488, .T. ) ;
#950 = DIRECTION ( 'NONE',  ( -0.000000000000000000, -0.000000000000000000, -1.000000000000000000 ) ) ;
#951 = EDGE_CURVE ( 'NONE', #171, #1107, #524, .T. ) ;
#952 = FACE_OUTER_BOUND ( 'NONE', #2062, .T. ) ;
#953 = VECTOR ( 'NONE', #162, 1000.000000000000000 ) ;
#954 = VERTEX_POINT ( 'NONE', #2350 ) ;
#955 = AXIS2_PLACEMENT_3D ( 'NONE', #1050, #1827, #852 ) ;
#956 = VERTEX_POINT ( 'NONE', #624 ) ;
#957 = VECTOR ( 'NONE', #1491, 1000.000000000000000 ) ;
#958 = DIRECTION ( 'NONE',  ( 0.7071067811865356934, 0.000000000000000000, 0.7071067811865593411 ) ) ;
#959 = ORIENTED_EDGE ( 'NONE', *, *, #2449, .T. ) ;
#960 = FACE_OUTER_BOUND ( 'NONE', #2204, .T. ) ;
#961 = CARTESIAN_POINT ( 'NONE',  ( 92.00000000000000000, 9.999999999999989342, -22.00000000000000000 ) ) ;
#962 = ORIENTED_EDGE ( 'NONE', *, *, #2217, .T. ) ;
#963 = EDGE_CURVE ( 'NONE', #2281, #397, #390, .T. ) ;
#964 = LINE ( 'NONE', #1978, #434 ) ;
#965 = DIRECTION ( 'NONE',  ( -0.000000000000000000, -1.000000000000000000, -0.000000000000000000 ) ) ;
#966 = ORIENTED_EDGE ( 'NONE', *, *, #1189, .T. ) ;
#967 = DIRECTION ( 'NONE',  ( 1.000000000000000000, 0.000000000000000000, 0.000000000000000000 ) ) ;
#968 = EDGE_CURVE ( 'NONE', #324, #343, #1188, .T. ) ;
#969 = EDGE_CURVE ( 'NONE', #2243, #1735, #1743, .T. ) ;
#970 = ORIENTED_EDGE ( 'NONE', *, *, #1440, .T. ) ;
#971 = DIRECTION ( 'NONE',  ( 1.000000000000000000, 0.000000000000000000, 0.000000000000000000 ) ) ;
#972 = VECTOR ( 'NONE', #2546, 1000.000000000000000 ) ;
#973 = ORIENTED_EDGE ( 'NONE', *, *, #773, .T. ) ;
#974 = DIRECTION ( 'NONE',  ( 1.000000000000000000, 0.000000000000000000, 0.000000000000000000 ) ) ;
#975 = DIRECTION ( 'NONE',  ( -1.000000000000000000, -5.782411586589360597E-16, 0.000000000000000000 ) ) ;
#976 = VERTEX_POINT ( 'NONE', #599 ) ;
#977 = VECTOR ( 'NONE', #2319, 1000.000000000000000 ) ;
#978 = VECTOR ( 'NONE', #1351, 1000.000000000000000 ) ;
#979 = LINE ( 'NONE', #2549, #2420 ) ;
#980 = EDGE_CURVE ( 'NONE', #1543, #2345, #2539, .T. ) ;
#981 = CARTESIAN_POINT ( 'NONE',  ( 72.00000000000000000, 12.99999999999999112, -22.00000000000000000 ) ) ;
#982 = EDGE_LOOP ( 'NONE', ( #574, #935, #1411, #685, #970, #363, #1767, #1845, #1306, #1218 ) ) ;
#983 = EDGE_CURVE ( 'NONE', #1886, #51, #1393, .T. ) ;
#984 = ORIENTED_EDGE ( 'NONE', *, *, #1829, .F. ) ;
#985 = APPROVAL_DATE_TIME ( #7, #2468 ) ;
#986 = DIRECTION ( 'NONE',  ( 4.336808689942017120E-17, 1.000000000000000000, -0.000000000000000000 ) ) ;
#987 = ORIENTED_EDGE ( 'NONE', *, *, #1192, .F. ) ;
#988 = FACE_OUTER_BOUND ( 'NONE', #1242, .T. ) ;
#989 = LINE ( 'NONE', #2359, #1770 ) ;
#990 = VERTEX_POINT ( 'NONE', #2390 ) ;
#991 = CARTESIAN_POINT ( 'NONE',  ( 62.50000000000000000, 3.849999999999999645, 3.000000000000000000 ) ) ;
#992 = FACE_OUTER_BOUND ( 'NONE', #1760, .T. ) ;
#993 = VERTEX_POINT ( 'NONE', #1419 ) ;
#994 = DIRECTION ( 'NONE',  ( 1.000000000000000000, 0.000000000000000000, 0.000000000000000000 ) ) ;
#995 = ORIENTED_EDGE ( 'NONE', *, *, #2220, .F. ) ;
#996 = DATE_AND_TIME ( #197, #1134 ) ;
#997 = EDGE_CURVE ( 'NONE', #1746, #1655, #823, .T. ) ;
#998 = ORIENTED_EDGE ( 'NONE', *, *, #516, .F. ) ;
#999 = VECTOR ( 'NONE', #2471, 1000.000000000000000 ) ;
#1000 = CARTESIAN_POINT ( 'NONE',  ( 2.703276359763845690E-63, 14.59999999999998721, 3.000000000000000000 ) ) ;
#1001 = CARTESIAN_POINT ( 'NONE',  ( -2.000000000000001776, 0.000000000000000000, -9.000000000000001776 ) ) ;
#1002 = AXIS2_PLACEMENT_3D ( 'NONE', #2186, #1463, #1837 ) ;
#1003 = EDGE_LOOP ( 'NONE', ( #459, #2467, #1143, #1171 ) ) ;
#1004 = LINE ( 'NONE', #2132, #977 ) ;
#1005 = CARTESIAN_POINT ( 'NONE',  ( 4.510394679235896446E-59, -8.782240546405787643E-29, -10.00000000000000000 ) ) ;
#1006 = DIRECTION ( 'NONE',  ( 1.000000000000000000, 0.000000000000000000, 0.000000000000000000 ) ) ;
#1007 = DIRECTION ( 'NONE',  ( 0.000000000000000000, 0.000000000000000000, -1.000000000000000000 ) ) ;
#1008 = VERTEX_POINT ( 'NONE', #2364 ) ;
#1009 = DIRECTION ( 'NONE',  ( 1.000000000000000000, 0.000000000000000000, 0.000000000000000000 ) ) ;
#1010 = ADVANCED_FACE ( 'NONE', ( #2147 ), #1801, .T. ) ;
#1011 = ORIENTED_EDGE ( 'NONE', *, *, #392, .T. ) ;
#1012 = DIRECTION ( 'NONE',  ( 0.000000000000000000, -0.000000000000000000, -1.000000000000000000 ) ) ;
#1013 = CARTESIAN_POINT ( 'NONE',  ( 33.50000000000000000, 3.849999999999999645, 1.999999999999968914 ) ) ;
#1014 = ORIENTED_EDGE ( 'NONE', *, *, #730, .F. ) ;
#1015 = AXIS2_PLACEMENT_3D ( 'NONE', #1135, #1909, #1692 ) ;
#1016 = CARTESIAN_POINT ( 'NONE',  ( 0.000000000000000000, 9.099999999999999645, 3.000000000000000000 ) ) ;
#1017 = AXIS2_PLACEMENT_3D ( 'NONE', #1072, #1297, #1718 ) ;
#1018 = CARTESIAN_POINT ( 'NONE',  ( -3.000000000000002665, 5.000000000000000000, -1.499999999999999334 ) ) ;
#1019 = LINE ( 'NONE', #2185, #2369 ) ;
#1020 = LINE ( 'NONE', #466, #1291 ) ;
#1021 = AXIS2_PLACEMENT_3D ( 'NONE', #27, #270, #2437 ) ;
#1022 = ORIENTED_EDGE ( 'NONE', *, *, #1775, .T. ) ;
#1023 = APPROVAL_STATUS ( 'not_yet_approved' ) ;
#1024 = DIRECTION ( 'NONE',  ( -0.000000000000000000, 0.000000000000000000, -1.000000000000000000 ) ) ;
#1025 = AXIS2_PLACEMENT_3D ( 'NONE', #1847, #1901, #521 ) ;
#1026 = EDGE_LOOP ( 'NONE', ( #10, #1678, #1356, #159 ) ) ;
#1027 = LINE ( 'NONE', #1807, #2080 ) ;
#1028 = LINE ( 'NONE', #448, #2348 ) ;
#1029 = DIRECTION ( 'NONE',  ( -5.782411586589351722E-16, 1.000000000000000000, 0.000000000000000000 ) ) ;
#1030 = ORIENTED_EDGE ( 'NONE', *, *, #468, .T. ) ;
#1031 = DIRECTION ( 'NONE',  ( -0.000000000000000000, -0.000000000000000000, 1.000000000000000000 ) ) ;
#1032 = ADVANCED_FACE ( 'NONE', ( #992 ), #402, .F. ) ;
#1033 = DIRECTION ( 'NONE',  ( 0.000000000000000000, 0.000000000000000000, 1.000000000000000000 ) ) ;
#1034 = EDGE_CURVE ( 'NONE', #1071, #1712, #496, .T. ) ;
#1035 = ORIENTED_EDGE ( 'NONE', *, *, #2499, .F. ) ;
#1036 = PERSON_AND_ORGANIZATION ( #652, #504 ) ;
#1037 = VERTEX_POINT ( 'NONE', #771 ) ;
#1038 = FACE_OUTER_BOUND ( 'NONE', #1389, .T. ) ;
#1039 = DIRECTION ( 'NONE',  ( 0.000000000000000000, 0.000000000000000000, -1.000000000000000000 ) ) ;
#1040 = FACE_OUTER_BOUND ( 'NONE', #770, .T. ) ;
#1041 = VECTOR ( 'NONE', #1141, 1000.000000000000000 ) ;
#1042 = EDGE_LOOP ( 'NONE', ( #581, #32, #2177, #1627, #998, #1752 ) ) ;
#1043 = VECTOR ( 'NONE', #218, 1000.000000000000000 ) ;
#1044 = DIRECTION ( 'NONE',  ( 0.000000000000000000, 0.000000000000000000, -1.000000000000000000 ) ) ;
#1045 = VECTOR ( 'NONE', #717, 1000.000000000000000 ) ;
#1046 = EDGE_CURVE ( 'NONE', #1477, #2113, #2226, .T. ) ;
#1047 = AXIS2_PLACEMENT_3D ( 'NONE', #656, #1607, #616 ) ;
#1048 = LINE ( 'NONE', #1825, #879 ) ;
#1049 = CIRCLE ( 'NONE', #923, 1.625000000000001332 ) ;
#1050 = CARTESIAN_POINT ( 'NONE',  ( 64.00000000000000000, 3.849999999999999645, 3.000000000000000000 ) ) ;
#1051 = EDGE_CURVE ( 'NONE', #632, #1068, #2335, .T. ) ;
#1052 = ORIENTED_EDGE ( 'NONE', *, *, #2341, .F. ) ;
#1053 = ADVANCED_FACE ( 'NONE', ( #2378 ), #1614, .T. ) ;
#1054 = VERTEX_POINT ( 'NONE', #981 ) ;
#1055 = CARTESIAN_POINT ( 'NONE',  ( 0.000000000000000000, 0.000000000000000000, -12.00000000000000000 ) ) ;
#1056 = LINE ( 'NONE', #846, #1412 ) ;
#1057 = EDGE_LOOP ( 'NONE', ( #2021, #489, #1694, #1379 ) ) ;
#1058 = DIRECTION ( 'NONE',  ( 1.000000000000000000, 0.000000000000000000, 0.000000000000000000 ) ) ;
#1059 = VECTOR ( 'NONE', #651, 1000.000000000000000 ) ;
#1060 = CIRCLE ( 'NONE', #1750, 1.500000000000001332 ) ;
#1061 = CARTESIAN_POINT ( 'NONE',  ( 1.000000000000000000, 14.59999999999998721, 3.000000000000000000 ) ) ;
#1062 = EDGE_CURVE ( 'NONE', #2139, #2055, #1979, .T. ) ;
#1063 = AXIS2_PLACEMENT_3D ( 'NONE', #1838, #297, #1476 ) ;
#1064 = DIRECTION ( 'NONE',  ( 0.000000000000000000, 1.000000000000000000, 0.000000000000000000 ) ) ;
#1065 = VERTEX_POINT ( 'NONE', #783 ) ;
#1066 = AXIS2_PLACEMENT_3D ( 'NONE', #2363, #1928, #2120 ) ;
#1067 = EDGE_CURVE ( 'NONE', #918, #211, #834, .T. ) ;
#1068 = VERTEX_POINT ( 'NONE', #1215 ) ;
#1069 = PLANE ( 'NONE',  #929 ) ;
#1070 = DIRECTION ( 'NONE',  ( 0.000000000000000000, 0.000000000000000000, -1.000000000000000000 ) ) ;
#1071 = VERTEX_POINT ( 'NONE', #2163 ) ;
#1072 = CARTESIAN_POINT ( 'NONE',  ( 170.0000000000000000, 0.000000000000000000, -0.9999999999999991118 ) ) ;
#1073 = CARTESIAN_POINT ( 'NONE',  ( 170.0000000000000000, 9.999999999999998224, -0.9999999999999991118 ) ) ;
#1074 = CARTESIAN_POINT ( 'NONE',  ( 72.00000000000000000, 20.59999999999999076, 0.000000000000000000 ) ) ;
#1075 = DIRECTION ( 'NONE',  ( 1.000000000000000000, 0.000000000000000000, 0.000000000000000000 ) ) ;
#1076 = ORIENTED_EDGE ( 'NONE', *, *, #1705, .T. ) ;
#1077 = ORIENTED_EDGE ( 'NONE', *, *, #1249, .T. ) ;
#1078 = ADVANCED_FACE ( 'NONE', ( #1769 ), #4, .F. ) ;
#1079 = DIRECTION ( 'NONE',  ( -0.000000000000000000, 0.000000000000000000, -1.000000000000000000 ) ) ;
#1080 = DIRECTION ( 'NONE',  ( 0.000000000000000000, -0.000000000000000000, 1.000000000000000000 ) ) ;
#1081 = LINE ( 'NONE', #1519, #999 ) ;
#1082 = ORIENTED_EDGE ( 'NONE', *, *, #310, .T. ) ;
#1083 = EDGE_LOOP ( 'NONE', ( #645, #1076, #264, #930 ) ) ;
#1084 = EDGE_CURVE ( 'NONE', #1553, #1634, #662, .T. ) ;
#1085 = CARTESIAN_POINT ( 'NONE',  ( -9.495328500083569447E-16, 15.59999999999998899, 0.000000000000000000 ) ) ;
#1086 = AXIS2_PLACEMENT_3D ( 'NONE', #1117, #534, #322 ) ;
#1087 = DIRECTION ( 'NONE',  ( 1.000000000000000000, -0.000000000000000000, -0.000000000000000000 ) ) ;
#1088 = VECTOR ( 'NONE', #1428, 1000.000000000000000 ) ;
#1089 = DIRECTION ( 'NONE',  ( 0.000000000000000000, 0.000000000000000000, 1.000000000000000000 ) ) ;
#1090 = CIRCLE ( 'NONE', #50, 1.000000000000000888 ) ;
#1091 = ORIENTED_EDGE ( 'NONE', *, *, #565, .T. ) ;
#1092 = APPROVAL_PERSON_ORGANIZATION ( #1958, #1590, #1761 ) ;
#1093 = VERTEX_POINT ( 'NONE', #1187 ) ;
#1094 = CARTESIAN_POINT ( 'NONE',  ( 88.00000000000000000, 18.59999999999999076, -12.00000000000000000 ) ) ;
#1095 = PLANE ( 'NONE',  #1982 ) ;
#1096 = ADVANCED_FACE ( 'NONE', ( #373 ), #1742, .T. ) ;
#1097 = VERTEX_POINT ( 'NONE', #583 ) ;
#1098 = CARTESIAN_POINT ( 'NONE',  ( -1.112341770855356084E-15, 13.99999999999998579, 0.000000000000000000 ) ) ;
#1099 = DIRECTION ( 'NONE',  ( -1.000000000000000000, -8.195543980992787190E-17, 0.000000000000000000 ) ) ;
#1100 = VECTOR ( 'NONE', #2283, 1000.000000000000000 ) ;
#1101 = DIRECTION ( 'NONE',  ( 1.000000000000000000, 5.782411586589360597E-16, 0.000000000000000000 ) ) ;
#1102 = CC_DESIGN_DATE_AND_TIME_ASSIGNMENT ( #1409, #2395, ( #839 ) ) ;
#1103 = AXIS2_PLACEMENT_3D ( 'NONE', #1055, #1079, #265 ) ;
#1104 = LINE ( 'NONE', #1654, #729 ) ;
#1105 = EDGE_LOOP ( 'NONE', ( #1137, #655, #107, #995 ) ) ;
#1106 = VECTOR ( 'NONE', #875, 1000.000000000000000 ) ;
#1107 = VERTEX_POINT ( 'NONE', #2145 ) ;
#1108 = DIRECTION ( 'NONE',  ( -0.000000000000000000, -0.000000000000000000, -1.000000000000000000 ) ) ;
#1109 = FACE_OUTER_BOUND ( 'NONE', #116, .T. ) ;
#1110 = CYLINDRICAL_SURFACE ( 'NONE', #2441, 1.000000000000000000 ) ;
#1111 = VECTOR ( 'NONE', #40, 1000.000000000000000 ) ;
#1112 = ORIENTED_EDGE ( 'NONE', *, *, #234, .T. ) ;
#1113 = CARTESIAN_POINT ( 'NONE',  ( 173.0000000000000284, 5.000000000000000000, -4.500000000000000888 ) ) ;
#1114 = DIRECTION ( 'NONE',  ( -0.000000000000000000, -0.000000000000000000, 1.000000000000000000 ) ) ;
#1115 = EDGE_CURVE ( 'NONE', #1796, #2510, #979, .T. ) ;
#1116 = DIRECTION ( 'NONE',  ( -1.000000000000000000, -0.000000000000000000, 0.000000000000000000 ) ) ;
#1117 = CARTESIAN_POINT ( 'NONE',  ( -3.000000000000000888, 5.000000000000000000, -3.000000000000000000 ) ) ;
#1118 = DESIGN_CONTEXT ( 'detailed design', #1748, 'design' ) ;
#1119 = VERTEX_POINT ( 'NONE', #1588 ) ;
#1120 = EDGE_LOOP ( 'NONE', ( #1741, #182 ) ) ;
#1121 = LINE ( 'NONE', #1307, #2413 ) ;
#1122 = LINE ( 'NONE', #315, #247 ) ;
#1123 = DIRECTION ( 'NONE',  ( 8.659560562354982162E-17, 0.7071067811865435759, -0.7071067811865515695 ) ) ;
#1124 = ORIENTED_EDGE ( 'NONE', *, *, #465, .T. ) ;
#1125 = PLANE ( 'NONE',  #1600 ) ;
#1126 = CARTESIAN_POINT ( 'NONE',  ( 88.00000000000000000, 15.49999999999998934, -12.00000000000000000 ) ) ;
#1127 =( NAMED_UNIT ( * ) SI_UNIT ( $, .STERADIAN. ) SOLID_ANGLE_UNIT ( ) );
#1128 = EDGE_CURVE ( 'NONE', #232, #2325, #191, .T. ) ;
#1129 = DIRECTION ( 'NONE',  ( 0.000000000000000000, -0.000000000000000000, -1.000000000000000000 ) ) ;
#1130 = ORIENTED_EDGE ( 'NONE', *, *, #730, .T. ) ;
#1131 = AXIS2_PLACEMENT_3D ( 'NONE', #2199, #1940, #1953 ) ;
#1132 = EDGE_CURVE ( 'NONE', #2281, #1569, #1573, .T. ) ;
#1133 = ORIENTED_EDGE ( 'NONE', *, *, #73, .T. ) ;
#1134 = LOCAL_TIME ( 13, 55, 27.00000000000000000, #1422 ) ;
#1135 = CARTESIAN_POINT ( 'NONE',  ( 170.0000000000000000, 14.59999999999999787, 2.000000000000000000 ) ) ;
#1136 = DIRECTION ( 'NONE',  ( 1.000000000000000000, 0.000000000000000000, 0.000000000000000000 ) ) ;
#1137 = ORIENTED_EDGE ( 'NONE', *, *, #1046, .F. ) ;
#1138 = DIRECTION ( 'NONE',  ( -0.000000000000000000, 0.000000000000000000, -1.000000000000000000 ) ) ;
#1139 = CARTESIAN_POINT ( 'NONE',  ( 81.99999999999998579, 2.999999999999987121, -16.99999999999999645 ) ) ;
#1140 = CYLINDRICAL_SURFACE ( 'NONE', #2068, 1.000000000000000888 ) ;
#1141 = DIRECTION ( 'NONE',  ( -0.000000000000000000, 1.000000000000000000, -0.000000000000000000 ) ) ;
#1142 = VERTEX_POINT ( 'NONE', #388 ) ;
#1143 = ORIENTED_EDGE ( 'NONE', *, *, #777, .F. ) ;
#1144 = ADVANCED_FACE ( 'NONE', ( #597 ), #2334, .T. ) ;
#1145 = CARTESIAN_POINT ( 'NONE',  ( 72.00000000000000000, 12.99999999999999112, -22.00000000000000000 ) ) ;
#1146 = ORIENTED_EDGE ( 'NONE', *, *, #1342, .F. ) ;
#1147 = DIRECTION ( 'NONE',  ( 1.000000000000000000, 0.000000000000000000, 0.000000000000000000 ) ) ;
#1148 = CIRCLE ( 'NONE', #644, 1.000000000000000888 ) ;
#1149 = DIRECTION ( 'NONE',  ( 0.000000000000000000, 0.000000000000000000, -1.000000000000000000 ) ) ;
#1150 = EDGE_CURVE ( 'NONE', #993, #569, #1966, .T. ) ;
#1151 = PLANE ( 'NONE',  #1066 ) ;
#1152 = DIRECTION ( 'NONE',  ( 0.000000000000000000, -0.000000000000000000, -1.000000000000000000 ) ) ;
#1153 = ORIENTED_EDGE ( 'NONE', *, *, #892, .T. ) ;
#1154 = CARTESIAN_POINT ( 'NONE',  ( 173.0000000000000284, 5.000000000000000000, -3.000000000000000000 ) ) ;
#1155 = EDGE_LOOP ( 'NONE', ( #1416, #1587, #2552, #317 ) ) ;
#1156 = FACE_OUTER_BOUND ( 'NONE', #724, .T. ) ;
#1157 = EDGE_CURVE ( 'NONE', #1553, #421, #1198, .T. ) ;
#1158 = VERTEX_POINT ( 'NONE', #567 ) ;
#1159 = DIRECTION ( 'NONE',  ( 1.000000000000000000, 0.000000000000000000, 0.000000000000000000 ) ) ;
#1160 = CARTESIAN_POINT ( 'NONE',  ( 64.00000000000000000, 3.849999999999999645, 1.999999999999989564 ) ) ;
#1161 = EDGE_CURVE ( 'NONE', #2055, #1834, #2003, .T. ) ;
#1162 = EDGE_CURVE ( 'NONE', #1771, #1870, #964, .T. ) ;
#1163 = CARTESIAN_POINT ( 'NONE',  ( -1.999999999999991340, 5.000000000000000000, -3.000000000000000000 ) ) ;
#1164 = CARTESIAN_POINT ( 'NONE',  ( 72.00000000000000000, 20.59999999999999076, -6.999999999999999112 ) ) ;
#1165 = ORIENTED_EDGE ( 'NONE', *, *, #1157, .T. ) ;
#1166 = CIRCLE ( 'NONE', #955, 2.499999999999960476 ) ;
#1167 = AXIS2_PLACEMENT_3D ( 'NONE', #914, #2122, #927 ) ;
#1168 = VERTEX_POINT ( 'NONE', #1339 ) ;
#1169 = FACE_BOUND ( 'NONE', #1230, .T. ) ;
#1170 = VECTOR ( 'NONE', #986, 1000.000000000000000 ) ;
#1171 = ORIENTED_EDGE ( 'NONE', *, *, #1907, .T. ) ;
#1172 = DIRECTION ( 'NONE',  ( -0.000000000000000000, 0.000000000000000000, 1.000000000000000000 ) ) ;
#1173 = CARTESIAN_POINT ( 'NONE',  ( 171.0000000000000000, 9.999999999999998224, -0.9999999999999991118 ) ) ;
#1174 = ADVANCED_FACE ( 'NONE', ( #203 ), #1151, .F. ) ;
#1175 = EDGE_LOOP ( 'NONE', ( #829, #1934, #614, #641 ) ) ;
#1176 = DIRECTION ( 'NONE',  ( 0.000000000000000000, -0.000000000000000000, -1.000000000000000000 ) ) ;
#1177 = DIRECTION ( 'NONE',  ( 0.000000000000000000, 0.000000000000000000, 1.000000000000000000 ) ) ;
#1178 = ORIENTED_EDGE ( 'NONE', *, *, #310, .F. ) ;
#1179 = CC_DESIGN_PERSON_AND_ORGANIZATION_ASSIGNMENT ( #2383, #225, ( #2487 ) ) ;
#1180 = EDGE_LOOP ( 'NONE', ( #1052, #663, #462, #165 ) ) ;
#1181 = MECHANICAL_CONTEXT ( 'NONE', #1630, 'mechanical' ) ;
#1182 = FACE_BOUND ( 'NONE', #1319, .T. ) ;
#1183 = ORIENTED_EDGE ( 'NONE', *, *, #323, .T. ) ;
#1184 = DIRECTION ( 'NONE',  ( -1.000000000000000000, 0.000000000000000000, -0.000000000000000000 ) ) ;
#1185 = DIRECTION ( 'NONE',  ( 1.000000000000000000, -0.000000000000000000, -0.000000000000000000 ) ) ;
#1186 = ORIENTED_EDGE ( 'NONE', *, *, #667, .T. ) ;
#1187 = CARTESIAN_POINT ( 'NONE',  ( 173.0000000000000284, 5.000000000000000000, -4.500000000000000888 ) ) ;
#1188 = LINE ( 'NONE', #180, #3 ) ;
#1189 = EDGE_CURVE ( 'NONE', #2388, #954, #1952, .T. ) ;
#1190 = ORIENTED_EDGE ( 'NONE', *, *, #2076, .T. ) ;
#1191 = ORIENTED_EDGE ( 'NONE', *, *, #354, .F. ) ;
#1192 = EDGE_CURVE ( 'NONE', #216, #2510, #1004, .T. ) ;
#1193 = APPROVAL_STATUS ( 'not_yet_approved' ) ;
#1194 = EDGE_LOOP ( 'NONE', ( #673, #1577, #1011, #1529, #202, #1865, #2086, #1852, #2169, #817, #1178, #2218, #1383, #1972 ) ) ;
#1195 = DIRECTION ( 'NONE',  ( -0.000000000000000000, -0.000000000000000000, -1.000000000000000000 ) ) ;
#1196 = CARTESIAN_POINT ( 'NONE',  ( 64.00000000000000000, 3.849999999999999645, 1.999999999999989564 ) ) ;
#1197 = ORIENTED_EDGE ( 'NONE', *, *, #292, .F. ) ;
#1198 = LINE ( 'NONE', #2536, #554 ) ;
#1199 = DIRECTION ( 'NONE',  ( 0.000000000000000000, 0.000000000000000000, 1.000000000000000000 ) ) ;
#1200 = CARTESIAN_POINT ( 'NONE',  ( -1.112341770855356084E-15, 13.99999999999998579, 2.000000000000000000 ) ) ;
#1201 = DIRECTION ( 'NONE',  ( 1.000000000000000000, 0.000000000000000000, 0.000000000000000000 ) ) ;
#1202 = EDGE_CURVE ( 'NONE', #2298, #2139, #1960, .T. ) ;
#1203 = ORIENTED_EDGE ( 'NONE', *, *, #613, .T. ) ;
#1204 = EDGE_CURVE ( 'NONE', #55, #211, #178, .T. ) ;
#1205 = AXIS2_PLACEMENT_3D ( 'NONE', #457, #697, #494 ) ;
#1206 = ORIENTED_EDGE ( 'NONE', *, *, #9, .T. ) ;
#1207 = VECTOR ( 'NONE', #110, 1000.000000000000000 ) ;
#1208 = DIRECTION ( 'NONE',  ( 1.851559150523183588E-64, 1.000000000000000000, 0.000000000000000000 ) ) ;
#1209 = DIRECTION ( 'NONE',  ( -5.782411586589360597E-16, 1.000000000000000000, -0.000000000000000000 ) ) ;
#1210 = CARTESIAN_POINT ( 'NONE',  ( 20.00000000000000000, 0.000000000000000000, 2.000000000000000000 ) ) ;
#1211 = VECTOR ( 'NONE', #872, 1000.000000000000000 ) ;
#1212 = EDGE_LOOP ( 'NONE', ( #484, #709, #1806, #477 ) ) ;
#1213 = CARTESIAN_POINT ( 'NONE',  ( 171.0000000000000000, 9.999999999999998224, 2.000000000000000000 ) ) ;
#1214 = VECTOR ( 'NONE', #1087, 1000.000000000000000 ) ;
#1215 = CARTESIAN_POINT ( 'NONE',  ( 0.000000000000000000, 5.000000000000000000, -1.499999999999999334 ) ) ;
#1216 = DIRECTION ( 'NONE',  ( -0.000000000000000000, 0.000000000000000000, 1.000000000000000000 ) ) ;
#1217 = CARTESIAN_POINT ( 'NONE',  ( 174.0000000000000284, 5.000000000000000000, -5.499999999999974243 ) ) ;
#1218 = ORIENTED_EDGE ( 'NONE', *, *, #114, .T. ) ;
#1219 = PERSON_AND_ORGANIZATION ( #652, #504 ) ;
#1220 = CIRCLE ( 'NONE', #1789, 1.500000000000001332 ) ;
#1221 = VERTEX_POINT ( 'NONE', #360 ) ;
#1222 = EDGE_CURVE ( 'NONE', #2243, #632, #2324, .T. ) ;
#1223 = CARTESIAN_POINT ( 'NONE',  ( 92.00000000000000000, 20.59999999999999076, 0.000000000000000000 ) ) ;
#1224 = CARTESIAN_POINT ( 'NONE',  ( 75.99999999999998579, 15.49999999999998934, -12.00000000000000000 ) ) ;
#1225 = VERTEX_POINT ( 'NONE', #414 ) ;
#1226 = DIRECTION ( 'NONE',  ( 0.000000000000000000, 1.000000000000000000, 0.000000000000000000 ) ) ;
#1227 = AXIS2_PLACEMENT_3D ( 'NONE', #1405, #2257, #1604 ) ;
#1228 = CARTESIAN_POINT ( 'NONE',  ( 96.00000000000000000, 3.849999999999999645, 2.000000000000009770 ) ) ;
#1229 = AXIS2_PLACEMENT_3D ( 'NONE', #1163, #1939, #1364 ) ;
#1230 = EDGE_LOOP ( 'NONE', ( #381, #2212 ) ) ;
#1231 = SHAPE_DEFINITION_REPRESENTATION ( #2249, #2404 ) ;
#1232 = ORIENTED_EDGE ( 'NONE', *, *, #855, .T. ) ;
#1233 = CARTESIAN_POINT ( 'NONE',  ( 174.0000000000000284, 0.000000000000000000, 3.000000000000000000 ) ) ;
#1234 = LINE ( 'NONE', #109, #415 ) ;
#1235 = EDGE_CURVE ( 'NONE', #1655, #899, #1148, .T. ) ;
#1236 = ORIENTED_EDGE ( 'NONE', *, *, #1084, .F. ) ;
#1237 = DIRECTION ( 'NONE',  ( 0.000000000000000000, 0.000000000000000000, 1.000000000000000000 ) ) ;
#1238 = EDGE_CURVE ( 'NONE', #1782, #1247, #349, .T. ) ;
#1239 = ADVANCED_FACE ( 'NONE', ( #622 ), #475, .F. ) ;
#1240 = FACE_OUTER_BOUND ( 'NONE', #1450, .T. ) ;
#1241 = CARTESIAN_POINT ( 'NONE',  ( 92.00000000000000000, 12.99999999999999112, -22.00000000000000000 ) ) ;
#1242 = EDGE_LOOP ( 'NONE', ( #2223, #868, #800, #2172, #293, #525, #111, #687 ) ) ;
#1243 = ORIENTED_EDGE ( 'NONE', *, *, #749, .T. ) ;
#1244 = CARTESIAN_POINT ( 'NONE',  ( 1.000000000000000000, 14.59999999999998721, 2.000000000000000000 ) ) ;
#1245 = LINE ( 'NONE', #659, #1941 ) ;
#1246 = AXIS2_PLACEMENT_3D ( 'NONE', #1001, #648, #1781 ) ;
#1247 = VERTEX_POINT ( 'NONE', #2006 ) ;
#1248 = CIRCLE ( 'NONE', #2146, 2.499999999999974243 ) ;
#1249 = EDGE_CURVE ( 'NONE', #918, #2507, #435, .T. ) ;
#1250 = DIRECTION ( 'NONE',  ( 1.000000000000000000, 0.000000000000000000, 0.000000000000000000 ) ) ;
#1251 = AXIS2_PLACEMENT_3D ( 'NONE', #157, #1580, #2168 ) ;
#1252 = CC_DESIGN_APPROVAL ( #1590, ( #2487 ) ) ;
#1253 = EDGE_CURVE ( 'NONE', #1466, #954, #1836, .T. ) ;
#1254 = LINE ( 'NONE', #1812, #376 ) ;
#1255 = LINE ( 'NONE', #2032, #707 ) ;
#1256 = ORIENTED_EDGE ( 'NONE', *, *, #760, .F. ) ;
#1257 = ORIENTED_EDGE ( 'NONE', *, *, #1132, .F. ) ;
#1258 = FACE_BOUND ( 'NONE', #617, .T. ) ;
#1259 = FACE_OUTER_BOUND ( 'NONE', #1503, .T. ) ;
#1260 = ORIENTED_EDGE ( 'NONE', *, *, #1619, .F. ) ;
#1261 = CARTESIAN_POINT ( 'NONE',  ( -2.585786437626905077, 9.585786437626904188, 3.000000000000000000 ) ) ;
#1262 = CARTESIAN_POINT ( 'NONE',  ( 171.0000000000000000, 0.000000000000000000, -0.9999999999999991118 ) ) ;
#1263 = FACE_OUTER_BOUND ( 'NONE', #173, .T. ) ;
#1264 = AXIS2_PLACEMENT_3D ( 'NONE', #2306, #745, #1 ) ;
#1265 = EDGE_CURVE ( 'NONE', #2357, #1225, #1447, .T. ) ;
#1266 = DIRECTION ( 'NONE',  ( 1.000000000000000000, -0.000000000000000000, -0.000000000000000000 ) ) ;
#1267 = ORIENTED_EDGE ( 'NONE', *, *, #1840, .F. ) ;
#1268 = AXIS2_PLACEMENT_3D ( 'NONE', #1739, #1012, #974 ) ;
#1269 = VERTEX_POINT ( 'NONE', #1262 ) ;
#1270 = LINE ( 'NONE', #1442, #2284 ) ;
#1271 = DIRECTION ( 'NONE',  ( -0.000000000000000000, -0.000000000000000000, -1.000000000000000000 ) ) ;
#1272 = DIRECTION ( 'NONE',  ( -0.000000000000000000, 0.000000000000000000, 1.000000000000000000 ) ) ;
#1273 = EDGE_LOOP ( 'NONE', ( #1232, #2368, #1957, #304 ) ) ;
#1274 = CARTESIAN_POINT ( 'NONE',  ( 1.851559150523183318E-63, 9.999999999999998224, -10.00000000000000000 ) ) ;
#1275 = DIRECTION ( 'NONE',  ( -0.000000000000000000, 1.000000000000000000, 0.000000000000000000 ) ) ;
#1276 = CYLINDRICAL_SURFACE ( 'NONE', #1987, 1.500000000000004885 ) ;
#1277 = FACE_OUTER_BOUND ( 'NONE', #2077, .T. ) ;
#1278 = ORIENTED_EDGE ( 'NONE', *, *, #1325, .F. ) ;
#1279 = EDGE_CURVE ( 'NONE', #2435, #60, #691, .T. ) ;
#1280 = ORIENTED_EDGE ( 'NONE', *, *, #1299, .T. ) ;
#1281 = FACE_OUTER_BOUND ( 'NONE', #2506, .T. ) ;
#1282 = DIRECTION ( 'NONE',  ( 0.000000000000000000, 0.000000000000000000, 1.000000000000000000 ) ) ;
#1283 = ORIENTED_EDGE ( 'NONE', *, *, #969, .T. ) ;
#1284 = EDGE_LOOP ( 'NONE', ( #1203, #636, #896 ) ) ;
#1285 = FACE_OUTER_BOUND ( 'NONE', #1691, .T. ) ;
#1286 = VECTOR ( 'NONE', #2174, 1000.000000000000000 ) ;
#1287 = VECTOR ( 'NONE', #1548, 1000.000000000000000 ) ;
#1288 = CARTESIAN_POINT ( 'NONE',  ( 75.99999999999998579, 18.59999999999999076, -12.00000000000000000 ) ) ;
#1289 = VECTOR ( 'NONE', #1123, 1000.000000000000000 ) ;
#1290 = ORIENTED_EDGE ( 'NONE', *, *, #1253, .F. ) ;
#1291 = VECTOR ( 'NONE', #31, 1000.000000000000000 ) ;
#1292 = EDGE_LOOP ( 'NONE', ( #1370, #1942 ) ) ;
#1293 = CARTESIAN_POINT ( 'NONE',  ( 92.00000000000000000, 25.59999999999999076, 0.000000000000000000 ) ) ;
#1294 = CARTESIAN_POINT ( 'NONE',  ( 81.99999999999998579, 12.99999999999999112, -16.99999999999999645 ) ) ;
#1295 = EDGE_CURVE ( 'NONE', #1221, #2213, #822, .T. ) ;
#1296 = ORIENTED_EDGE ( 'NONE', *, *, #931, .F. ) ;
#1297 = DIRECTION ( 'NONE',  ( 0.000000000000000000, -1.000000000000000000, 0.000000000000000000 ) ) ;
#1298 = FACE_OUTER_BOUND ( 'NONE', #1284, .T. ) ;
#1299 = EDGE_CURVE ( 'NONE', #1158, #2454, #1460, .T. ) ;
#1300 = CARTESIAN_POINT ( 'NONE',  ( 126.5000000000000000, 3.849999999999999645, 0.000000000000000000 ) ) ;
#1301 = CARTESIAN_POINT ( 'NONE',  ( 72.00000000000000000, 25.59999999999999076, 0.000000000000000000 ) ) ;
#1302 = ORIENTED_EDGE ( 'NONE', *, *, #1342, .T. ) ;
#1303 = CIRCLE ( 'NONE', #1015, 1.000000000000000000 ) ;
#1304 = VECTOR ( 'NONE', #1730, 1000.000000000000000 ) ;
#1305 = AXIS2_PLACEMENT_3D ( 'NONE', #1200, #2460, #281 ) ;
#1306 = ORIENTED_EDGE ( 'NONE', *, *, #968, .T. ) ;
#1307 = CARTESIAN_POINT ( 'NONE',  ( 22.00000000000000000, 9.099999999999999645, 3.000000000000000000 ) ) ;
#1308 = CARTESIAN_POINT ( 'NONE',  ( -9.834652777191333781E-16, 11.99999999999998579, 3.000000000000000000 ) ) ;
#1309 = PLANE ( 'NONE',  #2105 ) ;
#1310 = EDGE_LOOP ( 'NONE', ( #1183, #853, #2559, #1930 ) ) ;
#1311 = CARTESIAN_POINT ( 'NONE',  ( 88.00000000000000000, 15.49999999999998934, -6.999999999999999112 ) ) ;
#1312 = CARTESIAN_POINT ( 'NONE',  ( 72.00000000000000000, 15.49999999999998934, -6.999999999999999112 ) ) ;
#1313 = EDGE_CURVE ( 'NONE', #262, #186, #682, .T. ) ;
#1314 = AXIS2_PLACEMENT_3D ( 'NONE', #706, #2244, #1324 ) ;
#1315 = CARTESIAN_POINT ( 'NONE',  ( -3.000000000000000000, 9.999999999999998224, 2.000000000000000000 ) ) ;
#1316 = EDGE_CURVE ( 'NONE', #1477, #1071, #1641, .T. ) ;
#1317 = CARTESIAN_POINT ( 'NONE',  ( 129.5000000000000000, 3.849999999999999645, 0.000000000000000000 ) ) ;
#1318 = ORIENTED_EDGE ( 'NONE', *, *, #1999, .F. ) ;
#1319 = EDGE_LOOP ( 'NONE', ( #748, #285 ) ) ;
#1320 = LINE ( 'NONE', #2492, #2320 ) ;
#1321 = DIRECTION ( 'NONE',  ( 1.000000000000000000, 0.000000000000000000, 0.000000000000000000 ) ) ;
#1322 = ORIENTED_EDGE ( 'NONE', *, *, #917, .T. ) ;
#1323 = FACE_OUTER_BOUND ( 'NONE', #6, .T. ) ;
#1324 = DIRECTION ( 'NONE',  ( 1.000000000000000000, 0.000000000000000000, 0.000000000000000000 ) ) ;
#1325 = EDGE_CURVE ( 'NONE', #1158, #1543, #79, .T. ) ;
#1326 = CARTESIAN_POINT ( 'NONE',  ( -3.000000000000001776, -1.224646799147353256E-15, -9.000000000000001776 ) ) ;
#1327 = CONICAL_SURFACE ( 'NONE', #2560, 1.625000000000001332, 0.7853981633974453924 ) ;
#1328 = LINE ( 'NONE', #1301, #792 ) ;
#1329 = EDGE_CURVE ( 'NONE', #2325, #2011, #665, .T. ) ;
#1330 = AXIS2_PLACEMENT_3D ( 'NONE', #1139, #139, #1728 ) ;
#1331 = ORIENTED_EDGE ( 'NONE', *, *, #1602, .T. ) ;
#1332 = AXIS2_PLACEMENT_3D ( 'NONE', #676, #1468, #2241 ) ;
#1333 = ORIENTED_EDGE ( 'NONE', *, *, #983, .F. ) ;
#1334 = CARTESIAN_POINT ( 'NONE',  ( 92.00000000000000000, 25.59999999999999076, -12.00000000000000000 ) ) ;
#1335 = CARTESIAN_POINT ( 'NONE',  ( 0.000000000000000000, 0.000000000000000000, 0.000000000000000000 ) ) ;
#1336 = VERTEX_POINT ( 'NONE', #1434 ) ;
#1337 = DIRECTION ( 'NONE',  ( -0.000000000000000000, 1.000000000000000000, 0.000000000000000000 ) ) ;
#1338 = LINE ( 'NONE', #1766, #953 ) ;
#1339 = CARTESIAN_POINT ( 'NONE',  ( 72.00000000000000000, 15.59999999999999432, 0.000000000000000000 ) ) ;
#1340 = PLANE ( 'NONE',  #2346 ) ;
#1341 = ORIENTED_EDGE ( 'NONE', *, *, #1128, .T. ) ;
#1342 = EDGE_CURVE ( 'NONE', #51, #2414, #243, .T. ) ;
#1343 = ORIENTED_EDGE ( 'NONE', *, *, #135, .T. ) ;
#1344 = AXIS2_PLACEMENT_3D ( 'NONE', #702, #527, #2264 ) ;
#1345 = CARTESIAN_POINT ( 'NONE',  ( 171.0000000000000000, 0.000000000000000000, -10.00000000000000000 ) ) ;
#1346 = ADVANCED_FACE ( 'NONE', ( #1811 ), #1783, .T. ) ;
#1347 = EDGE_CURVE ( 'NONE', #990, #133, #1220, .T. ) ;
#1348 = VECTOR ( 'NONE', #2161, 1000.000000000000000 ) ;
#1349 = AXIS2_PLACEMENT_3D ( 'NONE', #160, #2117, #1147 ) ;
#1350 = EDGE_LOOP ( 'NONE', ( #2287, #2027, #1236, #1165 ) ) ;
#1351 = DIRECTION ( 'NONE',  ( 1.000000000000000000, 0.000000000000000000, 0.000000000000000000 ) ) ;
#1352 = CYLINDRICAL_SURFACE ( 'NONE', #2362, 1.500000000000001332 ) ;
#1353 = DIRECTION ( 'NONE',  ( -0.000000000000000000, -0.000000000000000000, 1.000000000000000000 ) ) ;
#1354 = VECTOR ( 'NONE', #734, 1000.000000000000000 ) ;
#1355 = CARTESIAN_POINT ( 'NONE',  ( 173.0000000000000284, 0.000000000000000000, 3.000000000000000000 ) ) ;
#1356 = ORIENTED_EDGE ( 'NONE', *, *, #1329, .T. ) ;
#1357 = ORIENTED_EDGE ( 'NONE', *, *, #778, .T. ) ;
#1358 = EDGE_CURVE ( 'NONE', #755, #1983, #15, .T. ) ;
#1359 = PLANE ( 'NONE',  #1251 ) ;
#1360 = VERTEX_POINT ( 'NONE', #809 ) ;
#1361 = CARTESIAN_POINT ( 'NONE',  ( 173.0000000000000284, 5.000000000000000000, -3.000000000000000000 ) ) ;
#1362 = DIRECTION ( 'NONE',  ( 0.000000000000000000, 1.000000000000000000, -0.000000000000000000 ) ) ;
#1363 = EDGE_LOOP ( 'NONE', ( #154, #1322, #649, #1893 ) ) ;
#1364 = DIRECTION ( 'NONE',  ( 0.000000000000000000, 0.000000000000000000, -1.000000000000000000 ) ) ;
#1365 = DIRECTION ( 'NONE',  ( 0.000000000000000000, 1.000000000000000000, 0.000000000000000000 ) ) ;
#1366 = ORIENTED_EDGE ( 'NONE', *, *, #2144, .T. ) ;
#1367 = CARTESIAN_POINT ( 'NONE',  ( 32.00000000000000000, 3.849999999999999645, 1.999999999999968914 ) ) ;
#1368 = VECTOR ( 'NONE', #1918, 1000.000000000000000 ) ;
#1369 = VECTOR ( 'NONE', #1362, 1000.000000000000000 ) ;
#1370 = ORIENTED_EDGE ( 'NONE', *, *, #278, .T. ) ;
#1371 = VECTOR ( 'NONE', #1401, 1000.000000000000000 ) ;
#1372 = LINE ( 'NONE', #396, #2396 ) ;
#1373 = VECTOR ( 'NONE', #1621, 1000.000000000000000 ) ;
#1374 = ORIENTED_EDGE ( 'NONE', *, *, #1347, .T. ) ;
#1375 = CARTESIAN_POINT ( 'NONE',  ( 72.00000000000000000, 9.999999999999989342, -6.999999999999999112 ) ) ;
#1376 = CARTESIAN_POINT ( 'NONE',  ( 0.000000000000000000, 0.000000000000000000, -10.00000000000000000 ) ) ;
#1377 = AXIS2_PLACEMENT_3D ( 'NONE', #523, #1721, #480 ) ;
#1378 = EDGE_CURVE ( 'NONE', #1054, #1466, #2377, .T. ) ;
#1379 = ORIENTED_EDGE ( 'NONE', *, *, #1132, .T. ) ;
#1380 = DIRECTION ( 'NONE',  ( -0.000000000000000000, 0.000000000000000000, -1.000000000000000000 ) ) ;
#1381 = ORIENTED_EDGE ( 'NONE', *, *, #1378, .T. ) ;
#1382 = FACE_OUTER_BOUND ( 'NONE', #785, .T. ) ;
#1383 = ORIENTED_EDGE ( 'NONE', *, *, #1689, .T. ) ;
#1384 = VECTOR ( 'NONE', #2104, 1000.000000000000000 ) ;
#1385 = PLANE ( 'NONE',  #2270 ) ;
#1386 = ORIENTED_EDGE ( 'NONE', *, *, #2033, .T. ) ;
#1387 = DIRECTION ( 'NONE',  ( 0.000000000000000000, 0.000000000000000000, -1.000000000000000000 ) ) ;
#1388 = DIRECTION ( 'NONE',  ( 0.000000000000000000, 0.000000000000000000, 1.000000000000000000 ) ) ;
#1389 = EDGE_LOOP ( 'NONE', ( #1091, #1290, #223, #1426 ) ) ;
#1390 = AXIS2_PLACEMENT_3D ( 'NONE', #1871, #611, #678 ) ;
#1391 = ADVANCED_FACE ( 'NONE', ( #2448 ), #127, .F. ) ;
#1392 = DIRECTION ( 'NONE',  ( 0.000000000000000000, 1.000000000000000000, 0.000000000000000000 ) ) ;
#1393 = LINE ( 'NONE', #1164, #1043 ) ;
#1394 = DIRECTION ( 'NONE',  ( 1.000000000000000000, 7.945298363252550326E-17, 0.000000000000000000 ) ) ;
#1395 = EDGE_CURVE ( 'NONE', #1886, #596, #1888, .T. ) ;
#1396 = ORIENTED_EDGE ( 'NONE', *, *, #778, .F. ) ;
#1397 = COORDINATED_UNIVERSAL_TIME_OFFSET ( 1, 0, .AHEAD. ) ;
#1398 = DIRECTION ( 'NONE',  ( 0.7071067811865454633, 0.000000000000000000, 0.7071067811865495711 ) ) ;
#1399 = ORIENTED_EDGE ( 'NONE', *, *, #2310, .F. ) ;
#1400 = CARTESIAN_POINT ( 'NONE',  ( 0.000000000000000000, 0.000000000000000000, 3.000000000000000000 ) ) ;
#1401 = DIRECTION ( 'NONE',  ( 0.000000000000000000, 1.000000000000000000, -0.000000000000000000 ) ) ;
#1402 = EDGE_LOOP ( 'NONE', ( #72, #1112, #1283, #385 ) ) ;
#1403 = CARTESIAN_POINT ( 'NONE',  ( 32.00000000000000000, 3.849999999999999645, 1.999999999999968914 ) ) ;
#1404 = CARTESIAN_POINT ( 'NONE',  ( -5.782411586589293347E-15, 9.999999999999898748, -10.00000000000000000 ) ) ;
#1405 = CARTESIAN_POINT ( 'NONE',  ( 1.000000000000000000, 10.00000000000000000, -1.000000000000000000 ) ) ;
#1406 = DIRECTION ( 'NONE',  ( 0.000000000000000000, 0.000000000000000000, 1.000000000000000000 ) ) ;
#1407 = EDGE_CURVE ( 'NONE', #782, #2534, #595, .T. ) ;
#1408 = VERTEX_POINT ( 'NONE', #1697 ) ;
#1409 = DATE_AND_TIME ( #787, #2272 ) ;
#1410 = ADVANCED_FACE ( 'NONE', ( #1285 ), #876, .F. ) ;
#1411 = ORIENTED_EDGE ( 'NONE', *, *, #951, .F. ) ;
#1412 = VECTOR ( 'NONE', #12, 1000.000000000000000 ) ;
#1413 = CARTESIAN_POINT ( 'NONE',  ( 173.0000000000000284, 10.00000000000000000, 3.000000000000000000 ) ) ;
#1414 = LINE ( 'NONE', #1443, #1371 ) ;
#1415 = VECTOR ( 'NONE', #1424, 1000.000000000000000 ) ;
#1416 = ORIENTED_EDGE ( 'NONE', *, *, #2205, .F. ) ;
#1417 = DIRECTION ( 'NONE',  ( 1.000000000000000000, 0.000000000000000000, 0.000000000000000000 ) ) ;
#1418 = CONICAL_SURFACE ( 'NONE', #1377, 1.500000000000001332, 0.7853981633974316257 ) ;
#1419 = CARTESIAN_POINT ( 'NONE',  ( 62.50000000000000000, 3.849999999999999645, 1.999999999999989564 ) ) ;
#1420 = CARTESIAN_POINT ( 'NONE',  ( 81.99999999999998579, 9.999999999999989342, -16.99999999999999645 ) ) ;
#1421 = EDGE_LOOP ( 'NONE', ( #1509, #959 ) ) ;
#1422 = COORDINATED_UNIVERSAL_TIME_OFFSET ( 1, 0, .AHEAD. ) ;
#1423 = EDGE_CURVE ( 'NONE', #169, #2453, #1513, .T. ) ;
#1424 = DIRECTION ( 'NONE',  ( 0.000000000000000000, -1.000000000000000000, 0.000000000000000000 ) ) ;
#1425 = AXIS2_PLACEMENT_3D ( 'NONE', #295, #306, #1663 ) ;
#1426 = ORIENTED_EDGE ( 'NONE', *, *, #2478, .T. ) ;
#1427 = CYLINDRICAL_SURFACE ( 'NONE', #2367, 1.000000000000000000 ) ;
#1428 = DIRECTION ( 'NONE',  ( -0.000000000000000000, -0.000000000000000000, -1.000000000000000000 ) ) ;
#1429 = EDGE_CURVE ( 'NONE', #1841, #1720, #2258, .T. ) ;
#1430 = EDGE_CURVE ( 'NONE', #924, #604, #774, .T. ) ;
#1431 = AXIS2_PLACEMENT_3D ( 'NONE', #1818, #2036, #1831 ) ;
#1432 = ORIENTED_EDGE ( 'NONE', *, *, #41, .T. ) ;
#1433 = VECTOR ( 'NONE', #261, 1000.000000000000000 ) ;
#1434 = CARTESIAN_POINT ( 'NONE',  ( 173.0000000000000284, 5.000000000000000000, -1.499999999999999334 ) ) ;
#1435 = AXIS2_PLACEMENT_3D ( 'NONE', #1674, #1216, #1483 ) ;
#1436 = CARTESIAN_POINT ( 'NONE',  ( -3.000000000000002665, 5.000000000000000000, -4.500000000000000888 ) ) ;
#1437 = DIRECTION ( 'NONE',  ( -0.000000000000000000, 1.000000000000000000, -0.000000000000000000 ) ) ;
#1438 = ORIENTED_EDGE ( 'NONE', *, *, #1689, .F. ) ;
#1439 = DIRECTION ( 'NONE',  ( 0.000000000000000000, 1.000000000000000000, -0.000000000000000000 ) ) ;
#1440 = EDGE_CURVE ( 'NONE', #1408, #880, #2090, .T. ) ;
#1441 = ORIENTED_EDGE ( 'NONE', *, *, #696, .F. ) ;
#1442 = CARTESIAN_POINT ( 'NONE',  ( -2.000000000000001776, -1.398119146745033966E-15, 3.000000000000000000 ) ) ;
#1443 = CARTESIAN_POINT ( 'NONE',  ( 170.0000000000000000, 15.59999999999999964, 3.000000000000000000 ) ) ;
#1444 = CARTESIAN_POINT ( 'NONE',  ( 92.00000000000000000, 20.59999999999999076, -6.999999999999999112 ) ) ;
#1445 = ADVANCED_FACE ( 'NONE', ( #1298 ), #2094, .T. ) ;
#1446 = ORIENTED_EDGE ( 'NONE', *, *, #1051, .T. ) ;
#1447 = LINE ( 'NONE', #1628, #1797 ) ;
#1448 = LINE ( 'NONE', #1849, #253 ) ;
#1449 = CARTESIAN_POINT ( 'NONE',  ( 72.00000000000000000, 9.999999999999989342, -6.999999999999999112 ) ) ;
#1450 = EDGE_LOOP ( 'NONE', ( #2484, #551, #2164, #1197 ) ) ;
#1451 = CARTESIAN_POINT ( 'NONE',  ( -1.999999999999991340, 5.000000000000000000, -4.500000000000000888 ) ) ;
#1452 = EDGE_LOOP ( 'NONE', ( #64, #916, #1932, #2531 ) ) ;
#1453 = DIRECTION ( 'NONE',  ( -0.000000000000000000, 0.000000000000000000, -1.000000000000000000 ) ) ;
#1454 = DIRECTION ( 'NONE',  ( 1.000000000000000000, 0.000000000000000000, 0.000000000000000000 ) ) ;
#1455 = CARTESIAN_POINT ( 'NONE',  ( 0.000000000000000000, 0.000000000000000000, -10.00000000000000000 ) ) ;
#1456 = CONICAL_SURFACE ( 'NONE', #45, 2.500000000000011102, 0.7853981633974485010 ) ;
#1457 = ORIENTED_EDGE ( 'NONE', *, *, #1378, .F. ) ;
#1458 = VECTOR ( 'NONE', #585, 1000.000000000000000 ) ;
#1459 = CARTESIAN_POINT ( 'NONE',  ( -3.000000000000000000, 9.999999999999998224, 2.000000000000000000 ) ) ;
#1460 = LINE ( 'NONE', #849, #219 ) ;
#1461 = ADVANCED_FACE ( 'NONE', ( #113 ), #1471, .F. ) ;
#1462 = VECTOR ( 'NONE', #2075, 1000.000000000000000 ) ;
#1463 = DIRECTION ( 'NONE',  ( 0.000000000000000000, 0.000000000000000000, 1.000000000000000000 ) ) ;
#1464 = DIRECTION ( 'NONE',  ( -0.000000000000000000, 0.000000000000000000, 1.000000000000000000 ) ) ;
#1465 = ORIENTED_EDGE ( 'NONE', *, *, #1347, .F. ) ;
#1466 = VERTEX_POINT ( 'NONE', #282 ) ;
#1467 = CARTESIAN_POINT ( 'NONE',  ( 72.00000000000000000, 15.59999999999999432, 2.000000000000000000 ) ) ;
#1468 = DIRECTION ( 'NONE',  ( -0.000000000000000000, -0.000000000000000000, -1.000000000000000000 ) ) ;
#1469 = ORIENTED_EDGE ( 'NONE', *, *, #1690, .T. ) ;
#1470 = CYLINDRICAL_SURFACE ( 'NONE', #1017, 1.000000000000000000 ) ;
#1471 = CYLINDRICAL_SURFACE ( 'NONE', #1025, 1.625000000000001332 ) ;
#1472 = AXIS2_PLACEMENT_3D ( 'NONE', #2209, #1993, #1417 ) ;
#1473 = EDGE_CURVE ( 'NONE', #55, #1168, #912, .T. ) ;
#1474 = CARTESIAN_POINT ( 'NONE',  ( 149.0000000000000284, 11.99999999999999822, 3.000000000000000000 ) ) ;
#1475 = CIRCLE ( 'NONE', #347, 1.000000000000000888 ) ;
#1476 = DIRECTION ( 'NONE',  ( 1.000000000000000000, 0.000000000000000000, 0.000000000000000000 ) ) ;
#1477 = VERTEX_POINT ( 'NONE', #2500 ) ;
#1478 = ORIENTED_EDGE ( 'NONE', *, *, #594, .T. ) ;
#1479 = DIRECTION ( 'NONE',  ( 1.851559150523183925E-64, 1.000000000000000000, 0.000000000000000000 ) ) ;
#1480 = DIRECTION ( 'NONE',  ( -1.000000000000000000, 0.000000000000000000, -0.000000000000000000 ) ) ;
#1481 = CARTESIAN_POINT ( 'NONE',  ( 1.000000000000000000, -1.851559150523183588E-64, -1.000000000000000000 ) ) ;
#1482 = EDGE_LOOP ( 'NONE', ( #692, #495, #2201, #1992, #125 ) ) ;
#1483 = DIRECTION ( 'NONE',  ( 1.000000000000000000, 0.000000000000000000, 0.000000000000000000 ) ) ;
#1484 = LINE ( 'NONE', #102, #2331 ) ;
#1485 = LINE ( 'NONE', #2259, #1214 ) ;
#1486 = CARTESIAN_POINT ( 'NONE',  ( -2.000000000000001776, 0.000000000000000000, 2.000000000000000000 ) ) ;
#1487 = ORIENTED_EDGE ( 'NONE', *, *, #354, .T. ) ;
#1488 = EDGE_CURVE ( 'NONE', #2447, #1037, #1860, .T. ) ;
#1489 = VERTEX_POINT ( 'NONE', #2293 ) ;
#1490 = FACE_OUTER_BOUND ( 'NONE', #982, .T. ) ;
#1491 = DIRECTION ( 'NONE',  ( 1.000000000000000000, 8.195543980992787190E-17, 0.000000000000000000 ) ) ;
#1492 = CARTESIAN_POINT ( 'NONE',  ( 81.99999999999998579, 11.00000000000000888, -18.49999999999999645 ) ) ;
#1493 = ORIENTED_EDGE ( 'NONE', *, *, #339, .T. ) ;
#1494 = CARTESIAN_POINT ( 'NONE',  ( 81.99999999999998579, 11.00000000000000888, -16.99999999999999645 ) ) ;
#1495 = AXIS2_PLACEMENT_3D ( 'NONE', #1486, #1863, #272 ) ;
#1496 = DIRECTION ( 'NONE',  ( 1.000000000000000000, 0.000000000000000000, 0.000000000000000000 ) ) ;
#1497 = AXIS2_PLACEMENT_3D ( 'NONE', #16, #812, #1564 ) ;
#1498 = CARTESIAN_POINT ( 'NONE',  ( 0.000000000000000000, 0.000000000000000000, 0.000000000000000000 ) ) ;
#1499 = AXIS2_PLACEMENT_3D ( 'NONE', #619, #229, #37 ) ;
#1500 = DIRECTION ( 'NONE',  ( 1.000000000000000000, -0.000000000000000000, -0.000000000000000000 ) ) ;
#1501 = CIRCLE ( 'NONE', #584, 3.500000000000003109 ) ;
#1502 = UNCERTAINTY_MEASURE_WITH_UNIT (LENGTH_MEASURE( 1.000000000000000082E-05 ), #2096, 'distance_accuracy_value', 'NONE');
#1503 = EDGE_LOOP ( 'NONE', ( #1599, #1965, #1257, #356 ) ) ;
#1504 = EDGE_LOOP ( 'NONE', ( #460, #1399, #2044, #701 ) ) ;
#1505 = ADVANCED_FACE ( 'NONE', ( #531 ), #491, .F. ) ;
#1506 = CARTESIAN_POINT ( 'NONE',  ( 1.000000000000000000, -1.851559150523183588E-64, 0.000000000000000000 ) ) ;
#1507 = LINE ( 'NONE', #502, #1623 ) ;
#1508 = DIRECTION ( 'NONE',  ( 5.782411586589360597E-16, -1.000000000000000000, 0.000000000000000000 ) ) ;
#1509 = ORIENTED_EDGE ( 'NONE', *, *, #483, .T. ) ;
#1510 = CARTESIAN_POINT ( 'NONE',  ( 171.0000000000000000, 9.999999999999998224, -10.00000000000000000 ) ) ;
#1511 = EDGE_CURVE ( 'NONE', #704, #196, #1675, .T. ) ;
#1512 = EDGE_CURVE ( 'NONE', #2545, #1983, #1484, .T. ) ;
#1513 = LINE ( 'NONE', #1312, #1100 ) ;
#1514 = DIRECTION ( 'NONE',  ( 0.000000000000000000, -1.000000000000000000, 0.000000000000000000 ) ) ;
#1515 = ORIENTED_EDGE ( 'NONE', *, *, #892, .F. ) ;
#1516 = AXIS2_PLACEMENT_3D ( 'NONE', #248, #1064, #2247 ) ;
#1517 = ORIENTED_EDGE ( 'NONE', *, *, #1602, .F. ) ;
#1518 = DIRECTION ( 'NONE',  ( 0.000000000000000000, 1.000000000000000000, 0.000000000000000000 ) ) ;
#1519 = CARTESIAN_POINT ( 'NONE',  ( -9.495328500083569447E-16, 15.59999999999998899, 2.000000000000000000 ) ) ;
#1520 = EDGE_CURVE ( 'NONE', #1336, #156, #1684, .T. ) ;
#1521 = ORIENTED_EDGE ( 'NONE', *, *, #744, .T. ) ;
#1522 = CARTESIAN_POINT ( 'NONE',  ( 126.5000000000000000, 3.849999999999999645, 1.999999999999989564 ) ) ;
#1523 = DIRECTION ( 'NONE',  ( -1.000000000000000000, 0.000000000000000000, 0.000000000000000000 ) ) ;
#1524 = EDGE_CURVE ( 'NONE', #2453, #1720, #1338, .T. ) ;
#1525 = FACE_OUTER_BOUND ( 'NONE', #362, .T. ) ;
#1526 = ADVANCED_FACE ( 'NONE', ( #1534, #1949 ), #2343, .F. ) ;
#1527 = CARTESIAN_POINT ( 'NONE',  ( 151.0000000000000284, 7.099999999999999645, 2.000000000000000000 ) ) ;
#1528 = VERTEX_POINT ( 'NONE', #2533 ) ;
#1529 = ORIENTED_EDGE ( 'NONE', *, *, #627, .F. ) ;
#1530 = DIRECTION ( 'NONE',  ( -1.000000000000000000, -5.782411586589351722E-16, 0.000000000000000000 ) ) ;
#1531 = FACE_BOUND ( 'NONE', #2337, .T. ) ;
#1532 = ORIENTED_EDGE ( 'NONE', *, *, #2188, .F. ) ;
#1533 = FACE_BOUND ( 'NONE', #738, .T. ) ;
#1534 = FACE_OUTER_BOUND ( 'NONE', #469, .T. ) ;
#1535 = ADVANCED_FACE ( 'NONE', ( #793 ), #666, .F. ) ;
#1536 = DIRECTION ( 'NONE',  ( -1.000000000000000000, -0.000000000000000000, -0.000000000000000000 ) ) ;
#1537 = CIRCLE ( 'NONE', #1814, 1.500000000000001332 ) ;
#1538 = CARTESIAN_POINT ( 'NONE',  ( -3.000000000000002665, 5.000000000000000000, -3.000000000000000000 ) ) ;
#1539 = CIRCLE ( 'NONE', #712, 1.000000000000000000 ) ;
#1540 = VERTEX_POINT ( 'NONE', #1936 ) ;
#1541 = EDGE_CURVE ( 'NONE', #1668, #2128, #369, .T. ) ;
#1542 = AXIS2_PLACEMENT_3D ( 'NONE', #2165, #1970, #1007 ) ;
#1543 = VERTEX_POINT ( 'NONE', #743 ) ;
#1544 = VECTOR ( 'NONE', #140, 1000.000000000000000 ) ;
#1545 = DIRECTION ( 'NONE',  ( -1.000000000000000000, 0.000000000000000000, 0.000000000000000000 ) ) ;
#1546 = ORIENTED_EDGE ( 'NONE', *, *, #700, .T. ) ;
#1547 = CARTESIAN_POINT ( 'NONE',  ( 22.00000000000000000, 11.99999999999998757, 3.000000000000000000 ) ) ;
#1548 = DIRECTION ( 'NONE',  ( -1.000000000000000000, -5.782411586589360597E-16, 0.000000000000000000 ) ) ;
#1549 = CARTESIAN_POINT ( 'NONE',  ( 0.000000000000000000, 9.099999999999999645, 3.000000000000000000 ) ) ;
#1550 = ADVANCED_FACE ( 'NONE', ( #553 ), #1352, .F. ) ;
#1551 = DIRECTION ( 'NONE',  ( 0.000000000000000000, 1.000000000000000000, 0.000000000000000000 ) ) ;
#1552 = AXIS2_PLACEMENT_3D ( 'NONE', #450, #608, #1058 ) ;
#1553 = VERTEX_POINT ( 'NONE', #1376 ) ;
#1554 = LINE ( 'NONE', #170, #2067 ) ;
#1555 = EDGE_LOOP ( 'NONE', ( #2193, #910, #1280, #2477, #1432, #176, #82, #1022 ) ) ;
#1556 = AXIS2_PLACEMENT_3D ( 'NONE', #2054, #1464, #878 ) ;
#1557 = DIRECTION ( 'NONE',  ( -0.000000000000000000, 0.000000000000000000, 1.000000000000000000 ) ) ;
#1558 = CONICAL_SURFACE ( 'NONE', #643, 1.499999999999997780, 0.7853981633974539411 ) ;
#1559 = ORIENTED_EDGE ( 'NONE', *, *, #1395, .T. ) ;
#1560 = LINE ( 'NONE', #818, #2318 ) ;
#1561 = CARTESIAN_POINT ( 'NONE',  ( 174.0000000000000284, 10.00000000000000000, -9.000000000000001776 ) ) ;
#1562 = ORIENTED_EDGE ( 'NONE', *, *, #1524, .F. ) ;
#1563 = DIRECTION ( 'NONE',  ( 1.000000000000000000, 0.000000000000000000, 0.000000000000000000 ) ) ;
#1564 = DIRECTION ( 'NONE',  ( 1.000000000000000000, 0.000000000000000000, 0.000000000000000000 ) ) ;
#1565 = VERTEX_POINT ( 'NONE', #961 ) ;
#1566 = ORIENTED_EDGE ( 'NONE', *, *, #320, .F. ) ;
#1567 = EDGE_CURVE ( 'NONE', #186, #1528, #543, .T. ) ;
#1568 = DIRECTION ( 'NONE',  ( 1.000000000000000000, 0.000000000000000000, 0.000000000000000000 ) ) ;
#1569 = VERTEX_POINT ( 'NONE', #2158 ) ;
#1570 = DIRECTION ( 'NONE',  ( 0.000000000000000000, -1.000000000000000000, 0.000000000000000000 ) ) ;
#1571 = DIRECTION ( 'NONE',  ( 1.000000000000000000, -0.000000000000000000, -0.000000000000000000 ) ) ;
#1572 = ORIENTED_EDGE ( 'NONE', *, *, #1192, .T. ) ;
#1573 = LINE ( 'NONE', #2347, #1304 ) ;
#1574 = CARTESIAN_POINT ( 'NONE',  ( 1.000000000000000000, 14.59999999999998721, 2.000000000000000000 ) ) ;
#1575 = ORIENTED_EDGE ( 'NONE', *, *, #2499, .T. ) ;
#1576 = AXIS2_PLACEMENT_3D ( 'NONE', #277, #486, #1080 ) ;
#1577 = ORIENTED_EDGE ( 'NONE', *, *, #1729, .T. ) ;
#1578 = APPROVAL_DATE_TIME ( #2370, #1590 ) ;
#1579 = CIRCLE ( 'NONE', #1985, 1.000000000000000000 ) ;
#1580 = DIRECTION ( 'NONE',  ( 1.000000000000000000, -1.734723475976806848E-16, 0.000000000000000000 ) ) ;
#1581 = EDGE_CURVE ( 'NONE', #1269, #1408, #1964, .T. ) ;
#1582 = CC_DESIGN_SECURITY_CLASSIFICATION ( #839, ( #2487 ) ) ;
#1583 = ORIENTED_EDGE ( 'NONE', *, *, #2251, .F. ) ;
#1584 = FACE_OUTER_BOUND ( 'NONE', #1155, .T. ) ;
#1585 = DIRECTION ( 'NONE',  ( -0.000000000000000000, -0.000000000000000000, -1.000000000000000000 ) ) ;
#1586 = EDGE_CURVE ( 'NONE', #1713, #2454, #989, .T. ) ;
#1587 = ORIENTED_EDGE ( 'NONE', *, *, #1295, .F. ) ;
#1588 = CARTESIAN_POINT ( 'NONE',  ( 151.0000000000000284, 7.099999999999999645, 0.000000000000000000 ) ) ;
#1589 = CARTESIAN_POINT ( 'NONE',  ( -3.000000000000002665, 5.000000000000000000, -4.500000000000000888 ) ) ;
#1590 = APPROVAL ( #1998, 'UNSPECIFIED' ) ;
#1591 = VERTEX_POINT ( 'NONE', #2304 ) ;
#1592 = EDGE_LOOP ( 'NONE', ( #973, #137, #848, #1774 ) ) ;
#1593 = PERSON_AND_ORGANIZATION ( #652, #504 ) ;
#1594 = AXIS2_PLACEMENT_3D ( 'NONE', #1244, #2023, #2289 ) ;
#1595 = ORIENTED_EDGE ( 'NONE', *, *, #1690, .F. ) ;
#1596 = DIRECTION ( 'NONE',  ( 0.000000000000000000, -1.000000000000000000, 0.000000000000000000 ) ) ;
#1597 = DIRECTION ( 'NONE',  ( 0.7071067811865456854, 0.000000000000000000, 0.7071067811865493491 ) ) ;
#1598 = VECTOR ( 'NONE', #403, 1000.000000000000000 ) ;
#1599 = ORIENTED_EDGE ( 'NONE', *, *, #2527, .T. ) ;
#1600 = AXIS2_PLACEMENT_3D ( 'NONE', #542, #925, #1138 ) ;
#1601 = CARTESIAN_POINT ( 'NONE',  ( 1.851559150523183318E-63, 9.999999999999998224, 2.000000000000000000 ) ) ;
#1602 = EDGE_CURVE ( 'NONE', #1771, #1668, #358, .T. ) ;
#1603 = DIRECTION ( 'NONE',  ( 1.000000000000000000, -0.000000000000000000, -0.000000000000000000 ) ) ;
#1604 = DIRECTION ( 'NONE',  ( 1.000000000000000000, 0.000000000000000000, 0.000000000000000000 ) ) ;
#1605 = ORIENTED_EDGE ( 'NONE', *, *, #1440, .F. ) ;
#1606 = PERSON_AND_ORGANIZATION ( #652, #504 ) ;
#1607 = DIRECTION ( 'NONE',  ( 1.000000000000000000, -0.000000000000000000, 0.000000000000000000 ) ) ;
#1608 = EDGE_LOOP ( 'NONE', ( #1186, #2152 ) ) ;
#1609 = DIRECTION ( 'NONE',  ( 0.000000000000000000, 0.000000000000000000, -1.000000000000000000 ) ) ;
#1610 = CYLINDRICAL_SURFACE ( 'NONE', #2061, 1.500000000000001332 ) ;
#1611 = LINE ( 'NONE', #1820, #2 ) ;
#1612 = ORIENTED_EDGE ( 'NONE', *, *, #573, .T. ) ;
#1613 = DIRECTION ( 'NONE',  ( 1.000000000000000000, -0.000000000000000000, -0.000000000000000000 ) ) ;
#1614 = CYLINDRICAL_SURFACE ( 'NONE', #2266, 1.000000000000000888 ) ;
#1615 = EDGE_CURVE ( 'NONE', #1746, #1269, #1740, .T. ) ;
#1616 = CARTESIAN_POINT ( 'NONE',  ( -9.495328500083569447E-16, 15.59999999999998899, 3.000000000000000000 ) ) ;
#1617 = ADVANCED_FACE ( 'NONE', ( #150 ), #345, .F. ) ;
#1618 = VERTEX_POINT ( 'NONE', #1561 ) ;
#1619 = EDGE_CURVE ( 'NONE', #2402, #2087, #1817, .T. ) ;
#1620 = CALENDAR_DATE ( 2026, 13, 5 ) ;
#1621 = DIRECTION ( 'NONE',  ( 1.734723475976806848E-16, 1.000000000000000000, -0.000000000000000000 ) ) ;
#1622 = ORIENTED_EDGE ( 'NONE', *, *, #2250, .F. ) ;
#1623 = VECTOR ( 'NONE', #1271, 1000.000000000000000 ) ;
#1624 = DIRECTION ( 'NONE',  ( -1.734723475976806848E-16, -1.000000000000000000, 0.000000000000000000 ) ) ;
#1625 = CARTESIAN_POINT ( 'NONE',  ( 173.0000000000000284, 1.027162637006533087E-30, -10.00000000000000000 ) ) ;
#1626 = VECTOR ( 'NONE', #122, 1000.000000000000000 ) ;
#1627 = ORIENTED_EDGE ( 'NONE', *, *, #1955, .F. ) ;
#1628 = CARTESIAN_POINT ( 'NONE',  ( 92.00000000000000000, 15.59999999999998899, 0.000000000000000000 ) ) ;
#1629 = AXIS2_PLACEMENT_3D ( 'NONE', #1420, #236, #1033 ) ;
#1630 = APPLICATION_CONTEXT ( 'configuration controlled 3d designs of mechanical parts and assemblies' ) ;
#1631 = CARTESIAN_POINT ( 'NONE',  ( 92.00000000000000000, 12.99999999999999112, -22.00000000000000000 ) ) ;
#1632 = EDGE_CURVE ( 'NONE', #421, #1360, #1927, .T. ) ;
#1633 = CARTESIAN_POINT ( 'NONE',  ( 32.00000000000000000, 3.849999999999999645, 3.000000000000000000 ) ) ;
#1634 = VERTEX_POINT ( 'NONE', #2558 ) ;
#1635 = CARTESIAN_POINT ( 'NONE',  ( 171.0000000000000000, 0.000000000000000000, -10.00000000000000000 ) ) ;
#1636 = ORIENTED_EDGE ( 'NONE', *, *, #292, .T. ) ;
#1637 = CARTESIAN_POINT ( 'NONE',  ( -3.000000000000000888, 5.000000000000000000, -3.000000000000000000 ) ) ;
#1638 = CARTESIAN_POINT ( 'NONE',  ( -5.782411586589293347E-15, 9.999999999999898748, 0.000000000000000000 ) ) ;
#1639 = CARTESIAN_POINT ( 'NONE',  ( 173.0000000000000284, 10.00000000000000000, -9.000000000000001776 ) ) ;
#1640 = ORIENTED_EDGE ( 'NONE', *, *, #1429, .T. ) ;
#1641 = LINE ( 'NONE', #233, #1059 ) ;
#1642 = FACE_OUTER_BOUND ( 'NONE', #250, .T. ) ;
#1643 = CARTESIAN_POINT ( 'NONE',  ( 128.0000000000000000, 3.849999999999999645, 1.999999999999989564 ) ) ;
#1644 = EDGE_LOOP ( 'NONE', ( #280, #1954, #406, #1521 ) ) ;
#1645 = ORIENTED_EDGE ( 'NONE', *, *, #2428, .F. ) ;
#1646 = ADVANCED_FACE ( 'NONE', ( #593 ), #948, .F. ) ;
#1647 = CARTESIAN_POINT ( 'NONE',  ( 174.0000000000000284, 0.000000000000000000, 2.000000000000000000 ) ) ;
#1648 = LINE ( 'NONE', #240, #164 ) ;
#1649 = FACE_OUTER_BOUND ( 'NONE', #2490, .T. ) ;
#1650 = EDGE_LOOP ( 'NONE', ( #2046, #943, #720, #2238 ) ) ;
#1651 = EDGE_CURVE ( 'NONE', #1247, #1947, #83, .T. ) ;
#1652 = DIRECTION ( 'NONE',  ( 1.000000000000000000, 0.000000000000000000, 0.000000000000000000 ) ) ;
#1653 = DIRECTION ( 'NONE',  ( -1.000000000000000000, -6.086749038515111812E-17, 0.000000000000000000 ) ) ;
#1654 = CARTESIAN_POINT ( 'NONE',  ( -1.155557966632343439E-30, 10.00000000000000000, 2.000000000000000000 ) ) ;
#1655 = VERTEX_POINT ( 'NONE', #1625 ) ;
#1656 = ORIENTED_EDGE ( 'NONE', *, *, #2250, .T. ) ;
#1657 = LINE ( 'NONE', #2400, #2535 ) ;
#1658 = CYLINDRICAL_SURFACE ( 'NONE', #1332, 1.625000000000001332 ) ;
#1659 = EDGE_CURVE ( 'NONE', #2551, #216, #1028, .T. ) ;
#1660 = CIRCLE ( 'NONE', #538, 1.000000000000000000 ) ;
#1661 = VERTEX_POINT ( 'NONE', #1832 ) ;
#1662 = LINE ( 'NONE', #1098, #2504 ) ;
#1663 = DIRECTION ( 'NONE',  ( 0.000000000000000000, 0.000000000000000000, -1.000000000000000000 ) ) ;
#1664 = VECTOR ( 'NONE', #2155, 1000.000000000000000 ) ;
#1665 = EDGE_CURVE ( 'NONE', #1947, #1591, #915, .T. ) ;
#1666 = DIRECTION ( 'NONE',  ( -0.000000000000000000, -0.000000000000000000, -1.000000000000000000 ) ) ;
#1667 = DIRECTION ( 'NONE',  ( 1.000000000000000000, 0.000000000000000000, 0.000000000000000000 ) ) ;
#1668 = VERTEX_POINT ( 'NONE', #2171 ) ;
#1669 = EDGE_LOOP ( 'NONE', ( #2267, #517, #1988, #1995 ) ) ;
#1670 = DIRECTION ( 'NONE',  ( 0.000000000000000000, 0.000000000000000000, 1.000000000000000000 ) ) ;
#1671 = CARTESIAN_POINT ( 'NONE',  ( 94.37500000000000000, 3.849999999999999645, 0.000000000000000000 ) ) ;
#1672 = CARTESIAN_POINT ( 'NONE',  ( 0.000000000000000000, 0.000000000000000000, 3.000000000000000000 ) ) ;
#1673 = ORIENTED_EDGE ( 'NONE', *, *, #1423, .T. ) ;
#1674 = CARTESIAN_POINT ( 'NONE',  ( 32.00000000000000000, 3.849999999999999645, 0.000000000000000000 ) ) ;
#1675 = LINE ( 'NONE', #2462, #558 ) ;
#1676 = EDGE_CURVE ( 'NONE', #2507, #1543, #1648, .T. ) ;
#1677 = PLANE ( 'NONE',  #621 ) ;
#1678 = ORIENTED_EDGE ( 'NONE', *, *, #532, .F. ) ;
#1679 = ORIENTED_EDGE ( 'NONE', *, *, #2513, .F. ) ;
#1680 = CARTESIAN_POINT ( 'NONE',  ( 72.00000000000000000, 9.999999999999989342, -6.999999999999999112 ) ) ;
#1681 = CARTESIAN_POINT ( 'NONE',  ( 170.0000000000000000, 0.000000000000000000, -0.9999999999999991118 ) ) ;
#1682 = ORIENTED_EDGE ( 'NONE', *, *, #231, .T. ) ;
#1683 = LINE ( 'NONE', #887, #2502 ) ;
#1684 = LINE ( 'NONE', #2474, #2344 ) ;
#1685 = CARTESIAN_POINT ( 'NONE',  ( 72.00000000000000000, 25.59999999999999076, 0.000000000000000000 ) ) ;
#1686 = EDGE_CURVE ( 'NONE', #2382, #657, #497, .T. ) ;
#1687 = CARTESIAN_POINT ( 'NONE',  ( 174.0000000000000284, 10.00000000000000000, 3.000000000000000000 ) ) ;
#1688 = ORIENTED_EDGE ( 'NONE', *, *, #610, .F. ) ;
#1689 = EDGE_CURVE ( 'NONE', #1225, #2055, #425, .T. ) ;
#1690 = EDGE_CURVE ( 'NONE', #990, #924, #399, .T. ) ;
#1691 = EDGE_LOOP ( 'NONE', ( #946, #2472, #1487, #209 ) ) ;
#1692 = DIRECTION ( 'NONE',  ( 0.000000000000000000, 0.000000000000000000, 1.000000000000000000 ) ) ;
#1693 = CARTESIAN_POINT ( 'NONE',  ( 149.0000000000000284, 9.099999999999999645, 3.000000000000000000 ) ) ;
#1694 = ORIENTED_EDGE ( 'NONE', *, *, #507, .T. ) ;
#1695 = CARTESIAN_POINT ( 'NONE',  ( 30.49999999999999645, 3.849999999999999645, 1.999999999999968914 ) ) ;
#1696 = VECTOR ( 'NONE', #311, 1000.000000000000000 ) ;
#1697 = CARTESIAN_POINT ( 'NONE',  ( 171.0000000000000000, 9.999999999999998224, -0.9999999999999991118 ) ) ;
#1698 = AXIS2_PLACEMENT_3D ( 'NONE', #87, #2493, #1454 ) ;
#1699 = FACE_OUTER_BOUND ( 'NONE', #47, .T. ) ;
#1700 = VECTOR ( 'NONE', #631, 1000.000000000000000 ) ;
#1701 = ORIENTED_EDGE ( 'NONE', *, *, #62, .F. ) ;
#1702 = EDGE_CURVE ( 'NONE', #2454, #731, #1245, .T. ) ;
#1703 = ORIENTED_EDGE ( 'NONE', *, *, #646, .T. ) ;
#1704 = PLANE ( 'NONE',  #2203 ) ;
#1705 = EDGE_CURVE ( 'NONE', #704, #993, #836, .T. ) ;
#1706 = CARTESIAN_POINT ( 'NONE',  ( 88.00000000000000000, 15.49999999999998934, -12.00000000000000000 ) ) ;
#1707 = FACE_OUTER_BOUND ( 'NONE', #1212, .T. ) ;
#1708 = ORIENTED_EDGE ( 'NONE', *, *, #1676, .F. ) ;
#1709 = CARTESIAN_POINT ( 'NONE',  ( -1.112341770855356084E-15, 13.99999999999998579, 2.000000000000000000 ) ) ;
#1710 = AXIS2_PLACEMENT_3D ( 'NONE', #2170, #1570, #1387 ) ;
#1711 = CARTESIAN_POINT ( 'NONE',  ( 174.0000000000000284, 1.540743955509788682E-30, -9.000000000000001776 ) ) ;
#1712 = VERTEX_POINT ( 'NONE', #2024 ) ;
#1713 = VERTEX_POINT ( 'NONE', #201 ) ;
#1714 = LINE ( 'NONE', #1293, #769 ) ;
#1715 = DIRECTION ( 'NONE',  ( 0.000000000000000000, 0.000000000000000000, -1.000000000000000000 ) ) ;
#1716 = EDGE_CURVE ( 'NONE', #2517, #106, #1056, .T. ) ;
#1717 = ORIENTED_EDGE ( 'NONE', *, *, #48, .T. ) ;
#1718 = DIRECTION ( 'NONE',  ( 0.000000000000000000, 0.000000000000000000, -1.000000000000000000 ) ) ;
#1719 = DIRECTION ( 'NONE',  ( -0.000000000000000000, -0.000000000000000000, -1.000000000000000000 ) ) ;
#1720 = VERTEX_POINT ( 'NONE', #1224 ) ;
#1721 = DIRECTION ( 'NONE',  ( 0.000000000000000000, 0.000000000000000000, 1.000000000000000000 ) ) ;
#1722 = LINE ( 'NONE', #747, #1696 ) ;
#1723 = EDGE_LOOP ( 'NONE', ( #2556, #1374, #2252, #1441 ) ) ;
#1724 = ORIENTED_EDGE ( 'NONE', *, *, #869, .T. ) ;
#1725 = PLANE ( 'NONE',  #1943 ) ;
#1726 = ORIENTED_EDGE ( 'NONE', *, *, #2126, .F. ) ;
#1727 = CARTESIAN_POINT ( 'NONE',  ( 171.0000000000000000, 9.999999999999998224, -10.00000000000000000 ) ) ;
#1728 = DIRECTION ( 'NONE',  ( -1.000000000000000000, 0.000000000000000000, 0.000000000000000000 ) ) ;
#1729 = EDGE_CURVE ( 'NONE', #2529, #880, #66, .T. ) ;
#1730 = DIRECTION ( 'NONE',  ( 1.000000000000000000, 0.000000000000000000, 0.000000000000000000 ) ) ;
#1731 = LINE ( 'NONE', #2476, #2106 ) ;
#1732 = VECTOR ( 'NONE', #2431, 1000.000000000000000 ) ;
#1733 = ORIENTED_EDGE ( 'NONE', *, *, #1955, .T. ) ;
#1734 = CIRCLE ( 'NONE', #332, 1.625000000000001332 ) ;
#1735 = VERTEX_POINT ( 'NONE', #1976 ) ;
#1736 =( GEOMETRIC_REPRESENTATION_CONTEXT ( 3 ) GLOBAL_UNCERTAINTY_ASSIGNED_CONTEXT ( ( #1502 ) ) GLOBAL_UNIT_ASSIGNED_CONTEXT ( ( #2096, #890, #1127 ) ) REPRESENTATION_CONTEXT ( 'NONE', 'WORKASPACE' ) );
#1737 = FACE_BOUND ( 'NONE', #2426, .T. ) ;
#1738 = ORIENTED_EDGE ( 'NONE', *, *, #1265, .F. ) ;
#1739 = CARTESIAN_POINT ( 'NONE',  ( 64.00000000000000000, 3.849999999999999645, 3.000000000000000000 ) ) ;
#1740 = LINE ( 'NONE', #189, #331 ) ;
#1741 = ORIENTED_EDGE ( 'NONE', *, *, #2095, .T. ) ;
#1742 = CYLINDRICAL_SURFACE ( 'NONE', #1264, 1.000000000000000888 ) ;
#1743 = LINE ( 'NONE', #1589, #123 ) ;
#1744 = VECTOR ( 'NONE', #1585, 1000.000000000000000 ) ;
#1745 = EDGE_CURVE ( 'NONE', #2510, #1065, #623, .T. ) ;
#1746 = VERTEX_POINT ( 'NONE', #606 ) ;
#1747 = CARTESIAN_POINT ( 'NONE',  ( 173.0000000000000284, 0.000000000000000000, 2.000000000000000000 ) ) ;
#1748 = APPLICATION_CONTEXT ( 'configuration controlled 3d designs of mechanical parts and assemblies' ) ;
#1749 = ORIENTED_EDGE ( 'NONE', *, *, #1800, .T. ) ;
#1750 = AXIS2_PLACEMENT_3D ( 'NONE', #932, #2100, #301 ) ;
#1751 = CYLINDRICAL_SURFACE ( 'NONE', #2443, 1.500000000000000444 ) ;
#1752 = ORIENTED_EDGE ( 'NONE', *, *, #58, .F. ) ;
#1753 = LINE ( 'NONE', #1000, #972 ) ;
#1754 = CARTESIAN_POINT ( 'NONE',  ( 171.0000000000000000, 5.000000000000000000, -3.000000000000000000 ) ) ;
#1755 = VERTEX_POINT ( 'NONE', #2416 ) ;
#1756 = DIRECTION ( 'NONE',  ( 0.000000000000000000, 0.000000000000000000, 1.000000000000000000 ) ) ;
#1757 = DIRECTION ( 'NONE',  ( 1.000000000000000000, 5.782411586589351722E-16, 0.000000000000000000 ) ) ;
#1758 = ORIENTED_EDGE ( 'NONE', *, *, #627, .T. ) ;
#1759 = EDGE_CURVE ( 'NONE', #324, #2298, #1414, .T. ) ;
#1760 = EDGE_LOOP ( 'NONE', ( #92, #2372, #602, #1546 ) ) ;
#1761 = APPROVAL_ROLE ( '' ) ;
#1762 = DIRECTION ( 'NONE',  ( 1.000000000000000000, -0.000000000000000000, 0.000000000000000000 ) ) ;
#1763 = EDGE_CURVE ( 'NONE', #186, #2534, #859, .T. ) ;
#1764 = EDGE_LOOP ( 'NONE', ( #784, #312, #2035, #751 ) ) ;
#1765 = FACE_BOUND ( 'NONE', #440, .T. ) ;
#1766 = CARTESIAN_POINT ( 'NONE',  ( 75.99999999999998579, 15.49999999999998934, -2.000000000000000000 ) ) ;
#1767 = ORIENTED_EDGE ( 'NONE', *, *, #2433, .F. ) ;
#1768 = DIRECTION ( 'NONE',  ( 1.851559150523183588E-64, 1.000000000000000000, 0.000000000000000000 ) ) ;
#1769 = FACE_OUTER_BOUND ( 'NONE', #1482, .T. ) ;
#1770 = VECTOR ( 'NONE', #975, 1000.000000000000000 ) ;
#1771 = VERTEX_POINT ( 'NONE', #411 ) ;
#1772 = CIRCLE ( 'NONE', #669, 1.000000000000000888 ) ;
#1773 = AXIS2_PLACEMENT_3D ( 'NONE', #375, #2184, #1177 ) ;
#1774 = ORIENTED_EDGE ( 'NONE', *, *, #1763, .F. ) ;
#1775 = EDGE_CURVE ( 'NONE', #1360, #216, #1539, .T. ) ;
#1776 = VECTOR ( 'NONE', #1439, 1000.000000000000000 ) ;
#1777 = AXIS2_PLACEMENT_3D ( 'NONE', #2200, #638, #2406 ) ;
#1778 = EDGE_LOOP ( 'NONE', ( #400, #1974, #1906, #905 ) ) ;
#1779 = ADVANCED_FACE ( 'NONE', ( #214 ), #1610, .F. ) ;
#1780 = FACE_OUTER_BOUND ( 'NONE', #1350, .T. ) ;
#1781 = DIRECTION ( 'NONE',  ( 0.000000000000000000, 0.000000000000000000, 1.000000000000000000 ) ) ;
#1782 = VERTEX_POINT ( 'NONE', #831 ) ;
#1783 = CYLINDRICAL_SURFACE ( 'NONE', #1552, 1.000000000000000888 ) ;
#1784 = CARTESIAN_POINT ( 'NONE',  ( 96.00000000000000000, 3.849999999999999645, 3.000000000000000000 ) ) ;
#1785 = CARTESIAN_POINT ( 'NONE',  ( 151.0000000000000284, 7.099999999999999645, 2.000000000000000000 ) ) ;
#1786 = ADVANCED_FACE ( 'NONE', ( #2387 ), #121, .F. ) ;
#1787 = ORIENTED_EDGE ( 'NONE', *, *, #1512, .T. ) ;
#1789 = AXIS2_PLACEMENT_3D ( 'NONE', #1403, #1237, #1250 ) ;
#1788 = APPLICATION_PROTOCOL_DEFINITION ( 'international standard', 'config_control_design', 1994, #1630 ) ;
#1790 = VECTOR ( 'NONE', #2058, 1000.000000000000000 ) ;
#1791 = VERTEX_POINT ( 'NONE', #2207 ) ;
#1792 = DIRECTION ( 'NONE',  ( 0.000000000000000000, -1.000000000000000000, 0.000000000000000000 ) ) ;
#1793 = DIRECTION ( 'NONE',  ( -0.000000000000000000, -0.000000000000000000, -1.000000000000000000 ) ) ;
#1794 = DIRECTION ( 'NONE',  ( 0.000000000000000000, 1.000000000000000000, 0.000000000000000000 ) ) ;
#1795 = EDGE_CURVE ( 'NONE', #2014, #1119, #1234, .T. ) ;
#1796 = VERTEX_POINT ( 'NONE', #2074 ) ;
#1797 = VECTOR ( 'NONE', #637, 1000.000000000000000 ) ;
#1798 = DIRECTION ( 'NONE',  ( -0.000000000000000000, -1.000000000000000000, -0.000000000000000000 ) ) ;
#1799 = EDGE_CURVE ( 'NONE', #133, #1142, #1507, .T. ) ;
#1800 = EDGE_CURVE ( 'NONE', #232, #2545, #120, .T. ) ;
#1801 = CYLINDRICAL_SURFACE ( 'NONE', #1131, 1.000000000000000000 ) ;
#1802 = CARTESIAN_POINT ( 'NONE',  ( 81.99999999999998579, 11.00000000000000888, -15.50000000000000000 ) ) ;
#1803 = FACE_OUTER_BOUND ( 'NONE', #1057, .T. ) ;
#1804 = ORIENTED_EDGE ( 'NONE', *, *, #1615, .T. ) ;
#1805 = DIRECTION ( 'NONE',  ( -1.000000000000000000, 0.000000000000000000, 0.000000000000000000 ) ) ;
#1806 = ORIENTED_EDGE ( 'NONE', *, *, #278, .F. ) ;
#1807 = CARTESIAN_POINT ( 'NONE',  ( 72.00000000000000000, 25.59999999999999076, 0.000000000000000000 ) ) ;
#1808 = DIRECTION ( 'NONE',  ( -1.851559150523183588E-64, -1.000000000000000000, -0.000000000000000000 ) ) ;
#1809 = ORIENTED_EDGE ( 'NONE', *, *, #1395, .F. ) ;
#1810 = ADVANCED_FACE ( 'NONE', ( #1109 ), #2020, .F. ) ;
#1811 = FACE_OUTER_BOUND ( 'NONE', #254, .T. ) ;
#1812 = CARTESIAN_POINT ( 'NONE',  ( 171.0000000000000000, 14.59999999999999787, 3.000000000000000000 ) ) ;
#1813 = ORIENTED_EDGE ( 'NONE', *, *, #565, .F. ) ;
#1814 = AXIS2_PLACEMENT_3D ( 'NONE', #1643, #2425, #1667 ) ;
#1815 = VECTOR ( 'NONE', #2550, 1000.000000000000000 ) ;
#1816 = EDGE_LOOP ( 'NONE', ( #2156, #526, #2009, #987 ) ) ;
#1817 = CIRCLE ( 'NONE', #2393, 1.500000000000000444 ) ;
#1818 = CARTESIAN_POINT ( 'NONE',  ( 170.0000000000000000, 14.59999999999999787, 2.000000000000000000 ) ) ;
#1819 = DIRECTION ( 'NONE',  ( 0.000000000000000000, 0.000000000000000000, 1.000000000000000000 ) ) ;
#1820 = CARTESIAN_POINT ( 'NONE',  ( 149.0000000000000284, 9.099999999999999645, 3.000000000000000000 ) ) ;
#1821 = AXIS2_PLACEMENT_3D ( 'NONE', #329, #1272, #1136 ) ;
#1822 = ORIENTED_EDGE ( 'NONE', *, *, #582, .T. ) ;
#1823 = CARTESIAN_POINT ( 'NONE',  ( 72.00000000000000000, 20.59999999999999076, -12.00000000000000000 ) ) ;
#1824 = AXIS2_PLACEMENT_3D ( 'NONE', #283, #1862, #2475 ) ;
#1825 = CARTESIAN_POINT ( 'NONE',  ( 129.5000000000000000, 3.849999999999999645, 3.000000000000000000 ) ) ;
#1826 = ADVANCED_FACE ( 'NONE', ( #689 ), #1456, .F. ) ;
#1827 = DIRECTION ( 'NONE',  ( 0.000000000000000000, -0.000000000000000000, -1.000000000000000000 ) ) ;
#1828 = ORIENTED_EDGE ( 'NONE', *, *, #2451, .T. ) ;
#1829 = EDGE_CURVE ( 'NONE', #596, #1225, #921, .T. ) ;
#1830 = EDGE_LOOP ( 'NONE', ( #589, #566, #1517, #1296 ) ) ;
#1831 = DIRECTION ( 'NONE',  ( 1.000000000000000000, 0.000000000000000000, 0.000000000000000000 ) ) ;
#1832 = CARTESIAN_POINT ( 'NONE',  ( 1.851559150523183318E-63, 9.999999999999998224, -0.9999999999999991118 ) ) ;
#1833 = AXIS2_PLACEMENT_3D ( 'NONE', #1637, #2012, #485 ) ;
#1834 = VERTEX_POINT ( 'NONE', #2089 ) ;
#1835 = CIRCLE ( 'NONE', #1063, 1.500000000000001332 ) ;
#1836 = LINE ( 'NONE', #56, #814 ) ;
#1837 = DIRECTION ( 'NONE',  ( 1.000000000000000000, 0.000000000000000000, 0.000000000000000000 ) ) ;
#1838 = CARTESIAN_POINT ( 'NONE',  ( 32.00000000000000000, 3.849999999999999645, 0.000000000000000000 ) ) ;
#1839 = ORIENTED_EDGE ( 'NONE', *, *, #1844, .T. ) ;
#1840 = EDGE_CURVE ( 'NONE', #632, #2435, #1122, .T. ) ;
#1841 = VERTEX_POINT ( 'NONE', #1706 ) ;
#1842 = FACE_OUTER_BOUND ( 'NONE', #2322, .T. ) ;
#1843 = CARTESIAN_POINT ( 'NONE',  ( 88.00000000000000000, 18.59999999999999076, -6.999999999999999112 ) ) ;
#1844 = EDGE_CURVE ( 'NONE', #1528, #1097, #2483, .T. ) ;
#1845 = ORIENTED_EDGE ( 'NONE', *, *, #2205, .T. ) ;
#1846 = DIRECTION ( 'NONE',  ( -1.000000000000000000, -6.086749038515111812E-17, -0.000000000000000000 ) ) ;
#1847 = CARTESIAN_POINT ( 'NONE',  ( 96.00000000000000000, 3.849999999999999645, 3.000000000000000000 ) ) ;
#1848 = CC_DESIGN_PERSON_AND_ORGANIZATION_ASSIGNMENT ( #1219, #615, ( #2487 ) ) ;
#1849 = CARTESIAN_POINT ( 'NONE',  ( 92.00000000000000000, 9.999999999999989342, -12.00000000000000000 ) ) ;
#1850 = CARTESIAN_POINT ( 'NONE',  ( 22.00000000000000000, 11.99999999999998757, 2.000000000000000000 ) ) ;
#1851 = VERTEX_POINT ( 'NONE', #1671 ) ;
#1852 = ORIENTED_EDGE ( 'NONE', *, *, #1956, .T. ) ;
#1853 = LINE ( 'NONE', #52, #1790 ) ;
#1854 = DIRECTION ( 'NONE',  ( 0.000000000000000000, 0.000000000000000000, 1.000000000000000000 ) ) ;
#1855 = CARTESIAN_POINT ( 'NONE',  ( 149.0000000000000284, 11.99999999999999822, 2.000000000000000000 ) ) ;
#1856 = ADVANCED_FACE ( 'NONE', ( #1259 ), #2037, .F. ) ;
#1857 = AXIS2_PLACEMENT_3D ( 'NONE', #266, #1070, #1480 ) ;
#1858 = ORIENTED_EDGE ( 'NONE', *, *, #860, .F. ) ;
#1859 = CARTESIAN_POINT ( 'NONE',  ( 1.000000000000000000, 15.59999999999998899, 0.000000000000000000 ) ) ;
#1860 = LINE ( 'NONE', #93, #1354 ) ;
#1861 = CIRCLE ( 'NONE', #1047, 1.500000000000000444 ) ;
#1862 = DIRECTION ( 'NONE',  ( -0.000000000000000000, -0.000000000000000000, -1.000000000000000000 ) ) ;
#1863 = DIRECTION ( 'NONE',  ( -0.000000000000000000, -1.000000000000000000, -0.000000000000000000 ) ) ;
#1864 = ORIENTED_EDGE ( 'NONE', *, *, #1702, .F. ) ;
#1865 = ORIENTED_EDGE ( 'NONE', *, *, #1586, .T. ) ;
#1866 = LINE ( 'NONE', #1506, #1875 ) ;
#1867 = CARTESIAN_POINT ( 'NONE',  ( -3.000000000000000888, 5.000000000000000000, -3.000000000000000000 ) ) ;
#1868 = DIRECTION ( 'NONE',  ( 1.000000000000000000, 5.782411586589360597E-16, 0.000000000000000000 ) ) ;
#1869 = AXIS2_PLACEMENT_3D ( 'NONE', #722, #1872, #509 ) ;
#1870 = VERTEX_POINT ( 'NONE', #1843 ) ;
#1871 = CARTESIAN_POINT ( 'NONE',  ( 75.99999999999998579, 18.59999999999999076, -2.000000000000000000 ) ) ;
#1872 = DIRECTION ( 'NONE',  ( -0.000000000000000000, 0.000000000000000000, 1.000000000000000000 ) ) ;
#1873 = ADVANCED_FACE ( 'NONE', ( #473, #2048 ), #2059, .F. ) ;
#1874 = VECTOR ( 'NONE', #858, 1000.000000000000000 ) ;
#1875 = VECTOR ( 'NONE', #2073, 1000.000000000000000 ) ;
#1876 = DIRECTION ( 'NONE',  ( -1.000000000000000000, 0.000000000000000000, 0.000000000000000000 ) ) ;
#1877 = EDGE_CURVE ( 'NONE', #2113, #1540, #2456, .T. ) ;
#1878 = ADVANCED_FACE ( 'NONE', ( #1040 ), #660, .T. ) ;
#1879 = LINE ( 'NONE', #1355, #1041 ) ;
#1880 = VERTEX_POINT ( 'NONE', #2025 ) ;
#1881 = AXIS2_PLACEMENT_3D ( 'NONE', #464, #2198, #1652 ) ;
#1882 = EDGE_LOOP ( 'NONE', ( #2399, #1030, #377, #1267 ) ) ;
#1883 = CARTESIAN_POINT ( 'NONE',  ( 62.50000000000000000, 3.849999999999999645, 0.000000000000000000 ) ) ;
#1884 = DIRECTION ( 'NONE',  ( 0.000000000000000000, 0.000000000000000000, -1.000000000000000000 ) ) ;
#1885 = CARTESIAN_POINT ( 'NONE',  ( -5.782411586589361189E-15, 10.00000000000000000, 3.000000000000000000 ) ) ;
#1886 = VERTEX_POINT ( 'NONE', #1444 ) ;
#1887 = CARTESIAN_POINT ( 'NONE',  ( -1.999999999999991340, 5.000000000000000000, -3.000000000000000000 ) ) ;
#1888 = LINE ( 'NONE', #479, #1384 ) ;
#1889 = ADVANCED_FACE ( 'NONE', ( #1649 ), #328, .F. ) ;
#1890 = PLANE ( 'NONE',  #128 ) ;
#1891 = CARTESIAN_POINT ( 'NONE',  ( 88.00000000000000000, 15.49999999999998934, -2.000000000000000000 ) ) ;
#1892 = EDGE_CURVE ( 'NONE', #2011, #340, #1611, .T. ) ;
#1893 = ORIENTED_EDGE ( 'NONE', *, *, #2246, .T. ) ;
#1894 = CC_DESIGN_PERSON_AND_ORGANIZATION_ASSIGNMENT ( #1593, #379, ( #635 ) ) ;
#1895 = ORIENTED_EDGE ( 'NONE', *, *, #1892, .F. ) ;
#1896 = DIRECTION ( 'NONE',  ( 0.000000000000000000, -1.000000000000000000, 0.000000000000000000 ) ) ;
#1897 = DIRECTION ( 'NONE',  ( -0.7071067811865473507, 0.000000000000000000, 0.7071067811865477948 ) ) ;
#1898 = LINE ( 'NONE', #2290, #1211 ) ;
#1899 = EDGE_LOOP ( 'NONE', ( #1804, #2232, #512, #2099 ) ) ;
#1900 = DIRECTION ( 'NONE',  ( 0.000000000000000000, 0.000000000000000000, -1.000000000000000000 ) ) ;
#1901 = DIRECTION ( 'NONE',  ( -0.000000000000000000, -0.000000000000000000, -1.000000000000000000 ) ) ;
#1902 = AXIS2_PLACEMENT_3D ( 'NONE', #1210, #215, #861 ) ;
#1903 = AXIS2_PLACEMENT_3D ( 'NONE', #1784, #1994, #168 ) ;
#1904 = CARTESIAN_POINT ( 'NONE',  ( 174.0000000000000284, 5.000000000000000000, -3.000000000000000000 ) ) ;
#1905 = LINE ( 'NONE', #130, #161 ) ;
#1906 = ORIENTED_EDGE ( 'NONE', *, *, #2417, .T. ) ;
#1907 = EDGE_CURVE ( 'NONE', #2333, #1886, #38, .T. ) ;
#1908 = ORIENTED_EDGE ( 'NONE', *, *, #891, .T. ) ;
#1909 = DIRECTION ( 'NONE',  ( 0.000000000000000000, 1.000000000000000000, 0.000000000000000000 ) ) ;
#1910 = FACE_OUTER_BOUND ( 'NONE', #1899, .T. ) ;
#1911 = EDGE_LOOP ( 'NONE', ( #2143, #1243 ) ) ;
#1912 = DIRECTION ( 'NONE',  ( -1.000000000000000000, -0.000000000000000000, -0.000000000000000000 ) ) ;
#1913 = CARTESIAN_POINT ( 'NONE',  ( 0.000000000000000000, 0.000000000000000000, 2.000000000000000000 ) ) ;
#1914 = MANIFOLD_SOLID_BREP ( 'Fillet4', #733 ) ;
#1915 = VECTOR ( 'NONE', #1031, 1000.000000000000000 ) ;
#1916 = CIRCLE ( 'NONE', #17, 1.499999999999997780 ) ;
#1917 = CARTESIAN_POINT ( 'NONE',  ( -5.204170427930425228E-15, 9.000000000000001776, 2.000000000000000000 ) ) ;
#1918 = DIRECTION ( 'NONE',  ( 0.000000000000000000, 0.000000000000000000, -1.000000000000000000 ) ) ;
#1919 = ORIENTED_EDGE ( 'NONE', *, *, #773, .F. ) ;
#1920 = VECTOR ( 'NONE', #1756, 1000.000000000000000 ) ;
#1921 = AXIS2_PLACEMENT_3D ( 'NONE', #1400, #1172, #1963 ) ;
#1922 = ORIENTED_EDGE ( 'NONE', *, *, #117, .T. ) ;
#1923 = EDGE_CURVE ( 'NONE', #1618, #1107, #1772, .T. ) ;
#1924 = LINE ( 'NONE', #1933, #500 ) ;
#1925 = ORIENTED_EDGE ( 'NONE', *, *, #1999, .T. ) ;
#1926 = LINE ( 'NONE', #2282, #1961 ) ;
#1927 = LINE ( 'NONE', #564, #1287 ) ;
#1928 = DIRECTION ( 'NONE',  ( 0.000000000000000000, 1.000000000000000000, 0.000000000000000000 ) ) ;
#1929 = CYLINDRICAL_SURFACE ( 'NONE', #670, 1.500000000000000444 ) ;
#1930 = ORIENTED_EDGE ( 'NONE', *, *, #2016, .T. ) ;
#1931 = CARTESIAN_POINT ( 'NONE',  ( 96.00000000000000000, 3.849999999999999645, 0.000000000000000000 ) ) ;
#1932 = ORIENTED_EDGE ( 'NONE', *, *, #9, .F. ) ;
#1933 = CARTESIAN_POINT ( 'NONE',  ( 129.5000000000000000, 3.849999999999999645, 1.999999999999989564 ) ) ;
#1934 = ORIENTED_EDGE ( 'NONE', *, *, #2410, .T. ) ;
#1935 = CARTESIAN_POINT ( 'NONE',  ( 174.0000000000000284, 5.000000000000000000, -0.5000000000000256462 ) ) ;
#1936 = CARTESIAN_POINT ( 'NONE',  ( 97.62500000000000000, 3.849999999999999645, 0.000000000000000000 ) ) ;
#1937 = ADVANCED_FACE ( 'NONE', ( #2419 ), #1309, .T. ) ;
#1938 = VECTOR ( 'NONE', #893, 1000.000000000000000 ) ;
#1939 = DIRECTION ( 'NONE',  ( -1.000000000000000000, -0.000000000000000000, -0.000000000000000000 ) ) ;
#1940 = DIRECTION ( 'NONE',  ( -1.734723475976806848E-16, -1.000000000000000000, 0.000000000000000000 ) ) ;
#1941 = VECTOR ( 'NONE', #2374, 1000.000000000000000 ) ;
#1942 = ORIENTED_EDGE ( 'NONE', *, *, #760, .T. ) ;
#1943 = AXIS2_PLACEMENT_3D ( 'NONE', #764, #2137, #2313 ) ;
#1944 = ORIENTED_EDGE ( 'NONE', *, *, #263, .F. ) ;
#1945 = VECTOR ( 'NONE', #2210, 1000.000000000000000 ) ;
#1946 = DIRECTION ( 'NONE',  ( -1.000000000000000000, 0.000000000000000000, 0.000000000000000000 ) ) ;
#1947 = VERTEX_POINT ( 'NONE', #718 ) ;
#1948 = DIRECTION ( 'NONE',  ( 0.000000000000000000, 0.000000000000000000, -1.000000000000000000 ) ) ;
#1949 = FACE_BOUND ( 'NONE', #449, .T. ) ;
#1950 = EDGE_LOOP ( 'NONE', ( #761, #1724, #288, #300 ) ) ;
#1951 = ADVANCED_FACE ( 'NONE', ( #291 ), #1110, .F. ) ;
#1952 = LINE ( 'NONE', #348, #2082 ) ;
#1953 = DIRECTION ( 'NONE',  ( 1.000000000000000000, -1.734723475976806848E-16, 0.000000000000000000 ) ) ;
#1954 = ORIENTED_EDGE ( 'NONE', *, *, #2131, .T. ) ;
#1955 = EDGE_CURVE ( 'NONE', #211, #397, #1081, .T. ) ;
#1956 = EDGE_CURVE ( 'NONE', #731, #55, #1660, .T. ) ;
#1957 = ORIENTED_EDGE ( 'NONE', *, *, #1512, .F. ) ;
#1958 = PERSON_AND_ORGANIZATION ( #652, #504 ) ;
#1959 = LINE ( 'NONE', #590, #458 ) ;
#1960 = CIRCLE ( 'NONE', #854, 1.000000000000000000 ) ;
#1961 = VECTOR ( 'NONE', #344, 1000.000000000000000 ) ;
#1962 = EDGE_LOOP ( 'NONE', ( #1014, #95, #944, #1583 ) ) ;
#1963 = DIRECTION ( 'NONE',  ( 1.000000000000000000, 0.000000000000000000, 0.000000000000000000 ) ) ;
#1964 = LINE ( 'NONE', #1173, #1369 ) ;
#1965 = ORIENTED_EDGE ( 'NONE', *, *, #465, .F. ) ;
#1966 = LINE ( 'NONE', #991, #519 ) ;
#1967 = ADVANCED_FACE ( 'NONE', ( #88 ), #1095, .F. ) ;
#1968 = CARTESIAN_POINT ( 'NONE',  ( -2.999999999999999556, 9.000000000000000000, 3.000000000000000000 ) ) ;
#1969 = ORIENTED_EDGE ( 'NONE', *, *, #2138, .T. ) ;
#1970 = DIRECTION ( 'NONE',  ( 0.000000000000000000, -1.000000000000000000, -0.000000000000000000 ) ) ;
#1971 = EDGE_CURVE ( 'NONE', #2388, #1565, #2445, .T. ) ;
#1972 = ORIENTED_EDGE ( 'NONE', *, *, #1161, .T. ) ;
#1973 = APPROVAL_ROLE ( '' ) ;
#1974 = ORIENTED_EDGE ( 'NONE', *, *, #2131, .F. ) ;
#1975 = DIRECTION ( 'NONE',  ( -1.000000000000000000, 0.000000000000000000, 0.000000000000000000 ) ) ;
#1976 = CARTESIAN_POINT ( 'NONE',  ( 0.000000000000000000, 5.000000000000000000, -4.500000000000000888 ) ) ;
#1977 = EDGE_LOOP ( 'NONE', ( #2336, #870, #446, #1457, #1532, #445, #1612, #1302, #2429, #1357 ) ) ;
#1978 = CARTESIAN_POINT ( 'NONE',  ( 72.00000000000000000, 18.59999999999999076, -6.999999999999999112 ) ) ;
#1979 = LINE ( 'NONE', #609, #1815 ) ;
#1980 = CARTESIAN_POINT ( 'NONE',  ( 1.000000000000000000, 14.59999999999998721, 2.000000000000000000 ) ) ;
#1981 = CIRCLE ( 'NONE', #1495, 1.000000000000000000 ) ;
#1982 = AXIS2_PLACEMENT_3D ( 'NONE', #1885, #1508, #1868 ) ;
#1983 = VERTEX_POINT ( 'NONE', #1855 ) ;
#1984 = EDGE_CURVE ( 'NONE', #1755, #1269, #1579, .T. ) ;
#1985 = AXIS2_PLACEMENT_3D ( 'NONE', #1681, #2265, #98 ) ;
#1986 = CARTESIAN_POINT ( 'NONE',  ( 92.00000000000000000, 25.59999999999999076, -12.00000000000000000 ) ) ;
#1987 = AXIS2_PLACEMENT_3D ( 'NONE', #2503, #510, #104 ) ;
#1988 = ORIENTED_EDGE ( 'NONE', *, *, #1632, .F. ) ;
#1989 = DIRECTION ( 'NONE',  ( -1.000000000000000000, 0.000000000000000000, 0.000000000000000000 ) ) ;
#1990 = DIRECTION ( 'NONE',  ( 1.000000000000000000, 0.000000000000000000, 0.000000000000000000 ) ) ;
#1991 = EDGE_CURVE ( 'NONE', #1158, #918, #909, .T. ) ;
#1992 = ORIENTED_EDGE ( 'NONE', *, *, #1665, .T. ) ;
#1993 = DIRECTION ( 'NONE',  ( 0.000000000000000000, 0.000000000000000000, 1.000000000000000000 ) ) ;
#1994 = DIRECTION ( 'NONE',  ( 0.000000000000000000, -0.000000000000000000, -1.000000000000000000 ) ) ;
#1995 = ORIENTED_EDGE ( 'NONE', *, *, #1157, .F. ) ;
#1996 = CYLINDRICAL_SURFACE ( 'NONE', #544, 1.500000000000001332 ) ;
#1997 = ORIENTED_EDGE ( 'NONE', *, *, #1511, .T. ) ;
#1998 = APPROVAL_STATUS ( 'not_yet_approved' ) ;
#1999 = EDGE_CURVE ( 'NONE', #657, #2382, #1501, .T. ) ;
#2000 = ORIENTED_EDGE ( 'NONE', *, *, #807, .F. ) ;
#2001 = PLANE ( 'NONE',  #267 ) ;
#2002 = CARTESIAN_POINT ( 'NONE',  ( 64.00000000000000000, 3.849999999999999645, 3.000000000000000000 ) ) ;
#2003 = CIRCLE ( 'NONE', #895, 1.000000000000000888 ) ;
#2004 = ORIENTED_EDGE ( 'NONE', *, *, #2262, .T. ) ;
#2005 = VECTOR ( 'NONE', #1353, 1000.000000000000000 ) ;
#2006 = CARTESIAN_POINT ( 'NONE',  ( 83.49999999999998579, 11.00000000000000888, -16.99999999999999645 ) ) ;
#2007 = DIRECTION ( 'NONE',  ( 0.000000000000000000, 0.000000000000000000, 1.000000000000000000 ) ) ;
#2008 = AXIS2_PLACEMENT_3D ( 'NONE', #2486, #888, #1099 ) ;
#2009 = ORIENTED_EDGE ( 'NONE', *, *, #1745, .F. ) ;
#2010 = LINE ( 'NONE', #1635, #1776 ) ;
#2011 = VERTEX_POINT ( 'NONE', #1693 ) ;
#2012 = DIRECTION ( 'NONE',  ( -1.000000000000000000, -0.000000000000000000, -0.000000000000000000 ) ) ;
#2013 = DIRECTION ( 'NONE',  ( 0.000000000000000000, 0.000000000000000000, -1.000000000000000000 ) ) ;
#2014 = VERTEX_POINT ( 'NONE', #2279 ) ;
#2015 = CARTESIAN_POINT ( 'NONE',  ( -9.834652777191333781E-16, 11.99999999999998579, 2.000000000000000000 ) ) ;
#2016 = EDGE_CURVE ( 'NONE', #2517, #76, #703, .T. ) ;
#2017 = CARTESIAN_POINT ( 'NONE',  ( 92.00000000000000000, 15.59999999999998899, 2.000000000000000000 ) ) ;
#2018 = CARTESIAN_POINT ( 'NONE',  ( 2.703276359763845690E-63, 14.59999999999998721, 0.000000000000000000 ) ) ;
#2019 = ORIENTED_EDGE ( 'NONE', *, *, #1984, .T. ) ;
#2020 = CONICAL_SURFACE ( 'NONE', #249, 1.500000000000000444, 0.7853981633974348453 ) ;
#2021 = ORIENTED_EDGE ( 'NONE', *, *, #560, .T. ) ;
#2022 = CIRCLE ( 'NONE', #794, 1.000000000000000000 ) ;
#2023 = DIRECTION ( 'NONE',  ( -1.000000000000000000, 0.000000000000000000, 0.000000000000000000 ) ) ;
#2024 = CARTESIAN_POINT ( 'NONE',  ( 98.62499999999998579, 3.849999999999999645, 3.000000000000000000 ) ) ;
#2025 = CARTESIAN_POINT ( 'NONE',  ( 1.000000000000000000, 0.000000000000000000, 0.000000000000000000 ) ) ;
#2026 = AXIS2_PLACEMENT_3D ( 'NONE', #1061, #2081, #1876 ) ;
#2027 = ORIENTED_EDGE ( 'NONE', *, *, #2392, .T. ) ;
#2028 = DIRECTION ( 'NONE',  ( 1.000000000000000000, 8.195543980992787190E-17, 0.000000000000000000 ) ) ;
#2029 = VECTOR ( 'NONE', #419, 1000.000000000000000 ) ;
#2030 = EDGE_CURVE ( 'NONE', #1947, #2382, #2255, .T. ) ;
#2031 = CYLINDRICAL_SURFACE ( 'NONE', #2026, 1.000000000000000000 ) ;
#2032 = CARTESIAN_POINT ( 'NONE',  ( 72.00000000000000000, 15.59999999999998899, 0.000000000000000000 ) ) ;
#2033 = EDGE_CURVE ( 'NONE', #2182, #1008, #1898, .T. ) ;
#2034 = EDGE_LOOP ( 'NONE', ( #227, #1572, #2352, #366 ) ) ;
#2035 = ORIENTED_EDGE ( 'NONE', *, *, #1235, .F. ) ;
#2036 = DIRECTION ( 'NONE',  ( 0.000000000000000000, 0.000000000000000000, 1.000000000000000000 ) ) ;
#2037 = PLANE ( 'NONE',  #1857 ) ;
#2038 = VECTOR ( 'NONE', #1437, 1000.000000000000000 ) ;
#2039 = VERTEX_POINT ( 'NONE', #922 ) ;
#2040 = DIRECTION ( 'NONE',  ( 1.000000000000000000, 0.000000000000000000, 0.000000000000000000 ) ) ;
#2041 = CIRCLE ( 'NONE', #1268, 2.499999999999960476 ) ;
#2042 = CARTESIAN_POINT ( 'NONE',  ( -2.000000000000000000, 9.000000000000000000, 3.000000000000000000 ) ) ;
#2043 = DIRECTION ( 'NONE',  ( 0.000000000000000000, 1.000000000000000000, -0.000000000000000000 ) ) ;
#2044 = ORIENTED_EDGE ( 'NONE', *, *, #181, .T. ) ;
#2045 = ADVANCED_FACE ( 'NONE', ( #1707 ), #374, .F. ) ;
#2046 = ORIENTED_EDGE ( 'NONE', *, *, #582, .F. ) ;
#2047 = DIRECTION ( 'NONE',  ( 1.000000000000000000, 0.000000000000000000, -0.000000000000000000 ) ) ;
#2048 = FACE_OUTER_BOUND ( 'NONE', #1778, .T. ) ;
#2049 = LINE ( 'NONE', #1672, #2351 ) ;
#2050 = ORIENTED_EDGE ( 'NONE', *, *, #2262, .F. ) ;
#2051 = ORIENTED_EDGE ( 'NONE', *, *, #2076, .F. ) ;
#2052 = DIRECTION ( 'NONE',  ( 0.000000000000000000, 0.000000000000000000, -1.000000000000000000 ) ) ;
#2053 = DIRECTION ( 'NONE',  ( 1.000000000000000000, 0.000000000000000000, 0.000000000000000000 ) ) ;
#2054 = CARTESIAN_POINT ( 'NONE',  ( 96.00000000000000000, 3.849999999999999645, 0.000000000000000000 ) ) ;
#2055 = VERTEX_POINT ( 'NONE', #2101 ) ;
#2056 = ORIENTED_EDGE ( 'NONE', *, *, #1429, .F. ) ;
#2057 = EDGE_CURVE ( 'NONE', #569, #196, #417, .T. ) ;
#2058 = DIRECTION ( 'NONE',  ( -0.7071067811865473507, 8.659560562354937789E-17, -0.7071067811865477948 ) ) ;
#2059 = PLANE ( 'NONE',  #1576 ) ;
#2060 = DIRECTION ( 'NONE',  ( 1.000000000000000000, 0.000000000000000000, 0.000000000000000000 ) ) ;
#2061 = AXIS2_PLACEMENT_3D ( 'NONE', #2002, #1793, #24 ) ;
#2062 = EDGE_LOOP ( 'NONE', ( #482, #1260, #1828, #863 ) ) ;
#2063 = PLANE ( 'NONE',  #1305 ) ;
#2064 = ADVANCED_FACE ( 'NONE', ( #75 ), #1658, .F. ) ;
#2065 = EDGE_CURVE ( 'NONE', #956, #2366, #2049, .T. ) ;
#2066 = DIRECTION ( 'NONE',  ( 5.782411586589351722E-16, -1.000000000000000000, -0.000000000000000000 ) ) ;
#2067 = VECTOR ( 'NONE', #967, 1000.000000000000000 ) ;
#2068 = AXIS2_PLACEMENT_3D ( 'NONE', #1917, #1101, #336 ) ;
#2069 = FACE_OUTER_BOUND ( 'NONE', #2459, .T. ) ;
#2070 = FACE_OUTER_BOUND ( 'NONE', #1105, .T. ) ;
#2071 = ORIENTED_EDGE ( 'NONE', *, *, #1984, .F. ) ;
#2072 = ORIENTED_EDGE ( 'NONE', *, *, #2327, .T. ) ;
#2073 = DIRECTION ( 'NONE',  ( 1.851559150523183588E-64, 1.000000000000000000, 0.000000000000000000 ) ) ;
#2074 = CARTESIAN_POINT ( 'NONE',  ( -3.000000000000001776, -1.224646799147353256E-15, 2.000000000000000000 ) ) ;
#2075 = DIRECTION ( 'NONE',  ( 0.000000000000000000, 0.000000000000000000, -1.000000000000000000 ) ) ;
#2076 = EDGE_CURVE ( 'NONE', #133, #990, #754, .T. ) ;
#2077 = EDGE_LOOP ( 'NONE', ( #1787, #1969, #1895, #1944 ) ) ;
#2078 = DIRECTION ( 'NONE',  ( 0.000000000000000000, 1.000000000000000000, 0.000000000000000000 ) ) ;
#2079 = CARTESIAN_POINT ( 'NONE',  ( 151.0000000000000284, 0.000000000000000000, 2.000000000000000000 ) ) ;
#2080 = VECTOR ( 'NONE', #2214, 1000.000000000000000 ) ;
#2081 = DIRECTION ( 'NONE',  ( 0.000000000000000000, 0.000000000000000000, -1.000000000000000000 ) ) ;
#2082 = VECTOR ( 'NONE', #2173, 1000.000000000000000 ) ;
#2083 = AXIS2_PLACEMENT_3D ( 'NONE', #2520, #756, #2093 ) ;
#2084 = CC_DESIGN_PERSON_AND_ORGANIZATION_ASSIGNMENT ( #603, #407, ( #839 ) ) ;
#2085 = LINE ( 'NONE', #708, #2187 ) ;
#2086 = ORIENTED_EDGE ( 'NONE', *, *, #1702, .T. ) ;
#2087 = VERTEX_POINT ( 'NONE', #550 ) ;
#2088 = DIRECTION ( 'NONE',  ( -0.000000000000000000, -0.000000000000000000, -1.000000000000000000 ) ) ;
#2089 = CARTESIAN_POINT ( 'NONE',  ( 171.0000000000000000, 14.59999999999999787, 0.000000000000000000 ) ) ;
#2090 = CIRCLE ( 'NONE', #188, 1.000000000000000888 ) ;
#2091 = DIRECTION ( 'NONE',  ( 0.000000000000000000, -0.000000000000000000, -1.000000000000000000 ) ) ;
#2092 = EDGE_LOOP ( 'NONE', ( #1925, #39 ) ) ;
#2093 = DIRECTION ( 'NONE',  ( -1.000000000000000000, 1.851559150523183588E-64, 0.000000000000000000 ) ) ;
#2094 = SPHERICAL_SURFACE ( 'NONE', #864, 1.000000000000000000 ) ;
#2095 = EDGE_CURVE ( 'NONE', #2534, #782, #2192, .T. ) ;
#2096 =( LENGTH_UNIT ( ) NAMED_UNIT ( * ) SI_UNIT ( .MILLI., .METRE. ) );
#2097 = LINE ( 'NONE', #1687, #413 ) ;
#2098 = EDGE_LOOP ( 'NONE', ( #199, #1703, #1726, #2299 ) ) ;
#2099 = ORIENTED_EDGE ( 'NONE', *, *, #2246, .F. ) ;
#2100 = DIRECTION ( 'NONE',  ( 0.000000000000000000, 0.000000000000000000, 1.000000000000000000 ) ) ;
#2101 = CARTESIAN_POINT ( 'NONE',  ( 170.0000000000000000, 15.59999999999999964, 0.000000000000000000 ) ) ;
#2102 = ORIENTED_EDGE ( 'NONE', *, *, #1222, .T. ) ;
#2103 = DIRECTION ( 'NONE',  ( 0.000000000000000000, -0.000000000000000000, 1.000000000000000000 ) ) ;
#2104 = DIRECTION ( 'NONE',  ( -0.000000000000000000, -0.000000000000000000, 1.000000000000000000 ) ) ;
#2105 = AXIS2_PLACEMENT_3D ( 'NONE', #503, #302, #690 ) ;
#2106 = VECTOR ( 'NONE', #2505, 1000.000000000000000 ) ;
#2107 = LINE ( 'NONE', #321, #2231 ) ;
#2108 = CONICAL_SURFACE ( 'NONE', #1002, 1.500000000000001332, 0.7853981633974316257 ) ;
#2109 = ADVANCED_FACE ( 'NONE', ( #1169, #355 ), #1359, .F. ) ;
#2110 = DIRECTION ( 'NONE',  ( 0.000000000000000000, -1.000000000000000000, 0.000000000000000000 ) ) ;
#2111 = ORIENTED_EDGE ( 'NONE', *, *, #1358, .F. ) ;
#2112 = ADVANCED_FACE ( 'NONE', ( #1156 ), #1725, .T. ) ;
#2113 = VERTEX_POINT ( 'NONE', #572 ) ;
#2114 = CARTESIAN_POINT ( 'NONE',  ( -1.999999999999991340, 5.000000000000000000, -1.499999999999999334 ) ) ;
#2115 = CARTESIAN_POINT ( 'NONE',  ( 128.0000000000000000, 3.849999999999999645, 0.000000000000000000 ) ) ;
#2116 = ORIENTED_EDGE ( 'NONE', *, *, #89, .F. ) ;
#2117 = DIRECTION ( 'NONE',  ( -0.000000000000000000, 0.000000000000000000, 1.000000000000000000 ) ) ;
#2118 = CARTESIAN_POINT ( 'NONE',  ( 126.5000000000000000, 3.849999999999999645, 1.999999999999989564 ) ) ;
#2119 = VECTOR ( 'NONE', #2180, 1000.000000000000000 ) ;
#2120 = DIRECTION ( 'NONE',  ( 0.000000000000000000, -0.000000000000000000, 1.000000000000000000 ) ) ;
#2121 = AXIS2_PLACEMENT_3D ( 'NONE', #2300, #97, #134 ) ;
#2122 = DIRECTION ( 'NONE',  ( 1.000000000000000000, -1.851559150523183588E-64, 0.000000000000000000 ) ) ;
#2123 = ORIENTED_EDGE ( 'NONE', *, *, #560, .F. ) ;
#2124 = AXIS2_PLACEMENT_3D ( 'NONE', #518, #112, #1159 ) ;
#2125 = ORIENTED_EDGE ( 'NONE', *, *, #969, .F. ) ;
#2126 = EDGE_CURVE ( 'NONE', #169, #1841, #1959, .T. ) ;
#2127 = DIRECTION ( 'NONE',  ( -0.000000000000000000, 0.000000000000000000, 1.000000000000000000 ) ) ;
#2128 = VERTEX_POINT ( 'NONE', #364 ) ;
#2129 = FACE_BOUND ( 'NONE', #1292, .T. ) ;
#2130 = CARTESIAN_POINT ( 'NONE',  ( 88.00000000000000000, 18.59999999999999076, -12.00000000000000000 ) ) ;
#2131 = EDGE_CURVE ( 'NONE', #1565, #1037, #1372, .T. ) ;
#2132 = CARTESIAN_POINT ( 'NONE',  ( -3.000000000000001776, 5.204170427930424241E-16, -9.000000000000001776 ) ) ;
#2133 = DIRECTION ( 'NONE',  ( 1.000000000000000000, 6.086749038515111812E-17, 0.000000000000000000 ) ) ;
#2134 = ORIENTED_EDGE ( 'NONE', *, *, #1651, .F. ) ;
#2135 = FACE_BOUND ( 'NONE', #2092, .T. ) ;
#2136 = ORIENTED_EDGE ( 'NONE', *, *, #855, .F. ) ;
#2137 = DIRECTION ( 'NONE',  ( -6.086749038515111812E-17, 1.000000000000000000, 0.000000000000000000 ) ) ;
#2138 = EDGE_CURVE ( 'NONE', #1983, #340, #172, .T. ) ;
#2139 = VERTEX_POINT ( 'NONE', #380 ) ;
#2140 = CARTESIAN_POINT ( 'NONE',  ( 129.5000000000000000, 3.849999999999999645, 1.999999999999989564 ) ) ;
#2141 = CARTESIAN_POINT ( 'NONE',  ( 128.0000000000000000, 3.849999999999999645, 3.000000000000000000 ) ) ;
#2142 = ADVANCED_FACE ( 'NONE', ( #1182, #1910 ), #1385, .F. ) ;
#2143 = ORIENTED_EDGE ( 'NONE', *, *, #1430, .T. ) ;
#2144 = EDGE_CURVE ( 'NONE', #262, #1097, #1924, .T. ) ;
#2145 = CARTESIAN_POINT ( 'NONE',  ( 173.0000000000000284, 10.00000000000000000, -10.00000000000000000 ) ) ;
#2146 = AXIS2_PLACEMENT_3D ( 'NONE', #105, #1152, #153 ) ;
#2147 = FACE_OUTER_BOUND ( 'NONE', #1816, .T. ) ;
#2148 = AXIS2_PLACEMENT_3D ( 'NONE', #768, #1571, #1149 ) ;
#2149 = ORIENTED_EDGE ( 'NONE', *, *, #339, .F. ) ;
#2150 = CARTESIAN_POINT ( 'NONE',  ( 72.00000000000000000, 25.59999999999999076, 2.000000000000000000 ) ) ;
#2151 = AXIS2_PLACEMENT_3D ( 'NONE', #1335, #1557, #971 ) ;
#2152 = ORIENTED_EDGE ( 'NONE', *, *, #1034, .T. ) ;
#2153 = CC_DESIGN_APPROVAL ( #2468, ( #635 ) ) ;
#2154 = APPLICATION_PROTOCOL_DEFINITION ( 'international standard', 'config_control_design', 1994, #1748 ) ;
#2155 = DIRECTION ( 'NONE',  ( 0.000000000000000000, -1.000000000000000000, 0.000000000000000000 ) ) ;
#2156 = ORIENTED_EDGE ( 'NONE', *, *, #1775, .F. ) ;
#2157 = DIRECTION ( 'NONE',  ( 0.000000000000000000, 0.000000000000000000, -1.000000000000000000 ) ) ;
#2158 = CARTESIAN_POINT ( 'NONE',  ( 92.00000000000000000, 25.59999999999999076, 2.000000000000000000 ) ) ;
#2159 = EDGE_CURVE ( 'NONE', #548, #1247, #2356, .T. ) ;
#2160 = ORIENTED_EDGE ( 'NONE', *, *, #1473, .F. ) ;
#2161 = DIRECTION ( 'NONE',  ( 0.000000000000000000, -1.000000000000000000, 0.000000000000000000 ) ) ;
#2162 = ADVANCED_FACE ( 'NONE', ( #2555 ), #1751, .F. ) ;
#2163 = CARTESIAN_POINT ( 'NONE',  ( 93.37500000000001421, 3.849999999999999645, 3.000000000000000000 ) ) ;
#2164 = ORIENTED_EDGE ( 'NONE', *, *, #1956, .F. ) ;
#2165 = CARTESIAN_POINT ( 'NONE',  ( 92.00000000000000000, 12.99999999999999112, -22.00000000000000000 ) ) ;
#2166 = ORIENTED_EDGE ( 'NONE', *, *, #749, .F. ) ;
#2167 = CIRCLE ( 'NONE', #179, 1.500000000000000444 ) ;
#2168 = DIRECTION ( 'NONE',  ( 1.734723475976806848E-16, 1.000000000000000000, 0.000000000000000000 ) ) ;
#2169 = ORIENTED_EDGE ( 'NONE', *, *, #1473, .T. ) ;
#2170 = CARTESIAN_POINT ( 'NONE',  ( 170.0000000000000000, 0.000000000000000000, 2.000000000000000000 ) ) ;
#2171 = CARTESIAN_POINT ( 'NONE',  ( 75.99999999999998579, 18.59999999999999076, -12.00000000000000000 ) ) ;
#2172 = ORIENTED_EDGE ( 'NONE', *, *, #1676, .T. ) ;
#2173 = DIRECTION ( 'NONE',  ( -0.000000000000000000, -0.000000000000000000, 1.000000000000000000 ) ) ;
#2174 = DIRECTION ( 'NONE',  ( 1.000000000000000000, -0.000000000000000000, -0.000000000000000000 ) ) ;
#2175 = ADVANCED_FACE ( 'NONE', ( #2509, #1737, #1531, #2544, #2530, #2301 ), #539, .F. ) ;
#2176 = CARTESIAN_POINT ( 'NONE',  ( 88.00000000000000000, 18.59999999999999076, -2.000000000000000000 ) ) ;
#2177 = ORIENTED_EDGE ( 'NONE', *, *, #2527, .F. ) ;
#2178 = APPROVAL_DATE_TIME ( #996, #442 ) ;
#2179 = ORIENTED_EDGE ( 'NONE', *, *, #73, .F. ) ;
#2180 = DIRECTION ( 'NONE',  ( -0.000000000000000000, 1.000000000000000000, -0.000000000000000000 ) ) ;
#2181 = CARTESIAN_POINT ( 'NONE',  ( 126.5000000000000000, 3.849999999999999645, 3.000000000000000000 ) ) ;
#2182 = VERTEX_POINT ( 'NONE', #945 ) ;
#2183 = DIRECTION ( 'NONE',  ( 0.000000000000000000, 1.000000000000000000, -0.000000000000000000 ) ) ;
#2184 = DIRECTION ( 'NONE',  ( -1.000000000000000000, 0.000000000000000000, 0.000000000000000000 ) ) ;
#2185 = CARTESIAN_POINT ( 'NONE',  ( 88.00000000000000000, 9.999999999999989342, -6.999999999999999112 ) ) ;
#2186 = CARTESIAN_POINT ( 'NONE',  ( 128.0000000000000000, 3.849999999999999645, 1.999999999999989564 ) ) ;
#2187 = VECTOR ( 'NONE', #2133, 1000.000000000000000 ) ;
#2188 = EDGE_CURVE ( 'NONE', #1037, #1054, #342, .T. ) ;
#2189 = AXIS2_PLACEMENT_3D ( 'NONE', #53, #2195, #1039 ) ;
#2190 = ORIENTED_EDGE ( 'NONE', *, *, #212, .T. ) ;
#2191 = COORDINATED_UNIVERSAL_TIME_OFFSET ( 1, 0, .AHEAD. ) ;
#2192 = CIRCLE ( 'NONE', #837, 1.500000000000001332 ) ;
#2193 = ORIENTED_EDGE ( 'NONE', *, *, #1659, .F. ) ;
#2194 = FACE_BOUND ( 'NONE', #333, .T. ) ;
#2195 = DIRECTION ( 'NONE',  ( -0.000000000000000000, -1.000000000000000000, -0.000000000000000000 ) ) ;
#2196 = DIRECTION ( 'NONE',  ( -0.000000000000000000, -0.000000000000000000, -1.000000000000000000 ) ) ;
#2197 = ORIENTED_EDGE ( 'NONE', *, *, #499, .F. ) ;
#2198 = DIRECTION ( 'NONE',  ( 0.000000000000000000, 0.000000000000000000, 1.000000000000000000 ) ) ;
#2199 = CARTESIAN_POINT ( 'NONE',  ( -2.000000000000001776, 3.469446951953617147E-16, -9.000000000000001776 ) ) ;
#2200 = CARTESIAN_POINT ( 'NONE',  ( 0.000000000000000000, 25.59999999999999076, 0.000000000000000000 ) ) ;
#2201 = ORIENTED_EDGE ( 'NONE', *, *, #1651, .T. ) ;
#2202 = CIRCLE ( 'NONE', #220, 1.500000000000000444 ) ;
#2203 = AXIS2_PLACEMENT_3D ( 'NONE', #897, #715, #1530 ) ;
#2204 = EDGE_LOOP ( 'NONE', ( #620, #2149, #1682, #505 ) ) ;
#2205 = EDGE_CURVE ( 'NONE', #2213, #324, #1090, .T. ) ;
#2206 = DIRECTION ( 'NONE',  ( 1.734723475976806848E-16, 1.000000000000000000, 0.000000000000000000 ) ) ;
#2207 = CARTESIAN_POINT ( 'NONE',  ( 174.0000000000000284, 10.00000000000000000, 2.000000000000000000 ) ) ;
#2208 = VERTEX_POINT ( 'NONE', #2326 ) ;
#2209 = CARTESIAN_POINT ( 'NONE',  ( 128.0000000000000000, 3.849999999999999645, 1.999999999999989564 ) ) ;
#2210 = DIRECTION ( 'NONE',  ( 1.000000000000000000, -0.000000000000000000, -0.000000000000000000 ) ) ;
#2211 = DIRECTION ( 'NONE',  ( 1.000000000000000000, 0.000000000000000000, -0.000000000000000000 ) ) ;
#2212 = ORIENTED_EDGE ( 'NONE', *, *, #860, .T. ) ;
#2213 = VERTEX_POINT ( 'NONE', #561 ) ;
#2214 = DIRECTION ( 'NONE',  ( 0.000000000000000000, 0.000000000000000000, 1.000000000000000000 ) ) ;
#2215 = CARTESIAN_POINT ( 'NONE',  ( 81.99999999999998579, 11.00000000000000888, -16.99999999999999645 ) ) ;
#2216 = DIRECTION ( 'NONE',  ( -0.000000000000000000, -0.000000000000000000, -1.000000000000000000 ) ) ;
#2217 = EDGE_CURVE ( 'NONE', #196, #569, #2524, .T. ) ;
#2218 = ORIENTED_EDGE ( 'NONE', *, *, #1829, .T. ) ;
#2219 = CARTESIAN_POINT ( 'NONE',  ( 1.451022859147289025E-16, 10.00000000000000000, 2.585786437626905077 ) ) ;
#2220 = EDGE_CURVE ( 'NONE', #2113, #1712, #2427, .T. ) ;
#2221 = DIRECTION ( 'NONE',  ( -6.086749038515111812E-17, 1.000000000000000000, 0.000000000000000000 ) ) ;
#2222 = DIRECTION ( 'NONE',  ( -1.000000000000000000, -0.000000000000000000, -0.000000000000000000 ) ) ;
#2223 = ORIENTED_EDGE ( 'NONE', *, *, #968, .F. ) ;
#2224 = CARTESIAN_POINT ( 'NONE',  ( 97.62500000000000000, 3.849999999999999645, 2.000000000000009770 ) ) ;
#2225 = AXIS2_PLACEMENT_3D ( 'NONE', #939, #2521, #757 ) ;
#2226 = CIRCLE ( 'NONE', #1497, 1.625000000000001332 ) ;
#2227 = ORIENTED_EDGE ( 'NONE', *, *, #1520, .T. ) ;
#2228 = AXIS2_PLACEMENT_3D ( 'NONE', #728, #528, #1321 ) ;
#2229 = CARTESIAN_POINT ( 'NONE',  ( 92.00000000000000000, 25.59999999999999076, 2.000000000000000000 ) ) ;
#2230 = CARTESIAN_POINT ( 'NONE',  ( 173.0000000000000284, 5.000000000000000000, -3.000000000000000000 ) ) ;
#2231 = VECTOR ( 'NONE', #2285, 1000.000000000000000 ) ;
#2232 = ORIENTED_EDGE ( 'NONE', *, *, #1581, .T. ) ;
#2233 = CARTESIAN_POINT ( 'NONE',  ( -3.000000000000000000, 9.999999999999998224, 2.585786437626905077 ) ) ;
#2234 = ADVANCED_FACE ( 'NONE', ( #2384 ), #226, .T. ) ;
#2235 = EDGE_CURVE ( 'NONE', #2087, #2402, #1861, .T. ) ;
#2236 = CARTESIAN_POINT ( 'NONE',  ( 64.00000000000000000, 3.849999999999999645, 3.000000000000000000 ) ) ;
#2237 = CARTESIAN_POINT ( 'NONE',  ( 174.0000000000000284, 1.540743955509788682E-30, 2.000000000000000000 ) ) ;
#2238 = ORIENTED_EDGE ( 'NONE', *, *, #546, .F. ) ;
#2239 = ORIENTED_EDGE ( 'NONE', *, *, #1423, .F. ) ;
#2240 = DIRECTION ( 'NONE',  ( -0.000000000000000000, -1.000000000000000000, 0.000000000000000000 ) ) ;
#2241 = DIRECTION ( 'NONE',  ( -1.000000000000000000, 0.000000000000000000, 0.000000000000000000 ) ) ;
#2242 = EDGE_LOOP ( 'NONE', ( #2422, #26, #1318, #2179, #118 ) ) ;
#2243 = VERTEX_POINT ( 'NONE', #1451 ) ;
#2244 = DIRECTION ( 'NONE',  ( 0.000000000000000000, -0.000000000000000000, -1.000000000000000000 ) ) ;
#2245 = CYLINDRICAL_SURFACE ( 'NONE', #1824, 1.500000000000004885 ) ;
#2246 = EDGE_CURVE ( 'NONE', #1746, #171, #2010, .T. ) ;
#2247 = DIRECTION ( 'NONE',  ( 0.000000000000000000, 0.000000000000000000, -1.000000000000000000 ) ) ;
#2248 = ORIENTED_EDGE ( 'NONE', *, *, #436, .F. ) ;
#2249 = PRODUCT_DEFINITION_SHAPE ( 'NONE', 'NONE',  #635 ) ;
#2250 = EDGE_CURVE ( 'NONE', #755, #976, #2412, .T. ) ;
#2251 = EDGE_CURVE ( 'NONE', #1796, #2551, #803, .T. ) ;
#2252 = ORIENTED_EDGE ( 'NONE', *, *, #1799, .T. ) ;
#2253 = CARTESIAN_POINT ( 'NONE',  ( 88.00000000000000000, 18.59999999999999076, -2.000000000000000000 ) ) ;
#2254 = CARTESIAN_POINT ( 'NONE',  ( 97.62500000000000000, 3.849999999999999645, 3.000000000000000000 ) ) ;
#2255 = LINE ( 'NONE', #1492, #1289 ) ;
#2256 = VERTEX_POINT ( 'NONE', #1986 ) ;
#2257 = DIRECTION ( 'NONE',  ( 5.782411586589360597E-16, -1.000000000000000000, 0.000000000000000000 ) ) ;
#2258 = LINE ( 'NONE', #1126, #299 ) ;
#2259 = CARTESIAN_POINT ( 'NONE',  ( 92.00000000000000000, 25.59999999999999076, -12.00000000000000000 ) ) ;
#2260 = DIRECTION ( 'NONE',  ( 1.000000000000000000, 0.000000000000000000, 0.000000000000000000 ) ) ;
#2261 = ORIENTED_EDGE ( 'NONE', *, *, #468, .F. ) ;
#2262 = EDGE_CURVE ( 'NONE', #2182, #2039, #210, .T. ) ;
#2263 = ORIENTED_EDGE ( 'NONE', *, *, #931, .T. ) ;
#2264 = DIRECTION ( 'NONE',  ( 0.000000000000000000, 0.000000000000000000, -1.000000000000000000 ) ) ;
#2265 = DIRECTION ( 'NONE',  ( 0.000000000000000000, 1.000000000000000000, 0.000000000000000000 ) ) ;
#2266 = AXIS2_PLACEMENT_3D ( 'NONE', #568, #1365, #1199 ) ;
#2267 = ORIENTED_EDGE ( 'NONE', *, *, #251, .T. ) ;
#2268 = FACE_OUTER_BOUND ( 'NONE', #2242, .T. ) ;
#2269 = DIRECTION ( 'NONE',  ( 0.7071067811865570096, 8.659560562354816994E-17, 0.7071067811865379138 ) ) ;
#2270 = AXIS2_PLACEMENT_3D ( 'NONE', #1345, #1762, #185 ) ;
#2271 = PRODUCT ( 'Slider track full part', 'Slider track full part', '', ( #1181 ) ) ;
#2272 = LOCAL_TIME ( 13, 55, 27.00000000000000000, #1397 ) ;
#2273 = DIRECTION ( 'NONE',  ( 0.000000000000000000, 0.000000000000000000, 1.000000000000000000 ) ) ;
#2274 = DIRECTION ( 'NONE',  ( 0.000000000000000000, 0.000000000000000000, 1.000000000000000000 ) ) ;
#2275 = ORIENTED_EDGE ( 'NONE', *, *, #1253, .T. ) ;
#2276 = ORIENTED_EDGE ( 'NONE', *, *, #1705, .F. ) ;
#2277 = LINE ( 'NONE', #1680, #303 ) ;
#2278 = DIRECTION ( 'NONE',  ( 1.000000000000000000, 0.000000000000000000, 0.000000000000000000 ) ) ;
#2279 = CARTESIAN_POINT ( 'NONE',  ( 20.00000000000000000, 7.099999999999999645, 0.000000000000000000 ) ) ;
#2280 = ADVANCED_FACE ( 'NONE', ( #843 ), #672, .F. ) ;
#2281 = VERTEX_POINT ( 'NONE', #2150 ) ;
#2282 = CARTESIAN_POINT ( 'NONE',  ( 80.49999999999998579, 2.999999999999987121, -16.99999999999999645 ) ) ;
#2283 = DIRECTION ( 'NONE',  ( -1.000000000000000000, 0.000000000000000000, 0.000000000000000000 ) ) ;
#2284 = VECTOR ( 'NONE', #1624, 1000.000000000000000 ) ;
#2285 = DIRECTION ( 'NONE',  ( -0.7071067811865456854, 8.659560562354910671E-17, 0.7071067811865493491 ) ) ;
#2286 = DIRECTION ( 'NONE',  ( 0.000000000000000000, 0.000000000000000000, -1.000000000000000000 ) ) ;
#2287 = ORIENTED_EDGE ( 'NONE', *, *, #28, .T. ) ;
#2288 = ORIENTED_EDGE ( 'NONE', *, *, #1265, .T. ) ;
#2289 = DIRECTION ( 'NONE',  ( 0.000000000000000000, 0.000000000000000000, 1.000000000000000000 ) ) ;
#2290 = CARTESIAN_POINT ( 'NONE',  ( 20.00000000000000000, 13.99999999999998757, 2.000000000000000000 ) ) ;
#2291 = EDGE_LOOP ( 'NONE', ( #1919, #498, #772, #183 ) ) ;
#2292 = DIRECTION ( 'NONE',  ( 0.000000000000000000, 0.000000000000000000, 1.000000000000000000 ) ) ;
#2293 = CARTESIAN_POINT ( 'NONE',  ( 66.49999999999997158, 3.849999999999999645, 3.000000000000000000 ) ) ;
#2294 = ADVANCED_FACE ( 'NONE', ( #404 ), #625, .F. ) ;
#2295 = DIRECTION ( 'NONE',  ( 0.000000000000000000, 0.000000000000000000, -1.000000000000000000 ) ) ;
#2296 = ADVANCED_FACE ( 'NONE', ( #2135, #1382 ), #612, .F. ) ;
#2297 = DIRECTION ( 'NONE',  ( 0.7071067811865332509, 0.000000000000000000, 0.7071067811865617836 ) ) ;
#2298 = VERTEX_POINT ( 'NONE', #352 ) ;
#2299 = ORIENTED_EDGE ( 'NONE', *, *, #48, .F. ) ;
#2300 = CARTESIAN_POINT ( 'NONE',  ( 92.00000000000000000, 25.59999999999999076, 0.000000000000000000 ) ) ;
#2301 = FACE_BOUND ( 'NONE', #1452, .T. ) ;
#2302 = ORIENTED_EDGE ( 'NONE', *, *, #2057, .F. ) ;
#2303 = PLANE ( 'NONE',  #1349 ) ;
#2304 = CARTESIAN_POINT ( 'NONE',  ( 80.49999999999998579, 11.00000000000000888, -16.99999999999999645 ) ) ;
#2305 = VECTOR ( 'NONE', #634, 1000.000000000000000 ) ;
#2306 = CARTESIAN_POINT ( 'NONE',  ( -8.886653596232056663E-16, 14.59999999999998721, 2.000000000000000000 ) ) ;
#2307 = VECTOR ( 'NONE', #80, 1000.000000000000000 ) ;
#2308 = CARTESIAN_POINT ( 'NONE',  ( 170.0000000000000000, 9.999999999999998224, 0.000000000000000000 ) ) ;
#2309 = AXIS2_PLACEMENT_3D ( 'NONE', #1616, #2221, #1653 ) ;
#2310 = EDGE_CURVE ( 'NONE', #1093, #1336, #579, .T. ) ;
#2311 = ORIENTED_EDGE ( 'NONE', *, *, #1062, .F. ) ;
#2312 = ORIENTED_EDGE ( 'NONE', *, *, #2016, .F. ) ;
#2313 = DIRECTION ( 'NONE',  ( -1.000000000000000000, -6.086749038515111812E-17, 0.000000000000000000 ) ) ;
#2314 = ORIENTED_EDGE ( 'NONE', *, *, #997, .T. ) ;
#2315 = FACE_BOUND ( 'NONE', #1608, .T. ) ;
#2316 = DIRECTION ( 'NONE',  ( 1.000000000000000000, 0.000000000000000000, 0.000000000000000000 ) ) ;
#2317 = VECTOR ( 'NONE', #2040, 1000.000000000000000 ) ;
#2318 = VECTOR ( 'NONE', #1609, 1000.000000000000000 ) ;
#2319 = DIRECTION ( 'NONE',  ( -1.734723475976806848E-16, -1.000000000000000000, 0.000000000000000000 ) ) ;
#2320 = VECTOR ( 'NONE', #327, 1000.000000000000000 ) ;
#2321 = DIRECTION ( 'NONE',  ( -0.000000000000000000, -1.000000000000000000, -0.000000000000000000 ) ) ;
#2322 = EDGE_LOOP ( 'NONE', ( #1333, #1559, #1082, #1146 ) ) ;
#2323 = EDGE_CURVE ( 'NONE', #1540, #1851, #1734, .T. ) ;
#2324 = CIRCLE ( 'NONE', #1229, 1.500000000000000444 ) ;
#2325 = VERTEX_POINT ( 'NONE', #762 ) ;
#2326 = CARTESIAN_POINT ( 'NONE',  ( 80.49999999999998579, 9.999999999999989342, -16.99999999999999645 ) ) ;
#2327 = EDGE_CURVE ( 'NONE', #976, #340, #1554, .T. ) ;
#2328 = EDGE_CURVE ( 'NONE', #725, #2366, #2022, .T. ) ;
#2329 = ORIENTED_EDGE ( 'NONE', *, *, #650, .T. ) ;
#2330 = LINE ( 'NONE', #2358, #2371 ) ;
#2331 = VECTOR ( 'NONE', #901, 1000.000000000000000 ) ;
#2332 = DIRECTION ( 'NONE',  ( 0.000000000000000000, 0.000000000000000000, 1.000000000000000000 ) ) ;
#2333 = VERTEX_POINT ( 'NONE', #850 ) ;
#2334 = PLANE ( 'NONE',  #642 ) ;
#2335 = LINE ( 'NONE', #1018, #1286 ) ;
#2336 = ORIENTED_EDGE ( 'NONE', *, *, #963, .F. ) ;
#2337 = EDGE_LOOP ( 'NONE', ( #2394, #962 ) ) ;
#2338 = ADVANCED_FACE ( 'NONE', ( #1642 ), #2108, .F. ) ;
#2339 = DIRECTION ( 'NONE',  ( 1.000000000000000000, 0.000000000000000000, 0.000000000000000000 ) ) ;
#2340 = VERTEX_POINT ( 'NONE', #1217 ) ;
#2341 = EDGE_CURVE ( 'NONE', #262, #782, #1048, .T. ) ;
#2342 = FACE_OUTER_BOUND ( 'NONE', #1003, .T. ) ;
#2343 = PLANE ( 'NONE',  #244 ) ;
#2344 = VECTOR ( 'NONE', #2269, 1000.000000000000114 ) ;
#2345 = VERTEX_POINT ( 'NONE', #2042 ) ;
#2346 = AXIS2_PLACEMENT_3D ( 'NONE', #1891, #2110, #1129 ) ;
#2347 = CARTESIAN_POINT ( 'NONE',  ( 72.00000000000000000, 25.59999999999999076, 2.000000000000000000 ) ) ;
#2348 = VECTOR ( 'NONE', #806, 1000.000000000000000 ) ;
#2349 = AXIS2_PLACEMENT_3D ( 'NONE', #723, #1514, #2286 ) ;
#2350 = CARTESIAN_POINT ( 'NONE',  ( 92.00000000000000000, 12.99999999999999112, -12.00000000000000000 ) ) ;
#2351 = VECTOR ( 'NONE', #2457, 1000.000000000000000 ) ;
#2352 = ORIENTED_EDGE ( 'NONE', *, *, #1115, .F. ) ;
#2353 = LOCAL_TIME ( 13, 55, 27.00000000000000000, #2191 ) ;
#2354 = ORIENTED_EDGE ( 'NONE', *, *, #212, .F. ) ;
#2355 = PERSON_AND_ORGANIZATION ( #652, #504 ) ;
#2356 = LINE ( 'NONE', #136, #1170 ) ;
#2357 = VERTEX_POINT ( 'NONE', #2017 ) ;
#2358 = CARTESIAN_POINT ( 'NONE',  ( 149.0000000000000284, 0.000000000000000000, 3.000000000000000000 ) ) ;
#2359 = CARTESIAN_POINT ( 'NONE',  ( -5.782411586589361189E-15, 10.00000000000000000, 0.000000000000000000 ) ) ;
#2360 = ADVANCED_FACE ( 'NONE', ( #1263 ), #1996, .F. ) ;
#2361 = ORIENTED_EDGE ( 'NONE', *, *, #2065, .F. ) ;
#2362 = AXIS2_PLACEMENT_3D ( 'NONE', #2141, #1719, #2512 ) ;
#2363 = CARTESIAN_POINT ( 'NONE',  ( 0.000000000000000000, 0.000000000000000000, 3.000000000000000000 ) ) ;
#2364 = CARTESIAN_POINT ( 'NONE',  ( 20.00000000000000000, 13.99999999999998757, 0.000000000000000000 ) ) ;
#2365 = VECTOR ( 'NONE', #239, 1000.000000000000000 ) ;
#2366 = VERTEX_POINT ( 'NONE', #2450 ) ;
#2367 = AXIS2_PLACEMENT_3D ( 'NONE', #447, #2206, #438 ) ;
#2368 = ORIENTED_EDGE ( 'NONE', *, *, #1358, .T. ) ;
#2369 = VECTOR ( 'NONE', #418, 1000.000000000000000 ) ;
#2370 = DATE_AND_TIME ( #184, #628 ) ;
#2371 = VECTOR ( 'NONE', #1596, 1000.000000000000000 ) ;
#2372 = ORIENTED_EDGE ( 'NONE', *, *, #1295, .T. ) ;
#2373 = DIRECTION ( 'NONE',  ( 0.000000000000000000, -1.000000000000000000, 0.000000000000000000 ) ) ;
#2374 = DIRECTION ( 'NONE',  ( 1.851559150523183588E-64, 1.000000000000000000, 0.000000000000000000 ) ) ;
#2375 = ORIENTED_EDGE ( 'NONE', *, *, #1325, .T. ) ;
#2376 = EDGE_CURVE ( 'NONE', #2087, #1336, #57, .T. ) ;
#2377 = LINE ( 'NONE', #2403, #430 ) ;
#2378 = FACE_OUTER_BOUND ( 'NONE', #1764, .T. ) ;
#2379 = CARTESIAN_POINT ( 'NONE',  ( -3.000000000000000888, 5.000000000000000000, -5.500000000000010658 ) ) ;
#2380 = DIRECTION ( 'NONE',  ( 1.000000000000000000, 0.000000000000000000, 0.000000000000000000 ) ) ;
#2381 = ADVANCED_FACE ( 'NONE', ( #1803 ), #825, .T. ) ;
#2382 = VERTEX_POINT ( 'NONE', #2424 ) ;
#2383 = PERSON_AND_ORGANIZATION ( #652, #504 ) ;
#2384 = FACE_OUTER_BOUND ( 'NONE', #1644, .T. ) ;
#2385 = EDGE_LOOP ( 'NONE', ( #2102, #1446, #1153, #2125 ) ) ;
#2386 = DIRECTION ( 'NONE',  ( -1.000000000000000000, -4.082155997157841230E-16, 0.000000000000000000 ) ) ;
#2387 = FACE_OUTER_BOUND ( 'NONE', #1504, .T. ) ;
#2388 = VERTEX_POINT ( 'NONE', #1631 ) ;
#2389 = CARTESIAN_POINT ( 'NONE',  ( 1.000000000000000000, 14.59999999999998721, 2.000000000000000000 ) ) ;
#2390 = CARTESIAN_POINT ( 'NONE',  ( 33.50000000000000000, 3.849999999999999645, 1.999999999999968914 ) ) ;
#2391 = CARTESIAN_POINT ( 'NONE',  ( -3.000000000000000888, 5.000000000000000000, -0.4999999999999891753 ) ) ;
#2392 = EDGE_CURVE ( 'NONE', #1661, #1634, #271, .T. ) ;
#2393 = AXIS2_PLACEMENT_3D ( 'NONE', #1754, #2547, #335 ) ;
#2394 = ORIENTED_EDGE ( 'NONE', *, *, #2057, .T. ) ;
#2395 = DATE_TIME_ROLE ( 'classification_date' ) ;
#2396 = VECTOR ( 'NONE', #1946, 1000.000000000000000 ) ;
#2397 = CARTESIAN_POINT ( 'NONE',  ( 20.00000000000000000, 0.000000000000000000, 2.000000000000000000 ) ) ;
#2398 = CC_DESIGN_APPROVAL ( #442, ( #839 ) ) ;
#2399 = ORIENTED_EDGE ( 'NONE', *, *, #1222, .F. ) ;
#2400 = CARTESIAN_POINT ( 'NONE',  ( 174.0000000000000284, 1.540743955509788682E-30, 3.000000000000000000 ) ) ;
#2401 = CARTESIAN_POINT ( 'NONE',  ( -9.495328500083569447E-16, 15.59999999999998899, 0.000000000000000000 ) ) ;
#2402 = VERTEX_POINT ( 'NONE', #246 ) ;
#2403 = CARTESIAN_POINT ( 'NONE',  ( 72.00000000000000000, 12.99999999999999112, -22.00000000000000000 ) ) ;
#2404 = ADVANCED_BREP_SHAPE_REPRESENTATION ( 'Slider track full part', ( #1914, #420 ), #1736 ) ;
#2405 = VECTOR ( 'NONE', #1185, 1000.000000000000000 ) ;
#2406 = DIRECTION ( 'NONE',  ( 0.000000000000000000, -0.000000000000000000, 1.000000000000000000 ) ) ;
#2407 = CARTESIAN_POINT ( 'NONE',  ( 96.00000000000000000, 3.849999999999999645, 2.000000000000009770 ) ) ;
#2408 = EDGE_LOOP ( 'NONE', ( #238, #2497, #1343, #2329, #353 ) ) ;
#2409 = CALENDAR_DATE ( 2026, 13, 5 ) ;
#2410 = EDGE_CURVE ( 'NONE', #2113, #1477, #1049, .T. ) ;
#2411 = AXIS2_PLACEMENT_3D ( 'NONE', #1375, #2157, #1184 ) ;
#2412 = LINE ( 'NONE', #8, #1415 ) ;
#2413 = VECTOR ( 'NONE', #2088, 1000.000000000000000 ) ;
#2414 = VERTEX_POINT ( 'NONE', #1074 ) ;
#2415 = DIRECTION ( 'NONE',  ( 0.000000000000000000, 1.000000000000000000, 0.000000000000000000 ) ) ;
#2416 = CARTESIAN_POINT ( 'NONE',  ( 170.0000000000000000, 0.000000000000000000, 0.000000000000000000 ) ) ;
#2417 = EDGE_CURVE ( 'NONE', #1565, #2333, #1448, .T. ) ;
#2418 = ADVANCED_FACE ( 'NONE', ( #838 ), #866, .T. ) ;
#2419 = FACE_OUTER_BOUND ( 'NONE', #741, .T. ) ;
#2420 = VECTOR ( 'NONE', #950, 1000.000000000000000 ) ;
#2421 = VECTOR ( 'NONE', #138, 1000.000000000000000 ) ;
#2422 = ORIENTED_EDGE ( 'NONE', *, *, #1665, .F. ) ;
#2423 = DIRECTION ( 'NONE',  ( 0.000000000000000000, 0.000000000000000000, 1.000000000000000000 ) ) ;
#2424 = CARTESIAN_POINT ( 'NONE',  ( 81.99999999999998579, 12.99999999999999112, -20.50000000000000000 ) ) ;
#2425 = DIRECTION ( 'NONE',  ( 0.000000000000000000, 0.000000000000000000, 1.000000000000000000 ) ) ;
#2426 = EDGE_LOOP ( 'NONE', ( #795, #737 ) ) ;
#2427 = LINE ( 'NONE', #2224, #714 ) ;
#2428 = EDGE_CURVE ( 'NONE', #1834, #1221, #1254, .T. ) ;
#2429 = ORIENTED_EDGE ( 'NONE', *, *, #937, .T. ) ;
#2430 = CARTESIAN_POINT ( 'NONE',  ( 1.851559150523183318E-63, 9.999999999999998224, -10.00000000000000000 ) ) ;
#2431 = DIRECTION ( 'NONE',  ( 1.000000000000000000, 6.086749038515111812E-17, 0.000000000000000000 ) ) ;
#2432 = CARTESIAN_POINT ( 'NONE',  ( 81.99999999999998579, 11.00000000000000888, -16.99999999999999645 ) ) ;
#2433 = EDGE_CURVE ( 'NONE', #2213, #2529, #1020, .T. ) ;
#2434 = DIRECTION ( 'NONE',  ( -1.000000000000000000, 0.000000000000000000, 0.000000000000000000 ) ) ;
#2435 = VERTEX_POINT ( 'NONE', #2391 ) ;
#2436 = FACE_OUTER_BOUND ( 'NONE', #816, .T. ) ;
#2437 = DIRECTION ( 'NONE',  ( 1.734723475976799452E-16, 1.000000000000000000, 0.000000000000000000 ) ) ;
#2438 = DIRECTION ( 'NONE',  ( -0.000000000000000000, -0.000000000000000000, 1.000000000000000000 ) ) ;
#2439 = CARTESIAN_POINT ( 'NONE',  ( 171.0000000000000000, 0.000000000000000000, 0.000000000000000000 ) ) ;
#2440 = ORIENTED_EDGE ( 'NONE', *, *, #2030, .F. ) ;
#2441 = AXIS2_PLACEMENT_3D ( 'NONE', #1481, #515, #279 ) ;
#2442 = ORIENTED_EDGE ( 'NONE', *, *, #1161, .F. ) ;
#2443 = AXIS2_PLACEMENT_3D ( 'NONE', #788, #933, #1715 ) ;
#2444 = CARTESIAN_POINT ( 'NONE',  ( 0.000000000000000000, 5.000000000000000000, -3.000000000000000000 ) ) ;
#2445 = LINE ( 'NONE', #474, #1207 ) ;
#2446 = ORIENTED_EDGE ( 'NONE', *, *, #790, .T. ) ;
#2447 = VERTEX_POINT ( 'NONE', #626 ) ;
#2448 = FACE_OUTER_BOUND ( 'NONE', #1310, .T. ) ;
#2449 = EDGE_CURVE ( 'NONE', #548, #2208, #919, .T. ) ;
#2450 = CARTESIAN_POINT ( 'NONE',  ( 173.0000000000000284, 0.000000000000000000, 3.000000000000000000 ) ) ;
#2451 = EDGE_CURVE ( 'NONE', #2402, #1093, #259, .T. ) ;
#2452 = DIRECTION ( 'NONE',  ( 0.000000000000000000, -0.000000000000000000, -1.000000000000000000 ) ) ;
#2453 = VERTEX_POINT ( 'NONE', #443 ) ;
#2454 = VERTEX_POINT ( 'NONE', #453 ) ;
#2455 = CARTESIAN_POINT ( 'NONE',  ( 92.00000000000000000, 20.59999999999999076, -12.00000000000000000 ) ) ;
#2456 = LINE ( 'NONE', #2254, #454 ) ;
#2457 = DIRECTION ( 'NONE',  ( 1.000000000000000000, 0.000000000000000000, 0.000000000000000000 ) ) ;
#2458 = CIRCLE ( 'NONE', #1556, 1.625000000000001332 ) ;
#2459 = EDGE_LOOP ( 'NONE', ( #1190, #2446, #1701, #820 ) ) ;
#2460 = DIRECTION ( 'NONE',  ( -7.945298363252550326E-17, 1.000000000000000000, 0.000000000000000000 ) ) ;
#2461 = AXIS2_PLACEMENT_3D ( 'NONE', #2498, #1337, #2103 ) ;
#2462 = CARTESIAN_POINT ( 'NONE',  ( 65.50000000000000000, 3.849999999999999645, 3.000000000000000000 ) ) ;
#2463 =( BOUNDED_CURVE ( )  B_SPLINE_CURVE ( 3, ( #1459, #2233, #1261, #269 ),
 .UNSPECIFIED., .F., .F. ) 
 B_SPLINE_CURVE_WITH_KNOTS ( ( 4, 4 ),
 ( 0.000000000000000000, 1.570796326794896558 ),
 .UNSPECIFIED. ) 
 CURVE ( )  GEOMETRIC_REPRESENTATION_ITEM ( )  RATIONAL_B_SPLINE_CURVE ( ( 1.000000000000000000, 0.8047378541243649375, 0.8047378541243649375, 1.000000000000000000 ) ) 
 REPRESENTATION_ITEM ( '' )  );
#2464 = ADVANCED_FACE ( 'NONE', ( #1240 ), #2031, .T. ) ;
#2465 = LINE ( 'NONE', #492, #1544 ) ;
#2466 = DIRECTION ( 'NONE',  ( -0.000000000000000000, 0.000000000000000000, -1.000000000000000000 ) ) ;
#2467 = ORIENTED_EDGE ( 'NONE', *, *, #573, .F. ) ;
#2468 = APPROVAL ( #1193, 'UNSPECIFIED' ) ;
#2469 = ORIENTED_EDGE ( 'NONE', *, *, #1204, .T. ) ;
#2470 = CARTESIAN_POINT ( 'NONE',  ( 83.49999999999998579, 9.999999999999989342, -16.99999999999999645 ) ) ;
#2471 = DIRECTION ( 'NONE',  ( 1.000000000000000000, 6.086749038515111812E-17, 0.000000000000000000 ) ) ;
#2472 = ORIENTED_EDGE ( 'NONE', *, *, #2376, .T. ) ;
#2473 = LINE ( 'NONE', #552, #978 ) ;
#2474 = CARTESIAN_POINT ( 'NONE',  ( 173.0000000000000284, 5.000000000000000000, -1.499999999999999334 ) ) ;
#2475 = DIRECTION ( 'NONE',  ( -1.000000000000000000, 0.000000000000000000, 0.000000000000000000 ) ) ;
#2476 = CARTESIAN_POINT ( 'NONE',  ( 173.0000000000000284, 1.540743955509788682E-30, -10.00000000000000000 ) ) ;
#2477 = ORIENTED_EDGE ( 'NONE', *, *, #1586, .F. ) ;
#2478 = EDGE_CURVE ( 'NONE', #535, #2256, #1485, .T. ) ;
#2479 = ORIENTED_EDGE ( 'NONE', *, *, #744, .F. ) ;
#2480 = DIRECTION ( 'NONE',  ( 1.000000000000000000, 0.000000000000000000, 0.000000000000000000 ) ) ;
#2481 = DIRECTION ( 'NONE',  ( 1.000000000000000000, 0.000000000000000000, 0.000000000000000000 ) ) ;
#2482 = CARTESIAN_POINT ( 'NONE',  ( 0.000000000000000000, 0.000000000000000000, 2.000000000000000000 ) ) ;
#2483 = CIRCLE ( 'NONE', #1698, 2.499999999999974243 ) ;
#2484 = ORIENTED_EDGE ( 'NONE', *, *, #1067, .T. ) ;
#2485 = FACE_OUTER_BOUND ( 'NONE', #1363, .T. ) ;
#2486 = CARTESIAN_POINT ( 'NONE',  ( -9.834652777191333781E-16, 11.99999999999998579, 3.000000000000000000 ) ) ;
#2487 = PRODUCT_DEFINITION_FORMATION_WITH_SPECIFIED_SOURCE ( 'ANY', '', #2271, .NOT_KNOWN. ) ;
#2488 = CYLINDRICAL_SURFACE ( 'NONE', #2349, 1.000000000000000000 ) ;
#2489 = ORIENTED_EDGE ( 'NONE', *, *, #2126, .T. ) ;
#2490 = EDGE_LOOP ( 'NONE', ( #2440, #2134, #372, #1133, #2516 ) ) ;
#2491 = ADVANCED_FACE ( 'NONE', ( #533 ), #1276, .F. ) ;
#2492 = CARTESIAN_POINT ( 'NONE',  ( 62.50000000000000000, 3.849999999999999645, 1.999999999999989564 ) ) ;
#2493 = DIRECTION ( 'NONE',  ( 0.000000000000000000, -0.000000000000000000, -1.000000000000000000 ) ) ;
#2494 = CARTESIAN_POINT ( 'NONE',  ( 1.000000000000000000, 14.59999999999998721, 0.000000000000000000 ) ) ;
#2495 = AXIS2_PLACEMENT_3D ( 'NONE', #2079, #1496, #2052 ) ;
#2496 = VECTOR ( 'NONE', #1792, 1000.000000000000000 ) ;
#2497 = ORIENTED_EDGE ( 'NONE', *, *, #483, .F. ) ;
#2498 = CARTESIAN_POINT ( 'NONE',  ( 0.000000000000000000, 7.099999999999999645, 2.000000000000000000 ) ) ;
#2499 = EDGE_CURVE ( 'NONE', #133, #604, #2107, .T. ) ;
#2500 = CARTESIAN_POINT ( 'NONE',  ( 94.37500000000000000, 3.849999999999999645, 2.000000000000009770 ) ) ;
#2501 = VECTOR ( 'NONE', #2043, 1000.000000000000000 ) ;
#2502 = VECTOR ( 'NONE', #1846, 1000.000000000000000 ) ;
#2503 = CARTESIAN_POINT ( 'NONE',  ( 32.00000000000000000, 3.849999999999999645, 3.000000000000000000 ) ) ;
#2504 = VECTOR ( 'NONE', #1394, 1000.000000000000000 ) ;
#2505 = DIRECTION ( 'NONE',  ( 0.000000000000000000, -1.000000000000000000, 0.000000000000000000 ) ) ;
#2506 = EDGE_LOOP ( 'NONE', ( #2261, #71, #68, #1858 ) ) ;
#2507 = VERTEX_POINT ( 'NONE', #308 ) ;
#2508 = LINE ( 'NONE', #537, #851 ) ;
#2509 = FACE_OUTER_BOUND ( 'NONE', #1194, .T. ) ;
#2510 = VERTEX_POINT ( 'NONE', #1326 ) ;
#2511 = CARTESIAN_POINT ( 'NONE',  ( 94.37500000000000000, 3.849999999999999645, 3.000000000000000000 ) ) ;
#2512 = DIRECTION ( 'NONE',  ( -1.000000000000000000, 0.000000000000000000, 0.000000000000000000 ) ) ;
#2513 = EDGE_CURVE ( 'NONE', #2340, #156, #881, .T. ) ;
#2514 = DIRECTION ( 'NONE',  ( 0.000000000000000000, 0.000000000000000000, -1.000000000000000000 ) ) ;
#2515 = DIRECTION ( 'NONE',  ( -0.000000000000000000, -0.000000000000000000, -1.000000000000000000 ) ) ;
#2516 = ORIENTED_EDGE ( 'NONE', *, *, #1686, .F. ) ;
#2517 = VERTEX_POINT ( 'NONE', #129 ) ;
#2518 = DIRECTION ( 'NONE',  ( 5.782411586589351722E-16, -1.000000000000000000, -0.000000000000000000 ) ) ;
#2519 = ORIENTED_EDGE ( 'NONE', *, *, #1062, .T. ) ;
#2520 = CARTESIAN_POINT ( 'NONE',  ( 1.000000000000000000, -1.851559150523183588E-64, 2.000000000000000000 ) ) ;
#2521 = DIRECTION ( 'NONE',  ( 0.000000000000000000, 1.000000000000000000, 0.000000000000000000 ) ) ;
#2522 = ADVANCED_FACE ( 'NONE', ( #1525 ), #1140, .T. ) ;
#2523 = DIRECTION ( 'NONE',  ( 0.000000000000000000, -0.000000000000000000, 1.000000000000000000 ) ) ;
#2524 = CIRCLE ( 'NONE', #85, 1.500000000000001332 ) ;
#2525 = CARTESIAN_POINT ( 'NONE',  ( 34.50000000000002842, 3.849999999999999645, 3.000000000000000000 ) ) ;
#2526 = ORIENTED_EDGE ( 'NONE', *, *, #1189, .F. ) ;
#2527 = EDGE_CURVE ( 'NONE', #397, #2357, #2465, .T. ) ;
#2528 = ADVANCED_FACE ( 'NONE', ( #941 ), #1418, .F. ) ;
#2529 = VERTEX_POINT ( 'NONE', #681 ) ;
#2530 = FACE_BOUND ( 'NONE', #1120, .T. ) ;
#2531 = ORIENTED_EDGE ( 'NONE', *, *, #320, .T. ) ;
#2532 = LINE ( 'NONE', #791, #2119 ) ;
#2533 = CARTESIAN_POINT ( 'NONE',  ( 125.5000000000000284, 3.849999999999999645, 3.000000000000000000 ) ) ;
#2534 = VERTEX_POINT ( 'NONE', #1300 ) ;
#2535 = VECTOR ( 'NONE', #65, 1000.000000000000000 ) ;
#2536 = CARTESIAN_POINT ( 'NONE',  ( 0.000000000000000000, 0.000000000000000000, -10.00000000000000000 ) ) ;
#2537 = ADVANCED_FACE ( 'NONE', ( #903 ), #1890, .F. ) ;
#2538 = CIRCLE ( 'NONE', #1594, 1.000000000000000000 ) ;
#2539 = LINE ( 'NONE', #1968, #330 ) ;
#2540 = EDGE_LOOP ( 'NONE', ( #1688, #2276, #1908, #1256 ) ) ;
#2541 = VECTOR ( 'NONE', #318, 1000.000000000000000 ) ;
#2542 = AXIS2_PLACEMENT_3D ( 'NONE', #2389, #2183, #2423 ) ;
#2543 = ORIENTED_EDGE ( 'NONE', *, *, #1541, .F. ) ;
#2544 = FACE_BOUND ( 'NONE', #804, .T. ) ;
#2545 = VERTEX_POINT ( 'NONE', #1474 ) ;
#2546 = DIRECTION ( 'NONE',  ( 0.000000000000000000, 0.000000000000000000, -1.000000000000000000 ) ) ;
#2547 = DIRECTION ( 'NONE',  ( 1.000000000000000000, -0.000000000000000000, 0.000000000000000000 ) ) ;
#2548 = ORIENTED_EDGE ( 'NONE', *, *, #2513, .T. ) ;
#2549 = CARTESIAN_POINT ( 'NONE',  ( -3.000000000000001776, -1.224646799147353256E-15, 3.000000000000000000 ) ) ;
#2550 = DIRECTION ( 'NONE',  ( 0.000000000000000000, 0.000000000000000000, -1.000000000000000000 ) ) ;
#2551 = VERTEX_POINT ( 'NONE', #1315 ) ;
#2552 = ORIENTED_EDGE ( 'NONE', *, *, #613, .F. ) ;
#2553 = SECURITY_CLASSIFICATION_LEVEL ( 'unclassified' ) ;
#2554 = ADVANCED_FACE ( 'NONE', ( #2069 ), #2245, .F. ) ;
#2555 = FACE_OUTER_BOUND ( 'NONE', #2385, .T. ) ;
#2556 = ORIENTED_EDGE ( 'NONE', *, *, #790, .F. ) ;
#2557 = CYLINDRICAL_SURFACE ( 'NONE', #601, 1.500000000000001332 ) ;
#2558 = CARTESIAN_POINT ( 'NONE',  ( 0.000000000000000000, 0.000000000000000000, -0.9999999999999991118 ) ) ;
#2559 = ORIENTED_EDGE ( 'NONE', *, *, #1716, .F. ) ;
#2560 = AXIS2_PLACEMENT_3D ( 'NONE', #2407, #1089, #2260 ) ;
ENDSEC;
END-ISO-10303-21;
